/*delete*/
DELETE FROM `creature` WHERE `guid` = '371957';
DELETE FROM `smart_scripts` WHERE `entryorguid` = '50262';
DELETE FROM `smart_scripts` WHERE `entryorguid` = '50266';

/*creature*/
replace into `creature` (`guid`, `id`, `map`, `zone`, `area`, `spawnMask`, `phaseMask`, `modelid`, `equipment_id`, `position_x`, `position_y`, `position_z`, `orientation`, `spawntimesecs`, `spawndist`, `currentwaypoint`, `curhealth`, `curmana`, `MovementType`, `npcflag`, `unit_flags`, `dynamicflags`, `walkmode`) values('34236','49022','0','4922','5140','1','1','0','0','-4946.84','-6704.55','15.0507','5.17334','120','0','0','0','0','0','0','0','0','0');
replace into `creature` (`guid`, `id`, `map`, `zone`, `area`, `spawnMask`, `phaseMask`, `modelid`, `equipment_id`, `position_x`, `position_y`, `position_z`, `orientation`, `spawntimesecs`, `spawndist`, `currentwaypoint`, `curhealth`, `curmana`, `MovementType`, `npcflag`, `unit_flags`, `dynamicflags`, `walkmode`) values('63904','49252','0','4922','5140','1','1','0','0','-4945.07','-6708.65','14.3121','2.52968','120','0','0','0','0','0','0','0','0','0');
replace into `creature` (`guid`, `id`, `map`, `zone`, `area`, `spawnMask`, `phaseMask`, `modelid`, `equipment_id`, `position_x`, `position_y`, `position_z`, `orientation`, `spawntimesecs`, `spawndist`, `currentwaypoint`, `curhealth`, `curmana`, `MovementType`, `npcflag`, `unit_flags`, `dynamicflags`, `walkmode`) values('17179','50300','0','4922','5140','1','1','0','0','-4934.390137','-6728.220215','33.454899','0','120','0','0','0','0','0','0','0','0','0');

/*creature_template*/
replace into `creature_template` (`entry`, `difficulty_entry_1`, `difficulty_entry_2`, `difficulty_entry_3`, `KillCredit1`, `KillCredit2`, `modelid1`, `modelid2`, `modelid3`, `modelid4`, `name`, `subname`, `IconName`, `gossip_menu_id`, `minlevel`, `maxlevel`, `exp`, `exp_unk`, `faction_A`, `faction_H`, `npcflag`, `speed_walk`, `speed_run`, `speed_swim`, `speed_fly`, `scale`, `rank`, `mindmg`, `maxdmg`, `dmgschool`, `attackpower`, `dmg_multiplier`, `baseattacktime`, `rangeattacktime`, `unit_class`, `unit_flags`, `unit_flags2`, `dynamicflags`, `family`, `trainer_type`, `trainer_spell`, `trainer_class`, `trainer_race`, `minrangedmg`, `maxrangedmg`, `rangedattackpower`, `type`, `type_flags`, `type_flags2`, `lootid`, `pickpocketloot`, `skinloot`, `resistance1`, `resistance2`, `resistance3`, `resistance4`, `resistance5`, `resistance6`, `spell1`, `spell2`, `spell3`, `spell4`, `spell5`, `spell6`, `spell7`, `spell8`, `PetSpellDataId`, `VehicleId`, `mingold`, `maxgold`, `AIName`, `currencyCount`, `currencyId`, `MovementType`, `InhabitType`, `HoverHeight`, `Health_mod`, `Mana_mod`, `Mana_mod_extra`, `Armor_mod`, `RacialLeader`, `questItem1`, `questItem2`, `questItem3`, `questItem4`, `questItem5`, `questItem6`, `movementId`, `RegenHealth`, `equipment_id`, `mechanic_immune_mask`, `flags_extra`, `ScriptName`, `WDBVerified`) values('49252','0','0','0','0','0','34116','0','0','0','Fargo Flintlocke','','','0','84','84','3','0','1078','1078','3','1','1.14286','1','1.14286','1','0','986.1','1316.7','0','1549','1','2000','2000','1','33536','2048','0','0','0','0','0','0','729.6','1037.4','204','7','0','0','0','0','0','0','0','0','0','0','0','0','0','0','0','0','0','0','0','0','0','15','33','SmartAI','','','0','3','1','1.5','1','1','1','0','0','0','0','0','0','0','0','1','0','0','0','','13623');

/*npc_spellclick_spells*/
replace into `npc_spellclick_spells` (`npc_entry`, `spell_id`, `cast_flags`, `user_type`) values('50262','93320','1','0');
replace into `npc_spellclick_spells` (`npc_entry`, `spell_id`, `cast_flags`, `user_type`) values('50266','46598','1','0');

/*creature_template_addon*/
INSERT INTO `creature_template_addon` (`entry`, `path_id`, `mount`, `bytes1`, `bytes2`, `emote`, `auras`) VALUES ('50262', '0', '0', '0', '0', '0', '52165');

/*smart_scripts*/
insert into `smart_scripts` (`entryorguid`, `source_type`, `id`, `link`, `event_type`, `event_phase_mask`, `event_chance`, `event_flags`, `event_param1`, `event_param2`, `event_param3`, `event_param4`, `action_type`, `action_param1`, `action_param2`, `action_param3`, `action_param4`, `action_param5`, `action_param6`, `target_type`, `target_param1`, `target_param2`, `target_param3`, `target_x`, `target_y`, `target_z`, `target_o`, `comment`) values('50262','0','0','1','64','0','100','0','0','0','0','0','72','0','0','0','0','0','0','7','0','0','0','0','0','0','0','Seaplane - Teleport');
insert into `smart_scripts` (`entryorguid`, `source_type`, `id`, `link`, `event_type`, `event_phase_mask`, `event_chance`, `event_flags`, `event_param1`, `event_param2`, `event_param3`, `event_param4`, `action_type`, `action_param1`, `action_param2`, `action_param3`, `action_param4`, `action_param5`, `action_param6`, `target_type`, `target_param1`, `target_param2`, `target_param3`, `target_x`, `target_y`, `target_z`, `target_o`, `comment`) values('50262','0','1','0','61','0','100','0','0','0','0','0','85','93320','4','0','0','0','0','7','0','0','0','0','0','0','0','Seaplane - Teleport');
insert into `smart_scripts` (`entryorguid`, `source_type`, `id`, `link`, `event_type`, `event_phase_mask`, `event_chance`, `event_flags`, `event_param1`, `event_param2`, `event_param3`, `event_param4`, `action_type`, `action_param1`, `action_param2`, `action_param3`, `action_param4`, `action_param5`, `action_param6`, `target_type`, `target_param1`, `target_param2`, `target_param3`, `target_x`, `target_y`, `target_z`, `target_o`, `comment`) values('50262','0','2','0','64','0','100','0','0','0','0','0','72','0','0','0','0','0','0','7','0','0','0','0','0','0','0','Seaplane - Teleport');
insert into `smart_scripts` (`entryorguid`, `source_type`, `id`, `link`, `event_type`, `event_phase_mask`, `event_chance`, `event_flags`, `event_param1`, `event_param2`, `event_param3`, `event_param4`, `action_type`, `action_param1`, `action_param2`, `action_param3`, `action_param4`, `action_param5`, `action_param6`, `target_type`, `target_param1`, `target_param2`, `target_param3`, `target_x`, `target_y`, `target_z`, `target_o`, `comment`) values('50266','0','0','0','27','0','100','513','0','0','0','0','64','1','0','0','0','0','0','7','0','0','0','0','0','0','0','Seaplane - On Fargo Boarded - Store Target');
insert into `smart_scripts` (`entryorguid`, `source_type`, `id`, `link`, `event_type`, `event_phase_mask`, `event_chance`, `event_flags`, `event_param1`, `event_param2`, `event_param3`, `event_param4`, `action_type`, `action_param1`, `action_param2`, `action_param3`, `action_param4`, `action_param5`, `action_param6`, `target_type`, `target_param1`, `target_param2`, `target_param3`, `target_x`, `target_y`, `target_z`, `target_o`, `comment`) values('50266','0','1','2','27','0','100','513','0','0','0','0','64','2','0','0','0','0','0','7','0','0','0','0','0','0','0','Seaplane - On Player Boarded - Store Target');
insert into `smart_scripts` (`entryorguid`, `source_type`, `id`, `link`, `event_type`, `event_phase_mask`, `event_chance`, `event_flags`, `event_param1`, `event_param2`, `event_param3`, `event_param4`, `action_type`, `action_param1`, `action_param2`, `action_param3`, `action_param4`, `action_param5`, `action_param6`, `target_type`, `target_param1`, `target_param2`, `target_param3`, `target_x`, `target_y`, `target_z`, `target_o`, `comment`) values('50266','0','2','0','61','0','100','512','0','0','0','0','53','1','5026600','0','0','0','0','1','0','0','0','0','0','0','0','Seaplane - On Player Boarded - Run Wp');
insert into `smart_scripts` (`entryorguid`, `source_type`, `id`, `link`, `event_type`, `event_phase_mask`, `event_chance`, `event_flags`, `event_param1`, `event_param2`, `event_param3`, `event_param4`, `action_type`, `action_param1`, `action_param2`, `action_param3`, `action_param4`, `action_param5`, `action_param6`, `target_type`, `target_param1`, `target_param2`, `target_param3`, `target_x`, `target_y`, `target_z`, `target_o`, `comment`) values('50266','0','3','0','40','0','100','513','36','5026600','0','0','75','93346','0','0','0','0','0','1','0','0','0','0','0','0','0','Seaplane - On WP Reached - Add Aura - After-marker-Burners');
insert into `smart_scripts` (`entryorguid`, `source_type`, `id`, `link`, `event_type`, `event_phase_mask`, `event_chance`, `event_flags`, `event_param1`, `event_param2`, `event_param3`, `event_param4`, `action_type`, `action_param1`, `action_param2`, `action_param3`, `action_param4`, `action_param5`, `action_param6`, `target_type`, `target_param1`, `target_param2`, `target_param3`, `target_x`, `target_y`, `target_z`, `target_o`, `comment`) values('50266','0','4','5','40','0','100','513','17','5026600','0','0','11','90109','2','0','0','0','0','1','0','0','0','0','0','0','0','Seaplane - On WP Reached - Cast - Explosion');
insert into `smart_scripts` (`entryorguid`, `source_type`, `id`, `link`, `event_type`, `event_phase_mask`, `event_chance`, `event_flags`, `event_param1`, `event_param2`, `event_param3`, `event_param4`, `action_type`, `action_param1`, `action_param2`, `action_param3`, `action_param4`, `action_param5`, `action_param6`, `target_type`, `target_param1`, `target_param2`, `target_param3`, `target_x`, `target_y`, `target_z`, `target_o`, `comment`) values('50266','0','5','0','61','0','100','513','0','0','0','0','11','87851','2','0','0','0','0','1','0','0','0','0','0','0','0','Seaplane - On WP Reached - Add Speed Aura');
insert into `smart_scripts` (`entryorguid`, `source_type`, `id`, `link`, `event_type`, `event_phase_mask`, `event_chance`, `event_flags`, `event_param1`, `event_param2`, `event_param3`, `event_param4`, `action_type`, `action_param1`, `action_param2`, `action_param3`, `action_param4`, `action_param5`, `action_param6`, `target_type`, `target_param1`, `target_param2`, `target_param3`, `target_x`, `target_y`, `target_z`, `target_o`, `comment`) values('50266','0','6','0','40','0','100','513','1','5026600','0','0','1','0','1','0','0','0','0','12','1','0','0','0','0','0','0','Seaplane - On WP Reached - Fargo Say');
insert into `smart_scripts` (`entryorguid`, `source_type`, `id`, `link`, `event_type`, `event_phase_mask`, `event_chance`, `event_flags`, `event_param1`, `event_param2`, `event_param3`, `event_param4`, `action_type`, `action_param1`, `action_param2`, `action_param3`, `action_param4`, `action_param5`, `action_param6`, `target_type`, `target_param1`, `target_param2`, `target_param3`, `target_x`, `target_y`, `target_z`, `target_o`, `comment`) values('50266','0','7','0','40','0','100','513','18','5026600','0','0','1','1','1','0','0','0','0','12','1','0','0','0','0','0','0','Seaplane - On WP Reached - Fargo Say');
insert into `smart_scripts` (`entryorguid`, `source_type`, `id`, `link`, `event_type`, `event_phase_mask`, `event_chance`, `event_flags`, `event_param1`, `event_param2`, `event_param3`, `event_param4`, `action_type`, `action_param1`, `action_param2`, `action_param3`, `action_param4`, `action_param5`, `action_param6`, `target_type`, `target_param1`, `target_param2`, `target_param3`, `target_x`, `target_y`, `target_z`, `target_o`, `comment`) values('50266','0','8','0','40','0','100','513','27','5026600','0','0','1','2','1','0','0','0','0','12','1','0','0','0','0','0','0','Seaplane - On WP Reached - Fargo Say');
insert into `smart_scripts` (`entryorguid`, `source_type`, `id`, `link`, `event_type`, `event_phase_mask`, `event_chance`, `event_flags`, `event_param1`, `event_param2`, `event_param3`, `event_param4`, `action_type`, `action_param1`, `action_param2`, `action_param3`, `action_param4`, `action_param5`, `action_param6`, `target_type`, `target_param1`, `target_param2`, `target_param3`, `target_x`, `target_y`, `target_z`, `target_o`, `comment`) values('50266','0','9','0','40','0','100','513','32','5026600','0','0','1','3','1','0','0','0','0','12','1','0','0','0','0','0','0','Seaplane - On WP Reached - Fargo Say');
insert into `smart_scripts` (`entryorguid`, `source_type`, `id`, `link`, `event_type`, `event_phase_mask`, `event_chance`, `event_flags`, `event_param1`, `event_param2`, `event_param3`, `event_param4`, `action_type`, `action_param1`, `action_param2`, `action_param3`, `action_param4`, `action_param5`, `action_param6`, `target_type`, `target_param1`, `target_param2`, `target_param3`, `target_x`, `target_y`, `target_z`, `target_o`, `comment`) values('50266','0','10','11','40','0','100','513','39','5026600','0','0','62','0','0','0','0','0','0','12','2','0','0','-4947.94','-6707.1','14.7208','5.84407','Seaplane - On WP Reached - Teleport');
insert into `smart_scripts` (`entryorguid`, `source_type`, `id`, `link`, `event_type`, `event_phase_mask`, `event_chance`, `event_flags`, `event_param1`, `event_param2`, `event_param3`, `event_param4`, `action_type`, `action_param1`, `action_param2`, `action_param3`, `action_param4`, `action_param5`, `action_param6`, `target_type`, `target_param1`, `target_param2`, `target_param3`, `target_x`, `target_y`, `target_z`, `target_o`, `comment`) values('50266','0','11','0','61','0','100','513','0','0','0','0','41','1','0','0','0','0','0','1','0','0','0','0','0','0','0','Seaplane - Despawn');
insert into `smart_scripts` (`entryorguid`, `source_type`, `id`, `link`, `event_type`, `event_phase_mask`, `event_chance`, `event_flags`, `event_param1`, `event_param2`, `event_param3`, `event_param4`, `action_type`, `action_param1`, `action_param2`, `action_param3`, `action_param4`, `action_param5`, `action_param6`, `target_type`, `target_param1`, `target_param2`, `target_param3`, `target_x`, `target_y`, `target_z`, `target_o`, `comment`) values('49252','0','0','0','10','0','100','0','1','5','3000','27000','1','0','0','0','0','0','0','1','0','0','0','0','0','0','0','');
