4.2
/*gamevent_npc*/
INSERT INTO `game_event_creature` (`eventEntry`, `guid`) VALUES ('126', '99654077');
INSERT INTO `game_event_creature` (`eventEntry`, `guid`) VALUES ('126', '99655742');
INSERT INTO `game_event_creature` (`eventEntry`, `guid`) VALUES ('126', '99654909');
INSERT INTO `game_event_creature` (`eventEntry`, `guid`) VALUES ('126', '99655741');
INSERT INTO `game_event_creature` (`eventEntry`, `guid`) VALUES ('126', '99656583');
INSERT INTO `game_event_creature` (`eventEntry`, `guid`) VALUES ('126', '99656581');
INSERT INTO `game_event_creature` (`eventEntry`, `guid`) VALUES ('126', '99656582');
INSERT INTO `game_event_creature` (`eventEntry`, `guid`) VALUES ('126', '9965657');
INSERT INTO `game_event_creature` (`eventEntry`, `guid`) VALUES ('126', '99656580');
INSERT INTO `game_event_creature` (`eventEntry`, `guid`) VALUES ('126', '99656579');
INSERT INTO `game_event_creature` (`eventEntry`, `guid`) VALUES ('126', '99656576');
INSERT INTO `game_event_creature` (`eventEntry`, `guid`) VALUES ('126', '179553');
INSERT INTO `game_event_creature` (`eventEntry`, `guid`) VALUES ('126', '99654077');
INSERT INTO `game_event_creature` (`eventEntry`, `guid`) VALUES ('126', '525995');


/*event*/
INSERT INTO `game_event` (`eventEntry`, `start_time`, `end_time`, `occurence`, `length`, `holiday`, `holidayStage`, `description`, `world_event`) VALUES ('126', '0000-00-00 00:00:00', '0000-00-00 00:00:00', '5184000', '2592000', '0', '0', 'Parche 4.2.2', '0');

/*npc*/
INSERT INTO `creature_template` (`entry`, `difficulty_entry_1`, `difficulty_entry_2`, `difficulty_entry_3`, `KillCredit1`, `KillCredit2`, `modelid1`, `modelid2`, `modelid3`, `modelid4`, `name`, `subname`, `IconName`, `gossip_menu_id`, `minlevel`, `maxlevel`, `exp`, `exp_unk`, `faction_A`, `faction_H`, `npcflag`, `speed_walk`, `speed_run`, `speed_swim`, `speed_fly`, `scale`, `rank`, `mindmg`, `maxdmg`, `dmgschool`, `attackpower`, `dmg_multiplier`, `baseattacktime`, `rangeattacktime`, `unit_class`, `unit_flags`, `unit_flags2`, `dynamicflags`, `family`, `trainer_type`, `trainer_spell`, `trainer_class`, `trainer_race`, `minrangedmg`, `maxrangedmg`, `rangedattackpower`, `type`, `type_flags`, `type_flags2`, `lootid`, `pickpocketloot`, `skinloot`, `resistance1`, `resistance2`, `resistance3`, `resistance4`, `resistance5`, `resistance6`, `spell1`, `spell2`, `spell3`, `spell4`, `spell5`, `spell6`, `spell7`, `spell8`, `PetSpellDataId`, `VehicleId`, `mingold`, `maxgold`, `AIName`, `MovementType`, `InhabitType`, `HoverHeight`, `Health_mod`, `Mana_mod`, `Mana_mod_extra`, `Armor_mod`, `RacialLeader`, `questItem1`, `questItem2`, `questItem3`, `questItem4`, `questItem5`, `questItem6`, `movementId`, `RegenHealth`, `equipment_id`, `mechanic_immune_mask`, `flags_extra`, `ScriptName`, `WDBVerified`) VALUES ('442465', '0', '0', '0', '0', '0', '33751', '0', '0', '0', 'Magatha Silverton', 'Justice Quartermaster', '', '0', '55', '55', '0', '0', '12', '12', '129', '1', '1.14286', '1', '1.14286', '1', '0', '112', '129.375', '0', '422', '0.65', '2000', '0', '8', '0', '2048', '2048', '0', '0', '0', '0', '0', '61.6', '95.625', '275', '7', '0', '0', '0', '0', '0', '0', '0', '0', '0', '0', '0', '0', '0', '0', '0', '0', '0', '0', '0', '0', '0', '0', '0', '', '0', '3', '1', '1', '1', '1', '1', '0', '0', '0', '0', '0', '0', '0', '0', '1', '0', '0', '0', '', '13623');
insert into `creature_template` (`entry`, `difficulty_entry_1`, `difficulty_entry_2`, `difficulty_entry_3`, `KillCredit1`, `KillCredit2`, `modelid1`, `modelid2`, `modelid3`, `modelid4`, `name`, `subname`, `IconName`, `gossip_menu_id`, `minlevel`, `maxlevel`, `exp`, `exp_unk`, `faction_a`, `faction_h`, `npcflag`, `speed_walk`, `speed_run`, `speed_swim`, `speed_fly`, `scale`, `rank`, `mindmg`, `maxdmg`, `dmgschool`, `attackpower`, `dmg_multiplier`, `baseattacktime`, `rangeattacktime`, `unit_class`, `unit_flags`, `unit_flags2`, `dynamicflags`, `family`, `trainer_type`, `trainer_spell`, `trainer_class`, `trainer_race`, `minrangedmg`, `maxrangedmg`, `rangedattackpower`, `type`, `type_flags`, `type_flags2`, `lootid`, `pickpocketloot`, `skinloot`, `resistance1`, `resistance2`, `resistance3`, `resistance4`, `resistance5`, `resistance6`, `spell1`, `spell2`, `spell3`, `spell4`, `spell5`, `spell6`, `spell7`, `spell8`, `PetSpellDataId`, `VehicleId`, `mingold`, `maxgold`, `AIName`, `MovementType`, `InhabitType`, `HoverHeight`, `Health_mod`, `Mana_mod`, `Mana_mod_extra`, `Armor_mod`, `RacialLeader`, `questItem1`, `questItem2`, `questItem3`, `questItem4`, `questItem5`, `questItem6`, `movementId`, `RegenHealth`, `equipment_id`, `mechanic_immune_mask`, `flags_extra`, `ScriptName`, `WDBVerified`, `ReactState`) values('442455','0','0','0','0','0','33750','0','0','0','Faldren Tillsdale','Valor Quartermaster','','0','55','55','0','0','12','12','131','1','1.14286','1','1.14286','1','0','112','129.375','0','422','0.65','2000','0','8','768','2048','0','0','0','0','0','0','61.6','95.625','275','7','0','0','0','0','0','0','0','0','0','0','0','0','0','0','0','0','0','0','0','0','0','0','0','','0','3','1','1','1','1','1','0','0','0','0','0','0','0','0','1','0','0','0','','13623','2');
INSERT INTO `creature_template` (`entry`, `difficulty_entry_1`, `difficulty_entry_2`, `difficulty_entry_3`, `KillCredit1`, `KillCredit2`, `modelid1`, `modelid2`, `modelid3`, `modelid4`, `name`, `subname`, `IconName`, `gossip_menu_id`, `minlevel`, `maxlevel`, `exp`, `exp_unk`, `faction_a`, `faction_h`, `npcflag`, `speed_walk`, `speed_run`, `speed_swim`, `speed_fly`, `scale`, `rank`, `mindmg`, `maxdmg`, `dmgschool`, `attackpower`, `dmg_multiplier`, `baseattacktime`, `rangeattacktime`, `unit_class`, `unit_flags`, `unit_flags2`, `dynamicflags`, `family`, `trainer_type`, `trainer_spell`, `trainer_class`, `trainer_race`, `minrangedmg`, `maxrangedmg`, `rangedattackpower`, `type`, `type_flags`, `type_flags2`, `lootid`, `pickpocketloot`, `skinloot`, `resistance1`, `resistance2`, `resistance3`, `resistance4`, `resistance5`, `resistance6`, `spell1`, `spell2`, `spell3`, `spell4`, `spell5`, `spell6`, `spell7`, `spell8`, `PetSpellDataId`, `VehicleId`, `mingold`, `maxgold`, `AIName`, `MovementType`, `InhabitType`, `HoverHeight`, `Health_mod`, `Mana_mod`, `Mana_mod_extra`, `Armor_mod`, `RacialLeader`, `questItem1`, `questItem2`, `questItem3`, `questItem4`, `questItem5`, `questItem6`, `movementId`, `RegenHealth`, `equipment_id`, `mechanic_immune_mask`, `flags_extra`, `ScriptName`, `WDBVerified`, `ReactState`) VALUES ('465555', '0', '0', '0', '0', '0', '35141', '0', '0', '0', 'Gunra', 'Justice Quartermaster', '', '0', '55', '55', '0', '0', '29', '29', '129', '1', '1.14286', '1', '1.14286', '1', '0', '112', '129.375', '0', '422', '0.65', '2000', '0', '1', '0', '2048', '2048', '0', '0', '0', '0', '0', '61.6', '95.625', '275', '7', '0', '0', '0', '0', '0', '0', '0', '0', '0', '0', '0', '0', '0', '0', '0', '0', '0', '0', '0', '0', '0', '0', '0', '', '0', '3', '1', '1', '1', '1', '1', '0', '0', '0', '0', '0', '0', '0', '0', '1', '46555', '0', '0', '', '13623', '2');
INSERT INTO `creature_template` (`entry`, `difficulty_entry_1`, `difficulty_entry_2`, `difficulty_entry_3`, `KillCredit1`, `KillCredit2`, `modelid1`, `modelid2`, `modelid3`, `modelid4`, `name`, `subname`, `IconName`, `gossip_menu_id`, `minlevel`, `maxlevel`, `exp`, `exp_unk`, `faction_a`, `faction_h`, `npcflag`, `speed_walk`, `speed_run`, `speed_swim`, `speed_fly`, `scale`, `rank`, `mindmg`, `maxdmg`, `dmgschool`, `attackpower`, `dmg_multiplier`, `baseattacktime`, `rangeattacktime`, `unit_class`, `unit_flags`, `unit_flags2`, `dynamicflags`, `family`, `trainer_type`, `trainer_spell`, `trainer_class`, `trainer_race`, `minrangedmg`, `maxrangedmg`, `rangedattackpower`, `type`, `type_flags`, `type_flags2`, `lootid`, `pickpocketloot`, `skinloot`, `resistance1`, `resistance2`, `resistance3`, `resistance4`, `resistance5`, `resistance6`, `spell1`, `spell2`, `spell3`, `spell4`, `spell5`, `spell6`, `spell7`, `spell8`, `PetSpellDataId`, `VehicleId`, `mingold`, `maxgold`, `AIName`, `MovementType`, `InhabitType`, `HoverHeight`, `Health_mod`, `Mana_mod`, `Mana_mod_extra`, `Armor_mod`, `RacialLeader`, `questItem1`, `questItem2`, `questItem3`, `questItem4`, `questItem5`, `questItem6`, `movementId`, `RegenHealth`, `equipment_id`, `mechanic_immune_mask`, `flags_extra`, `ScriptName`, `WDBVerified`, `ReactState`) VALUES ('465565', '0', '0', '0', '0', '0', '35140', '0', '0', '0', 'Jamus\'Vaz', 'Valor Quartermaster', '', '0', '55', '55', '0', '0', '29', '29', '129', '1', '1.14286', '1', '1.14286', '1', '0', '112', '129.375', '0', '422', '0.65', '2000', '0', '1', '0', '2048', '2048', '0', '0', '0', '0', '0', '61.6', '95.625', '275', '7', '0', '0', '0', '0', '0', '0', '0', '0', '0', '0', '0', '0', '0', '0', '0', '0', '0', '0', '0', '0', '0', '0', '0', '', '0', '3', '1', '1', '1', '1', '1', '0', '0', '0', '0', '0', '0', '0', '0', '1', '46556', '0', '0', '', '13623', '2');

/*creature_text*/
INSERT INTO `locales_creature` (`entry`, `name_loc1`, `name_loc2`, `name_loc3`, `name_loc4`, `name_loc5`, `name_loc6`, `name_loc7`, `name_loc8`, `subname_loc1`, `subname_loc2`, `subname_loc3`, `subname_loc4`, `subname_loc5`, `subname_loc6`, `subname_loc7`, `subname_loc8`) VALUES ('442455', '', 'Faldren Tillsdale', 'Faldren Tillsdale', '', '', 'Faldren Labravalle', 'Faldren Labravalle', '??????? ?????????', '', 'Intendant des emblèmes de vaillance', 'Rüstmeister für Tapferkeitspunkte', '', '', 'Intendente de valor', 'Intendente de valor', '??????? ?? ???? ????????');
INSERT INTO `locales_creature` (`entry`, `name_loc1`, `name_loc2`, `name_loc3`, `name_loc4`, `name_loc5`, `name_loc6`, `name_loc7`, `name_loc8`, `subname_loc1`, `subname_loc2`, `subname_loc3`, `subname_loc4`, `subname_loc5`, `subname_loc6`, `subname_loc7`, `subname_loc8`) VALUES ('442465', '', 'Magatha Argentel', 'Magatha Silverton', '', '', 'Magatha Toneplata', 'Magatha Toneplata', '?????? ?????????', '', 'Intendante de justice', 'Rüstmeisterin für Gerechtigkeitspunkte', '', '', 'Intendente de justicia', 'Intendente de justicia', '??????? ?? ???? ??????????????');
INSERT INTO `locales_creature` (`entry`, `name_loc1`, `name_loc2`, `name_loc3`, `name_loc4`, `name_loc5`, `name_loc6`, `name_loc7`, `name_loc8`, `subname_loc1`, `subname_loc2`, `subname_loc3`, `subname_loc4`, `subname_loc5`, `subname_loc6`, `subname_loc7`, `subname_loc8`) VALUES ('465555', '', 'Gunra', 'Gunra', '', '', 'Gunra', 'Gunra', '?????', '', 'Intendante de justice', 'Rüstmeisterin für Gerechtigkeitspunkte', '', '', 'Intendente de justicia', 'Intendente de justicia', '??????? ?? ???? ??????????????');
INSERT INTO `locales_creature` (`entry`, `name_loc1`, `name_loc2`, `name_loc3`, `name_loc4`, `name_loc5`, `name_loc6`, `name_loc7`, `name_loc8`, `subname_loc1`, `subname_loc2`, `subname_loc3`, `subname_loc4`, `subname_loc5`, `subname_loc6`, `subname_loc7`, `subname_loc8`) VALUES ('465565', '', 'Jamus\'Vaz', 'Jamus\'Vaz', '', '', 'Jamus\'Vaz', 'Jamus\'Vaz', '??????\'???', '', 'Intendant des emblèmes de vaillance', 'Rüstmeister für Tapferkeitspunkte', '', '', 'Intendente de valor', 'Intendente de valor', '??????? ?? ???? ????????');

/*creature*/
insert into `creature` (`guid`, `id`, `map`, `zone`, `area`, `spawnMask`, `phaseMask`, `modelid`, `equipment_id`, `position_x`, `position_y`, `position_z`, `orientation`, `spawntimesecs`, `spawndist`, `currentwaypoint`, `curhealth`, `curmana`, `MovementType`, `npcflag`, `unit_flags`, `dynamicflags`, `walkmode`, `saiscriptflag`) values('99654077','442455','0','1519','1519','1','1','0','0','-8799.98','349.335','109.218','3.68265','300','0','0','1830','5013','0','0','0','0','0','0');
insert into `creature` (`guid`, `id`, `map`, `zone`, `area`, `spawnMask`, `phaseMask`, `modelid`, `equipment_id`, `position_x`, `position_y`, `position_z`, `orientation`, `spawntimesecs`, `spawndist`, `currentwaypoint`, `curhealth`, `curmana`, `MovementType`, `npcflag`, `unit_flags`, `dynamicflags`, `walkmode`, `saiscriptflag`) values('99654909','442465','0','1519','1519','1','1','0','0','-8802.37','352.036','109.218','3.9619','120','0','0','1830','5013','0','0','0','0','0','0');
insert into `creature` (`guid`, `id`, `map`, `zone`, `area`, `spawnMask`, `phaseMask`, `modelid`, `equipment_id`, `position_x`, `position_y`, `position_z`, `orientation`, `spawntimesecs`, `spawndist`, `currentwaypoint`, `curhealth`, `curmana`, `MovementType`, `npcflag`, `unit_flags`, `dynamicflags`, `walkmode`, `saiscriptflag`) values('99655742','465555','1','1637','5356','1','1','0','46555','1653.34','-4348.73','64.6199','0.471239','120','0','0','2614','0','0','0','0','0','0','0');
insert into `creature` (`guid`, `id`, `map`, `zone`, `area`, `spawnMask`, `phaseMask`, `modelid`, `equipment_id`, `position_x`, `position_y`, `position_z`, `orientation`, `spawntimesecs`, `spawndist`, `currentwaypoint`, `curhealth`, `curmana`, `MovementType`, `npcflag`, `unit_flags`, `dynamicflags`, `walkmode`, `saiscriptflag`) values('99655741','465565','1','1637','5356','1','1','0','46556','1655.14','-4352.7','64.5366','0.517466','300','0','0','2614','0','0','0','0','0','0','0');
insert into `creature` (`guid`, `id`, `map`, `zone`, `area`, `spawnMask`, `phaseMask`, `modelid`, `equipment_id`, `position_x`, `position_y`, `position_z`, `orientation`, `spawntimesecs`, `spawndist`, `currentwaypoint`, `curhealth`, `curmana`, `MovementType`, `npcflag`, `unit_flags`, `dynamicflags`, `walkmode`, `saiscriptflag`) values('99656583','51256','0','1519','1519','1','3969','0','51256','-8771.67','422.591','103.922','3.74213','120','0','0','21270','0','0','0','0','0','0','0');
insert into `creature` (`guid`, `id`, `map`, `zone`, `area`, `spawnMask`, `phaseMask`, `modelid`, `equipment_id`, `position_x`, `position_y`, `position_z`, `orientation`, `spawntimesecs`, `spawndist`, `currentwaypoint`, `curhealth`, `curmana`, `MovementType`, `npcflag`, `unit_flags`, `dynamicflags`, `walkmode`, `saiscriptflag`) values('99656581','52545','0','1519','1519','1','1','0','0','-8775.98','424.457','105.316','4.79965','120','0','0','84','0','0','0','0','0','0','0');
insert into `creature` (`guid`, `id`, `map`, `zone`, `area`, `spawnMask`, `phaseMask`, `modelid`, `equipment_id`, `position_x`, `position_y`, `position_z`, `orientation`, `spawntimesecs`, `spawndist`, `currentwaypoint`, `curhealth`, `curmana`, `MovementType`, `npcflag`, `unit_flags`, `dynamicflags`, `walkmode`, `saiscriptflag`) values('99656582','52546','0','1519','1519','1','1','0','0','-8781.19','420.356','105.232','5.90462','120','0','0','11828','0','0','0','0','0','0','0');
insert into `creature` (`guid`, `id`, `map`, `zone`, `area`, `spawnMask`, `phaseMask`, `modelid`, `equipment_id`, `position_x`, `position_y`, `position_z`, `orientation`, `spawntimesecs`, `spawndist`, `currentwaypoint`, `curhealth`, `curmana`, `MovementType`, `npcflag`, `unit_flags`, `dynamicflags`, `walkmode`, `saiscriptflag`) values('99656576','46595','1','1637','1637','1','3969','0','46595','1671.62','-4168.74','56.2334','4.03678','300','0','0','7048','0','0','0','0','0','0','0');
insert into `creature` (`guid`, `id`, `map`, `zone`, `area`, `spawnMask`, `phaseMask`, `modelid`, `equipment_id`, `position_x`, `position_y`, `position_z`, `orientation`, `spawntimesecs`, `spawndist`, `currentwaypoint`, `curhealth`, `curmana`, `MovementType`, `npcflag`, `unit_flags`, `dynamicflags`, `walkmode`, `saiscriptflag`) values('99656580','52544','1','1637','1637','1','3969','0','0','1678.44','-4182.59','56.3195','3.27102','300','0','0','13972','0','0','0','0','0','0','0');
insert into `creature` (`guid`, `id`, `map`, `zone`, `area`, `spawnMask`, `phaseMask`, `modelid`, `equipment_id`, `position_x`, `position_y`, `position_z`, `orientation`, `spawntimesecs`, `spawndist`, `currentwaypoint`, `curhealth`, `curmana`, `MovementType`, `npcflag`, `unit_flags`, `dynamicflags`, `walkmode`, `saiscriptflag`) values('99656579','52549','1','1637','1637','1','3969','0','0','1677.33','-4176.02','56.3074','3.35348','300','0','0','21190','0','0','0','0','0','0','0');


/*item*/
insert into `npc_vendor` (`entry`, `slot`, `item`, `maxcount`, `incrtime`, `ExtendedCost`, `type`) values('442465','0','57913','0','0','3039','1');
insert into `npc_vendor` (`entry`, `slot`, `item`, `maxcount`, `incrtime`, `ExtendedCost`, `type`) values('442465','0','57914','0','0','3039','1');
insert into `npc_vendor` (`entry`, `slot`, `item`, `maxcount`, `incrtime`, `ExtendedCost`, `type`) values('442465','0','57915','0','0','3039','1');
insert into `npc_vendor` (`entry`, `slot`, `item`, `maxcount`, `incrtime`, `ExtendedCost`, `type`) values('442465','0','57916','0','0','3039','1');
insert into `npc_vendor` (`entry`, `slot`, `item`, `maxcount`, `incrtime`, `ExtendedCost`, `type`) values('442465','0','57917','0','0','3039','1');
insert into `npc_vendor` (`entry`, `slot`, `item`, `maxcount`, `incrtime`, `ExtendedCost`, `type`) values('442465','0','57918','0','0','3039','1');
insert into `npc_vendor` (`entry`, `slot`, `item`, `maxcount`, `incrtime`, `ExtendedCost`, `type`) values('442465','0','57919','0','0','3039','1');
insert into `npc_vendor` (`entry`, `slot`, `item`, `maxcount`, `incrtime`, `ExtendedCost`, `type`) values('442465','0','57921','0','0','3039','1');
insert into `npc_vendor` (`entry`, `slot`, `item`, `maxcount`, `incrtime`, `ExtendedCost`, `type`) values('442465','0','57922','0','0','3039','1');
insert into `npc_vendor` (`entry`, `slot`, `item`, `maxcount`, `incrtime`, `ExtendedCost`, `type`) values('442465','0','57923','0','0','3041','1');
insert into `npc_vendor` (`entry`, `slot`, `item`, `maxcount`, `incrtime`, `ExtendedCost`, `type`) values('442465','0','57924','0','0','3041','1');
insert into `npc_vendor` (`entry`, `slot`, `item`, `maxcount`, `incrtime`, `ExtendedCost`, `type`) values('442465','0','57925','0','0','3041','1');
insert into `npc_vendor` (`entry`, `slot`, `item`, `maxcount`, `incrtime`, `ExtendedCost`, `type`) values('442465','0','57926','0','0','3041','1');
insert into `npc_vendor` (`entry`, `slot`, `item`, `maxcount`, `incrtime`, `ExtendedCost`, `type`) values('442465','0','57927','0','0','3041','1');
insert into `npc_vendor` (`entry`, `slot`, `item`, `maxcount`, `incrtime`, `ExtendedCost`, `type`) values('442465','0','57928','0','0','3041','1');
insert into `npc_vendor` (`entry`, `slot`, `item`, `maxcount`, `incrtime`, `ExtendedCost`, `type`) values('442465','0','57929','0','0','3041','1');
insert into `npc_vendor` (`entry`, `slot`, `item`, `maxcount`, `incrtime`, `ExtendedCost`, `type`) values('442465','0','57930','0','0','3351','1');
insert into `npc_vendor` (`entry`, `slot`, `item`, `maxcount`, `incrtime`, `ExtendedCost`, `type`) values('442465','0','57931','0','0','3351','1');
insert into `npc_vendor` (`entry`, `slot`, `item`, `maxcount`, `incrtime`, `ExtendedCost`, `type`) values('442465','0','57932','0','0','3351','1');
insert into `npc_vendor` (`entry`, `slot`, `item`, `maxcount`, `incrtime`, `ExtendedCost`, `type`) values('442465','0','57933','0','0','3351','1');
insert into `npc_vendor` (`entry`, `slot`, `item`, `maxcount`, `incrtime`, `ExtendedCost`, `type`) values('442465','0','57934','0','0','3351','1');
insert into `npc_vendor` (`entry`, `slot`, `item`, `maxcount`, `incrtime`, `ExtendedCost`, `type`) values('442465','0','58096','0','0','3363','1');
insert into `npc_vendor` (`entry`, `slot`, `item`, `maxcount`, `incrtime`, `ExtendedCost`, `type`) values('442465','0','58097','0','0','3363','1');
insert into `npc_vendor` (`entry`, `slot`, `item`, `maxcount`, `incrtime`, `ExtendedCost`, `type`) values('442465','0','58098','0','0','3363','1');
insert into `npc_vendor` (`entry`, `slot`, `item`, `maxcount`, `incrtime`, `ExtendedCost`, `type`) values('442465','0','58099','0','0','3039','1');
insert into `npc_vendor` (`entry`, `slot`, `item`, `maxcount`, `incrtime`, `ExtendedCost`, `type`) values('442465','0','58100','0','0','3039','1');
insert into `npc_vendor` (`entry`, `slot`, `item`, `maxcount`, `incrtime`, `ExtendedCost`, `type`) values('442465','0','58101','0','0','3363','1');
insert into `npc_vendor` (`entry`, `slot`, `item`, `maxcount`, `incrtime`, `ExtendedCost`, `type`) values('442465','0','58102','0','0','3363','1');
insert into `npc_vendor` (`entry`, `slot`, `item`, `maxcount`, `incrtime`, `ExtendedCost`, `type`) values('442465','0','58103','0','0','3363','1');
insert into `npc_vendor` (`entry`, `slot`, `item`, `maxcount`, `incrtime`, `ExtendedCost`, `type`) values('442465','0','58104','0','0','3039','1');
insert into `npc_vendor` (`entry`, `slot`, `item`, `maxcount`, `incrtime`, `ExtendedCost`, `type`) values('442465','0','58105','0','0','3039','1');
insert into `npc_vendor` (`entry`, `slot`, `item`, `maxcount`, `incrtime`, `ExtendedCost`, `type`) values('442465','0','58106','0','0','3363','1');
insert into `npc_vendor` (`entry`, `slot`, `item`, `maxcount`, `incrtime`, `ExtendedCost`, `type`) values('442465','0','58107','0','0','3363','1');
insert into `npc_vendor` (`entry`, `slot`, `item`, `maxcount`, `incrtime`, `ExtendedCost`, `type`) values('442465','0','58108','0','0','3363','1');
insert into `npc_vendor` (`entry`, `slot`, `item`, `maxcount`, `incrtime`, `ExtendedCost`, `type`) values('442465','0','58109','0','0','3039','1');
insert into `npc_vendor` (`entry`, `slot`, `item`, `maxcount`, `incrtime`, `ExtendedCost`, `type`) values('442465','0','58110','0','0','3039','1');
insert into `npc_vendor` (`entry`, `slot`, `item`, `maxcount`, `incrtime`, `ExtendedCost`, `type`) values('442465','0','58121','0','0','3363','1');
insert into `npc_vendor` (`entry`, `slot`, `item`, `maxcount`, `incrtime`, `ExtendedCost`, `type`) values('442465','0','58122','0','0','3363','1');
insert into `npc_vendor` (`entry`, `slot`, `item`, `maxcount`, `incrtime`, `ExtendedCost`, `type`) values('442465','0','58123','0','0','3363','1');
insert into `npc_vendor` (`entry`, `slot`, `item`, `maxcount`, `incrtime`, `ExtendedCost`, `type`) values('442465','0','58124','0','0','3039','1');
insert into `npc_vendor` (`entry`, `slot`, `item`, `maxcount`, `incrtime`, `ExtendedCost`, `type`) values('442465','0','58125','0','0','3039','1');
insert into `npc_vendor` (`entry`, `slot`, `item`, `maxcount`, `incrtime`, `ExtendedCost`, `type`) values('442465','0','58126','0','0','3363','1');
insert into `npc_vendor` (`entry`, `slot`, `item`, `maxcount`, `incrtime`, `ExtendedCost`, `type`) values('442465','0','58127','0','0','3363','1');
insert into `npc_vendor` (`entry`, `slot`, `item`, `maxcount`, `incrtime`, `ExtendedCost`, `type`) values('442465','0','58128','0','0','3363','1');
insert into `npc_vendor` (`entry`, `slot`, `item`, `maxcount`, `incrtime`, `ExtendedCost`, `type`) values('442465','0','58129','0','0','3039','1');
insert into `npc_vendor` (`entry`, `slot`, `item`, `maxcount`, `incrtime`, `ExtendedCost`, `type`) values('442465','0','58130','0','0','3039','1');
insert into `npc_vendor` (`entry`, `slot`, `item`, `maxcount`, `incrtime`, `ExtendedCost`, `type`) values('442465','0','58131','0','0','3363','1');
insert into `npc_vendor` (`entry`, `slot`, `item`, `maxcount`, `incrtime`, `ExtendedCost`, `type`) values('442465','0','58132','0','0','3363','1');
insert into `npc_vendor` (`entry`, `slot`, `item`, `maxcount`, `incrtime`, `ExtendedCost`, `type`) values('442465','0','58133','0','0','3363','1');
insert into `npc_vendor` (`entry`, `slot`, `item`, `maxcount`, `incrtime`, `ExtendedCost`, `type`) values('442465','0','58134','0','0','3039','1');
insert into `npc_vendor` (`entry`, `slot`, `item`, `maxcount`, `incrtime`, `ExtendedCost`, `type`) values('442465','0','58138','0','0','3039','1');
insert into `npc_vendor` (`entry`, `slot`, `item`, `maxcount`, `incrtime`, `ExtendedCost`, `type`) values('442465','0','58139','0','0','3363','1');
insert into `npc_vendor` (`entry`, `slot`, `item`, `maxcount`, `incrtime`, `ExtendedCost`, `type`) values('442465','0','58140','0','0','3363','1');
insert into `npc_vendor` (`entry`, `slot`, `item`, `maxcount`, `incrtime`, `ExtendedCost`, `type`) values('442465','0','58150','0','0','3363','1');
insert into `npc_vendor` (`entry`, `slot`, `item`, `maxcount`, `incrtime`, `ExtendedCost`, `type`) values('442465','0','58151','0','0','3039','1');
insert into `npc_vendor` (`entry`, `slot`, `item`, `maxcount`, `incrtime`, `ExtendedCost`, `type`) values('442465','0','58152','0','0','3039','1');
insert into `npc_vendor` (`entry`, `slot`, `item`, `maxcount`, `incrtime`, `ExtendedCost`, `type`) values('442465','0','58153','0','0','3363','1');
insert into `npc_vendor` (`entry`, `slot`, `item`, `maxcount`, `incrtime`, `ExtendedCost`, `type`) values('442465','0','442465','0','0','3363','1');
insert into `npc_vendor` (`entry`, `slot`, `item`, `maxcount`, `incrtime`, `ExtendedCost`, `type`) values('442465','0','58155','0','0','3363','1');
insert into `npc_vendor` (`entry`, `slot`, `item`, `maxcount`, `incrtime`, `ExtendedCost`, `type`) values('442465','0','58157','0','0','3039','1');
insert into `npc_vendor` (`entry`, `slot`, `item`, `maxcount`, `incrtime`, `ExtendedCost`, `type`) values('442465','0','58158','0','0','3039','1');
insert into `npc_vendor` (`entry`, `slot`, `item`, `maxcount`, `incrtime`, `ExtendedCost`, `type`) values('442465','0','58159','0','0','3363','1');
insert into `npc_vendor` (`entry`, `slot`, `item`, `maxcount`, `incrtime`, `ExtendedCost`, `type`) values('442465','0','58160','0','0','3363','1');
insert into `npc_vendor` (`entry`, `slot`, `item`, `maxcount`, `incrtime`, `ExtendedCost`, `type`) values('442465','0','58161','0','0','3363','1');
insert into `npc_vendor` (`entry`, `slot`, `item`, `maxcount`, `incrtime`, `ExtendedCost`, `type`) values('442465','0','58162','0','0','3039','1');
insert into `npc_vendor` (`entry`, `slot`, `item`, `maxcount`, `incrtime`, `ExtendedCost`, `type`) values('442465','0','58163','0','0','3039','1');
insert into `npc_vendor` (`entry`, `slot`, `item`, `maxcount`, `incrtime`, `ExtendedCost`, `type`) values('442465','0','58180','0','0','3039','1');
insert into `npc_vendor` (`entry`, `slot`, `item`, `maxcount`, `incrtime`, `ExtendedCost`, `type`) values('442465','0','58181','0','0','3039','1');
insert into `npc_vendor` (`entry`, `slot`, `item`, `maxcount`, `incrtime`, `ExtendedCost`, `type`) values('442465','0','58182','0','0','3039','1');
insert into `npc_vendor` (`entry`, `slot`, `item`, `maxcount`, `incrtime`, `ExtendedCost`, `type`) values('442465','0','58183','0','0','3039','1');
insert into `npc_vendor` (`entry`, `slot`, `item`, `maxcount`, `incrtime`, `ExtendedCost`, `type`) values('442465','0','58184','0','0','3039','1');
insert into `npc_vendor` (`entry`, `slot`, `item`, `maxcount`, `incrtime`, `ExtendedCost`, `type`) values('442465','0','58185','0','0','3351','1');
insert into `npc_vendor` (`entry`, `slot`, `item`, `maxcount`, `incrtime`, `ExtendedCost`, `type`) values('442465','0','58187','0','0','3351','1');
insert into `npc_vendor` (`entry`, `slot`, `item`, `maxcount`, `incrtime`, `ExtendedCost`, `type`) values('442465','0','58188','0','0','3351','1');
insert into `npc_vendor` (`entry`, `slot`, `item`, `maxcount`, `incrtime`, `ExtendedCost`, `type`) values('442465','0','58189','0','0','3351','1');
insert into `npc_vendor` (`entry`, `slot`, `item`, `maxcount`, `incrtime`, `ExtendedCost`, `type`) values('442465','0','58190','0','0','3351','1');
insert into `npc_vendor` (`entry`, `slot`, `item`, `maxcount`, `incrtime`, `ExtendedCost`, `type`) values('442465','0','58191','0','0','3351','1');
insert into `npc_vendor` (`entry`, `slot`, `item`, `maxcount`, `incrtime`, `ExtendedCost`, `type`) values('442465','0','58192','0','0','3351','1');
insert into `npc_vendor` (`entry`, `slot`, `item`, `maxcount`, `incrtime`, `ExtendedCost`, `type`) values('442465','0','58193','0','0','3351','1');
insert into `npc_vendor` (`entry`, `slot`, `item`, `maxcount`, `incrtime`, `ExtendedCost`, `type`) values('442465','0','58194','0','0','3351','1');
insert into `npc_vendor` (`entry`, `slot`, `item`, `maxcount`, `incrtime`, `ExtendedCost`, `type`) values('442465','0','58195','0','0','3039','1');
insert into `npc_vendor` (`entry`, `slot`, `item`, `maxcount`, `incrtime`, `ExtendedCost`, `type`) values('442465','0','58197','0','0','3039','1');
insert into `npc_vendor` (`entry`, `slot`, `item`, `maxcount`, `incrtime`, `ExtendedCost`, `type`) values('442465','0','58198','0','0','3039','1');
insert into `npc_vendor` (`entry`, `slot`, `item`, `maxcount`, `incrtime`, `ExtendedCost`, `type`) values('442465','0','58199','0','0','3039','1');
insert into `npc_vendor` (`entry`, `slot`, `item`, `maxcount`, `incrtime`, `ExtendedCost`, `type`) values('442465','0','58481','0','0','3039','1');
insert into `npc_vendor` (`entry`, `slot`, `item`, `maxcount`, `incrtime`, `ExtendedCost`, `type`) values('442465','0','58482','0','0','3039','1');
insert into `npc_vendor` (`entry`, `slot`, `item`, `maxcount`, `incrtime`, `ExtendedCost`, `type`) values('442465','0','58484','0','0','3039','1');
insert into `npc_vendor` (`entry`, `slot`, `item`, `maxcount`, `incrtime`, `ExtendedCost`, `type`) values('442465','0','58485','0','0','3039','1');
insert into `npc_vendor` (`entry`, `slot`, `item`, `maxcount`, `incrtime`, `ExtendedCost`, `type`) values('442465','0','58486','0','0','3039','1');
insert into `npc_vendor` (`entry`, `slot`, `item`, `maxcount`, `incrtime`, `ExtendedCost`, `type`) values('442465','0','60243','0','0','3049','1');
insert into `npc_vendor` (`entry`, `slot`, `item`, `maxcount`, `incrtime`, `ExtendedCost`, `type`) values('442465','0','60244','0','0','3363','1');
insert into `npc_vendor` (`entry`, `slot`, `item`, `maxcount`, `incrtime`, `ExtendedCost`, `type`) values('442465','0','60245','0','0','3363','1');
insert into `npc_vendor` (`entry`, `slot`, `item`, `maxcount`, `incrtime`, `ExtendedCost`, `type`) values('442465','0','60246','0','0','3043','1');
insert into `npc_vendor` (`entry`, `slot`, `item`, `maxcount`, `incrtime`, `ExtendedCost`, `type`) values('442465','0','60247','0','0','3039','1');
insert into `npc_vendor` (`entry`, `slot`, `item`, `maxcount`, `incrtime`, `ExtendedCost`, `type`) values('442465','0','60248','0','0','3039','1');
insert into `npc_vendor` (`entry`, `slot`, `item`, `maxcount`, `incrtime`, `ExtendedCost`, `type`) values('442465','0','60249','0','0','3050','1');
insert into `npc_vendor` (`entry`, `slot`, `item`, `maxcount`, `incrtime`, `ExtendedCost`, `type`) values('442465','0','60250','0','0','3363','1');
insert into `npc_vendor` (`entry`, `slot`, `item`, `maxcount`, `incrtime`, `ExtendedCost`, `type`) values('442465','0','60251','0','0','3363','1');
insert into `npc_vendor` (`entry`, `slot`, `item`, `maxcount`, `incrtime`, `ExtendedCost`, `type`) values('442465','0','60252','0','0','3044','1');
insert into `npc_vendor` (`entry`, `slot`, `item`, `maxcount`, `incrtime`, `ExtendedCost`, `type`) values('442465','0','60253','0','0','3044','1');
insert into `npc_vendor` (`entry`, `slot`, `item`, `maxcount`, `incrtime`, `ExtendedCost`, `type`) values('442465','0','60254','0','0','3363','1');
insert into `npc_vendor` (`entry`, `slot`, `item`, `maxcount`, `incrtime`, `ExtendedCost`, `type`) values('442465','0','60255','0','0','3363','1');
insert into `npc_vendor` (`entry`, `slot`, `item`, `maxcount`, `incrtime`, `ExtendedCost`, `type`) values('442465','0','60256','0','0','3050','1');
insert into `npc_vendor` (`entry`, `slot`, `item`, `maxcount`, `incrtime`, `ExtendedCost`, `type`) values('442465','0','60257','0','0','3039','1');
insert into `npc_vendor` (`entry`, `slot`, `item`, `maxcount`, `incrtime`, `ExtendedCost`, `type`) values('442465','0','60258','0','0','3050','1');
insert into `npc_vendor` (`entry`, `slot`, `item`, `maxcount`, `incrtime`, `ExtendedCost`, `type`) values('442465','0','60259','0','0','3363','1');
insert into `npc_vendor` (`entry`, `slot`, `item`, `maxcount`, `incrtime`, `ExtendedCost`, `type`) values('442465','0','60261','0','0','3363','1');
insert into `npc_vendor` (`entry`, `slot`, `item`, `maxcount`, `incrtime`, `ExtendedCost`, `type`) values('442465','0','60262','0','0','3044','1');
insert into `npc_vendor` (`entry`, `slot`, `item`, `maxcount`, `incrtime`, `ExtendedCost`, `type`) values('442465','0','60275','0','0','3039','1');
insert into `npc_vendor` (`entry`, `slot`, `item`, `maxcount`, `incrtime`, `ExtendedCost`, `type`) values('442465','0','60276','0','0','3363','1');
insert into `npc_vendor` (`entry`, `slot`, `item`, `maxcount`, `incrtime`, `ExtendedCost`, `type`) values('442465','0','60277','0','0','3049','1');
insert into `npc_vendor` (`entry`, `slot`, `item`, `maxcount`, `incrtime`, `ExtendedCost`, `type`) values('442465','0','60278','0','0','3363','1');
insert into `npc_vendor` (`entry`, `slot`, `item`, `maxcount`, `incrtime`, `ExtendedCost`, `type`) values('442465','0','60279','0','0','3043','1');
insert into `npc_vendor` (`entry`, `slot`, `item`, `maxcount`, `incrtime`, `ExtendedCost`, `type`) values('442465','0','60280','0','0','3039','1');
insert into `npc_vendor` (`entry`, `slot`, `item`, `maxcount`, `incrtime`, `ExtendedCost`, `type`) values('442465','0','60281','0','0','3363','1');
insert into `npc_vendor` (`entry`, `slot`, `item`, `maxcount`, `incrtime`, `ExtendedCost`, `type`) values('442465','0','60282','0','0','3049','1');
insert into `npc_vendor` (`entry`, `slot`, `item`, `maxcount`, `incrtime`, `ExtendedCost`, `type`) values('442465','0','60283','0','0','3363','1');
insert into `npc_vendor` (`entry`, `slot`, `item`, `maxcount`, `incrtime`, `ExtendedCost`, `type`) values('442465','0','60284','0','0','3043','1');
insert into `npc_vendor` (`entry`, `slot`, `item`, `maxcount`, `incrtime`, `ExtendedCost`, `type`) values('442465','0','60285','0','0','3039','1');
insert into `npc_vendor` (`entry`, `slot`, `item`, `maxcount`, `incrtime`, `ExtendedCost`, `type`) values('442465','0','60286','0','0','3049','1');
insert into `npc_vendor` (`entry`, `slot`, `item`, `maxcount`, `incrtime`, `ExtendedCost`, `type`) values('442465','0','60287','0','0','3363','1');
insert into `npc_vendor` (`entry`, `slot`, `item`, `maxcount`, `incrtime`, `ExtendedCost`, `type`) values('442465','0','60288','0','0','3363','1');
insert into `npc_vendor` (`entry`, `slot`, `item`, `maxcount`, `incrtime`, `ExtendedCost`, `type`) values('442465','0','60289','0','0','3043','1');
insert into `npc_vendor` (`entry`, `slot`, `item`, `maxcount`, `incrtime`, `ExtendedCost`, `type`) values('442465','0','60290','0','0','3039','1');
insert into `npc_vendor` (`entry`, `slot`, `item`, `maxcount`, `incrtime`, `ExtendedCost`, `type`) values('442465','0','60298','0','0','3039','1');
insert into `npc_vendor` (`entry`, `slot`, `item`, `maxcount`, `incrtime`, `ExtendedCost`, `type`) values('442465','0','60299','0','0','3049','1');
insert into `npc_vendor` (`entry`, `slot`, `item`, `maxcount`, `incrtime`, `ExtendedCost`, `type`) values('442465','0','60300','0','0','3363','1');
insert into `npc_vendor` (`entry`, `slot`, `item`, `maxcount`, `incrtime`, `ExtendedCost`, `type`) values('442465','0','60301','0','0','3363','1');
insert into `npc_vendor` (`entry`, `slot`, `item`, `maxcount`, `incrtime`, `ExtendedCost`, `type`) values('442465','0','60302','0','0','3043','1');
insert into `npc_vendor` (`entry`, `slot`, `item`, `maxcount`, `incrtime`, `ExtendedCost`, `type`) values('442465','0','60303','0','0','3051','1');
insert into `npc_vendor` (`entry`, `slot`, `item`, `maxcount`, `incrtime`, `ExtendedCost`, `type`) values('442465','0','60304','0','0','3363','1');
insert into `npc_vendor` (`entry`, `slot`, `item`, `maxcount`, `incrtime`, `ExtendedCost`, `type`) values('442465','0','60305','0','0','3363','1');
insert into `npc_vendor` (`entry`, `slot`, `item`, `maxcount`, `incrtime`, `ExtendedCost`, `type`) values('442465','0','60306','0','0','3045','1');
insert into `npc_vendor` (`entry`, `slot`, `item`, `maxcount`, `incrtime`, `ExtendedCost`, `type`) values('442465','0','60307','0','0','3039','1');
insert into `npc_vendor` (`entry`, `slot`, `item`, `maxcount`, `incrtime`, `ExtendedCost`, `type`) values('442465','0','60308','0','0','3051','1');
insert into `npc_vendor` (`entry`, `slot`, `item`, `maxcount`, `incrtime`, `ExtendedCost`, `type`) values('442465','0','60309','0','0','3363','1');
insert into `npc_vendor` (`entry`, `slot`, `item`, `maxcount`, `incrtime`, `ExtendedCost`, `type`) values('442465','0','60310','0','0','3363','1');
insert into `npc_vendor` (`entry`, `slot`, `item`, `maxcount`, `incrtime`, `ExtendedCost`, `type`) values('442465','0','60311','0','0','3045','1');
insert into `npc_vendor` (`entry`, `slot`, `item`, `maxcount`, `incrtime`, `ExtendedCost`, `type`) values('442465','0','60312','0','0','3039','1');
insert into `npc_vendor` (`entry`, `slot`, `item`, `maxcount`, `incrtime`, `ExtendedCost`, `type`) values('442465','0','60313','0','0','3363','1');
insert into `npc_vendor` (`entry`, `slot`, `item`, `maxcount`, `incrtime`, `ExtendedCost`, `type`) values('442465','0','60314','0','0','3039','1');
insert into `npc_vendor` (`entry`, `slot`, `item`, `maxcount`, `incrtime`, `ExtendedCost`, `type`) values('442465','0','60315','0','0','3051','1');
insert into `npc_vendor` (`entry`, `slot`, `item`, `maxcount`, `incrtime`, `ExtendedCost`, `type`) values('442465','0','60316','0','0','3363','1');
insert into `npc_vendor` (`entry`, `slot`, `item`, `maxcount`, `incrtime`, `ExtendedCost`, `type`) values('442465','0','60317','0','0','3045','1');
insert into `npc_vendor` (`entry`, `slot`, `item`, `maxcount`, `incrtime`, `ExtendedCost`, `type`) values('442465','0','60318','0','0','3363','1');
insert into `npc_vendor` (`entry`, `slot`, `item`, `maxcount`, `incrtime`, `ExtendedCost`, `type`) values('442465','0','60319','0','0','3039','1');
insert into `npc_vendor` (`entry`, `slot`, `item`, `maxcount`, `incrtime`, `ExtendedCost`, `type`) values('442465','0','60320','0','0','3051','1');
insert into `npc_vendor` (`entry`, `slot`, `item`, `maxcount`, `incrtime`, `ExtendedCost`, `type`) values('442465','0','60321','0','0','3363','1');
insert into `npc_vendor` (`entry`, `slot`, `item`, `maxcount`, `incrtime`, `ExtendedCost`, `type`) values('442465','0','60322','0','0','3045','1');
insert into `npc_vendor` (`entry`, `slot`, `item`, `maxcount`, `incrtime`, `ExtendedCost`, `type`) values('442465','0','60323','0','0','3363','1');
insert into `npc_vendor` (`entry`, `slot`, `item`, `maxcount`, `incrtime`, `ExtendedCost`, `type`) values('442465','0','60324','0','0','3363','1');
insert into `npc_vendor` (`entry`, `slot`, `item`, `maxcount`, `incrtime`, `ExtendedCost`, `type`) values('442465','0','60325','0','0','3051','1');
insert into `npc_vendor` (`entry`, `slot`, `item`, `maxcount`, `incrtime`, `ExtendedCost`, `type`) values('442465','0','60326','0','0','3039','1');
insert into `npc_vendor` (`entry`, `slot`, `item`, `maxcount`, `incrtime`, `ExtendedCost`, `type`) values('442465','0','60327','0','0','3045','1');
insert into `npc_vendor` (`entry`, `slot`, `item`, `maxcount`, `incrtime`, `ExtendedCost`, `type`) values('442465','0','60328','0','0','3051','1');
insert into `npc_vendor` (`entry`, `slot`, `item`, `maxcount`, `incrtime`, `ExtendedCost`, `type`) values('442465','0','60329','0','0','3363','1');
insert into `npc_vendor` (`entry`, `slot`, `item`, `maxcount`, `incrtime`, `ExtendedCost`, `type`) values('442465','0','60330','0','0','3363','1');
insert into `npc_vendor` (`entry`, `slot`, `item`, `maxcount`, `incrtime`, `ExtendedCost`, `type`) values('442465','0','60331','0','0','3045','1');
insert into `npc_vendor` (`entry`, `slot`, `item`, `maxcount`, `incrtime`, `ExtendedCost`, `type`) values('442465','0','60332','0','0','3039','1');
insert into `npc_vendor` (`entry`, `slot`, `item`, `maxcount`, `incrtime`, `ExtendedCost`, `type`) values('442465','0','60339','0','0','3363','1');
insert into `npc_vendor` (`entry`, `slot`, `item`, `maxcount`, `incrtime`, `ExtendedCost`, `type`) values('442465','0','60340','0','0','3039','1');
insert into `npc_vendor` (`entry`, `slot`, `item`, `maxcount`, `incrtime`, `ExtendedCost`, `type`) values('442465','0','60341','0','0','3049','1');
insert into `npc_vendor` (`entry`, `slot`, `item`, `maxcount`, `incrtime`, `ExtendedCost`, `type`) values('442465','0','60342','0','0','3363','1');
insert into `npc_vendor` (`entry`, `slot`, `item`, `maxcount`, `incrtime`, `ExtendedCost`, `type`) values('442465','0','60343','0','0','3043','1');
insert into `npc_vendor` (`entry`, `slot`, `item`, `maxcount`, `incrtime`, `ExtendedCost`, `type`) values('442465','0','60344','0','0','3363','1');
insert into `npc_vendor` (`entry`, `slot`, `item`, `maxcount`, `incrtime`, `ExtendedCost`, `type`) values('442465','0','60345','0','0','3039','1');
insert into `npc_vendor` (`entry`, `slot`, `item`, `maxcount`, `incrtime`, `ExtendedCost`, `type`) values('442465','0','60346','0','0','3050','1');
insert into `npc_vendor` (`entry`, `slot`, `item`, `maxcount`, `incrtime`, `ExtendedCost`, `type`) values('442465','0','60347','0','0','3363','1');
insert into `npc_vendor` (`entry`, `slot`, `item`, `maxcount`, `incrtime`, `ExtendedCost`, `type`) values('442465','0','60348','0','0','3044','1');
insert into `npc_vendor` (`entry`, `slot`, `item`, `maxcount`, `incrtime`, `ExtendedCost`, `type`) values('442465','0','60349','0','0','3363','1');
insert into `npc_vendor` (`entry`, `slot`, `item`, `maxcount`, `incrtime`, `ExtendedCost`, `type`) values('442465','0','60350','0','0','3039','1');
insert into `npc_vendor` (`entry`, `slot`, `item`, `maxcount`, `incrtime`, `ExtendedCost`, `type`) values('442465','0','60351','0','0','3049','1');
insert into `npc_vendor` (`entry`, `slot`, `item`, `maxcount`, `incrtime`, `ExtendedCost`, `type`) values('442465','0','60352','0','0','3363','1');
insert into `npc_vendor` (`entry`, `slot`, `item`, `maxcount`, `incrtime`, `ExtendedCost`, `type`) values('442465','0','60353','0','0','3043','1');
insert into `npc_vendor` (`entry`, `slot`, `item`, `maxcount`, `incrtime`, `ExtendedCost`, `type`) values('442465','0','60354','0','0','3363','1');
insert into `npc_vendor` (`entry`, `slot`, `item`, `maxcount`, `incrtime`, `ExtendedCost`, `type`) values('442465','0','60355','0','0','3039','1');
insert into `npc_vendor` (`entry`, `slot`, `item`, `maxcount`, `incrtime`, `ExtendedCost`, `type`) values('442465','0','60356','0','0','3050','1');
insert into `npc_vendor` (`entry`, `slot`, `item`, `maxcount`, `incrtime`, `ExtendedCost`, `type`) values('442465','0','60357','0','0','3363','1');
insert into `npc_vendor` (`entry`, `slot`, `item`, `maxcount`, `incrtime`, `ExtendedCost`, `type`) values('442465','0','60358','0','0','3044','1');
insert into `npc_vendor` (`entry`, `slot`, `item`, `maxcount`, `incrtime`, `ExtendedCost`, `type`) values('442465','0','60359','0','0','3050','1');
insert into `npc_vendor` (`entry`, `slot`, `item`, `maxcount`, `incrtime`, `ExtendedCost`, `type`) values('442465','0','60360','0','0','3363','1');
insert into `npc_vendor` (`entry`, `slot`, `item`, `maxcount`, `incrtime`, `ExtendedCost`, `type`) values('442465','0','60361','0','0','3363','1');
insert into `npc_vendor` (`entry`, `slot`, `item`, `maxcount`, `incrtime`, `ExtendedCost`, `type`) values('442465','0','60362','0','0','3044','1');
insert into `npc_vendor` (`entry`, `slot`, `item`, `maxcount`, `incrtime`, `ExtendedCost`, `type`) values('442465','0','60363','0','0','3039','1');
insert into `npc_vendor` (`entry`, `slot`, `item`, `maxcount`, `incrtime`, `ExtendedCost`, `type`) values('442465','0','64671','0','0','3042','1');
insert into `npc_vendor` (`entry`, `slot`, `item`, `maxcount`, `incrtime`, `ExtendedCost`, `type`) values('442465','0','64672','0','0','3042','1');
insert into `npc_vendor` (`entry`, `slot`, `item`, `maxcount`, `incrtime`, `ExtendedCost`, `type`) values('442465','0','64673','0','0','3042','1');
insert into `npc_vendor` (`entry`, `slot`, `item`, `maxcount`, `incrtime`, `ExtendedCost`, `type`) values('442465','0','64674','0','0','3042','1');
insert into `npc_vendor` (`entry`, `slot`, `item`, `maxcount`, `incrtime`, `ExtendedCost`, `type`) values('442465','0','64676','0','0','3042','1');
insert into `npc_vendor` (`entry`, `slot`, `item`, `maxcount`, `incrtime`, `ExtendedCost`, `type`) values('442465','0','65000','0','0','3329','1');
insert into `npc_vendor` (`entry`, `slot`, `item`, `maxcount`, `incrtime`, `ExtendedCost`, `type`) values('442465','0','65001','0','0','3329','1');
insert into `npc_vendor` (`entry`, `slot`, `item`, `maxcount`, `incrtime`, `ExtendedCost`, `type`) values('442465','0','65002','0','0','3329','1');
insert into `npc_vendor` (`entry`, `slot`, `item`, `maxcount`, `incrtime`, `ExtendedCost`, `type`) values('442465','0','65087','0','0','3329','1');
insert into `npc_vendor` (`entry`, `slot`, `item`, `maxcount`, `incrtime`, `ExtendedCost`, `type`) values('442465','0','65088','0','0','3329','1');
insert into `npc_vendor` (`entry`, `slot`, `item`, `maxcount`, `incrtime`, `ExtendedCost`, `type`) values('442465','0','65089','0','0','3329','1');
insert into `npc_vendor` (`entry`, `slot`, `item`, `maxcount`, `incrtime`, `ExtendedCost`, `type`) values('442465','0','65179','0','0','3085','1');
insert into `npc_vendor` (`entry`, `slot`, `item`, `maxcount`, `incrtime`, `ExtendedCost`, `type`) values('442465','0','65180','0','0','3145','1');
insert into `npc_vendor` (`entry`, `slot`, `item`, `maxcount`, `incrtime`, `ExtendedCost`, `type`) values('442465','0','65181','0','0','3054','1');
insert into `npc_vendor` (`entry`, `slot`, `item`, `maxcount`, `incrtime`, `ExtendedCost`, `type`) values('442465','0','65182','0','0','3113','1');
insert into `npc_vendor` (`entry`, `slot`, `item`, `maxcount`, `incrtime`, `ExtendedCost`, `type`) values('442465','0','65183','0','0','3118','1');
insert into `npc_vendor` (`entry`, `slot`, `item`, `maxcount`, `incrtime`, `ExtendedCost`, `type`) values('442465','0','65184','0','0','3084','1');
insert into `npc_vendor` (`entry`, `slot`, `item`, `maxcount`, `incrtime`, `ExtendedCost`, `type`) values('442465','0','65185','0','0','3146','1');
insert into `npc_vendor` (`entry`, `slot`, `item`, `maxcount`, `incrtime`, `ExtendedCost`, `type`) values('442465','0','65186','0','0','3054','1');
insert into `npc_vendor` (`entry`, `slot`, `item`, `maxcount`, `incrtime`, `ExtendedCost`, `type`) values('442465','0','65187','0','0','3112','1');
insert into `npc_vendor` (`entry`, `slot`, `item`, `maxcount`, `incrtime`, `ExtendedCost`, `type`) values('442465','0','65188','0','0','3118','1');
insert into `npc_vendor` (`entry`, `slot`, `item`, `maxcount`, `incrtime`, `ExtendedCost`, `type`) values('442465','0','65189','0','0','3147','1');
insert into `npc_vendor` (`entry`, `slot`, `item`, `maxcount`, `incrtime`, `ExtendedCost`, `type`) values('442465','0','65190','0','0','3054','1');
insert into `npc_vendor` (`entry`, `slot`, `item`, `maxcount`, `incrtime`, `ExtendedCost`, `type`) values('442465','0','65191','0','0','3111','1');
insert into `npc_vendor` (`entry`, `slot`, `item`, `maxcount`, `incrtime`, `ExtendedCost`, `type`) values('442465','0','65192','0','0','3093','1');
insert into `npc_vendor` (`entry`, `slot`, `item`, `maxcount`, `incrtime`, `ExtendedCost`, `type`) values('442465','0','65193','0','0','3118','1');
insert into `npc_vendor` (`entry`, `slot`, `item`, `maxcount`, `incrtime`, `ExtendedCost`, `type`) values('442465','0','65194','0','0','3148','1');
insert into `npc_vendor` (`entry`, `slot`, `item`, `maxcount`, `incrtime`, `ExtendedCost`, `type`) values('442465','0','65195','0','0','3054','1');
insert into `npc_vendor` (`entry`, `slot`, `item`, `maxcount`, `incrtime`, `ExtendedCost`, `type`) values('442465','0','65196','0','0','3110','1');
insert into `npc_vendor` (`entry`, `slot`, `item`, `maxcount`, `incrtime`, `ExtendedCost`, `type`) values('442465','0','65197','0','0','3092','1');
insert into `npc_vendor` (`entry`, `slot`, `item`, `maxcount`, `incrtime`, `ExtendedCost`, `type`) values('442465','0','65198','0','0','3118','1');
insert into `npc_vendor` (`entry`, `slot`, `item`, `maxcount`, `incrtime`, `ExtendedCost`, `type`) values('442465','0','65199','0','0','3149','1');
insert into `npc_vendor` (`entry`, `slot`, `item`, `maxcount`, `incrtime`, `ExtendedCost`, `type`) values('442465','0','65200','0','0','3054','1');
insert into `npc_vendor` (`entry`, `slot`, `item`, `maxcount`, `incrtime`, `ExtendedCost`, `type`) values('442465','0','65201','0','0','3109','1');
insert into `npc_vendor` (`entry`, `slot`, `item`, `maxcount`, `incrtime`, `ExtendedCost`, `type`) values('442465','0','65202','0','0','3091','1');
insert into `npc_vendor` (`entry`, `slot`, `item`, `maxcount`, `incrtime`, `ExtendedCost`, `type`) values('442465','0','65203','0','0','3118','1');
insert into `npc_vendor` (`entry`, `slot`, `item`, `maxcount`, `incrtime`, `ExtendedCost`, `type`) values('442465','0','65204','0','0','3083','1');
insert into `npc_vendor` (`entry`, `slot`, `item`, `maxcount`, `incrtime`, `ExtendedCost`, `type`) values('442465','0','65205','0','0','3150','1');
insert into `npc_vendor` (`entry`, `slot`, `item`, `maxcount`, `incrtime`, `ExtendedCost`, `type`) values('442465','0','65206','0','0','3056','1');
insert into `npc_vendor` (`entry`, `slot`, `item`, `maxcount`, `incrtime`, `ExtendedCost`, `type`) values('442465','0','65207','0','0','3108','1');
insert into `npc_vendor` (`entry`, `slot`, `item`, `maxcount`, `incrtime`, `ExtendedCost`, `type`) values('442465','0','65208','0','0','3120','1');
insert into `npc_vendor` (`entry`, `slot`, `item`, `maxcount`, `incrtime`, `ExtendedCost`, `type`) values('442465','0','65209','0','0','3151','1');
insert into `npc_vendor` (`entry`, `slot`, `item`, `maxcount`, `incrtime`, `ExtendedCost`, `type`) values('442465','0','65210','0','0','3054','1');
insert into `npc_vendor` (`entry`, `slot`, `item`, `maxcount`, `incrtime`, `ExtendedCost`, `type`) values('442465','0','65211','0','0','3107','1');
insert into `npc_vendor` (`entry`, `slot`, `item`, `maxcount`, `incrtime`, `ExtendedCost`, `type`) values('442465','0','65212','0','0','3090','1');
insert into `npc_vendor` (`entry`, `slot`, `item`, `maxcount`, `incrtime`, `ExtendedCost`, `type`) values('442465','0','65213','0','0','3118','1');
insert into `npc_vendor` (`entry`, `slot`, `item`, `maxcount`, `incrtime`, `ExtendedCost`, `type`) values('442465','0','65214','0','0','3082','1');
insert into `npc_vendor` (`entry`, `slot`, `item`, `maxcount`, `incrtime`, `ExtendedCost`, `type`) values('442465','0','65215','0','0','3152','1');
insert into `npc_vendor` (`entry`, `slot`, `item`, `maxcount`, `incrtime`, `ExtendedCost`, `type`) values('442465','0','65216','0','0','3055','1');
insert into `npc_vendor` (`entry`, `slot`, `item`, `maxcount`, `incrtime`, `ExtendedCost`, `type`) values('442465','0','65217','0','0','3106','1');
insert into `npc_vendor` (`entry`, `slot`, `item`, `maxcount`, `incrtime`, `ExtendedCost`, `type`) values('442465','0','65218','0','0','3119','1');
insert into `npc_vendor` (`entry`, `slot`, `item`, `maxcount`, `incrtime`, `ExtendedCost`, `type`) values('442465','0','65219','0','0','3081','1');
insert into `npc_vendor` (`entry`, `slot`, `item`, `maxcount`, `incrtime`, `ExtendedCost`, `type`) values('442465','0','65220','0','0','3153','1');
insert into `npc_vendor` (`entry`, `slot`, `item`, `maxcount`, `incrtime`, `ExtendedCost`, `type`) values('442465','0','65221','0','0','3055','1');
insert into `npc_vendor` (`entry`, `slot`, `item`, `maxcount`, `incrtime`, `ExtendedCost`, `type`) values('442465','0','65222','0','0','3105','1');
insert into `npc_vendor` (`entry`, `slot`, `item`, `maxcount`, `incrtime`, `ExtendedCost`, `type`) values('442465','0','65223','0','0','3119','1');
insert into `npc_vendor` (`entry`, `slot`, `item`, `maxcount`, `incrtime`, `ExtendedCost`, `type`) values('442465','0','65224','0','0','3080','1');
insert into `npc_vendor` (`entry`, `slot`, `item`, `maxcount`, `incrtime`, `ExtendedCost`, `type`) values('442465','0','65225','0','0','3154','1');
insert into `npc_vendor` (`entry`, `slot`, `item`, `maxcount`, `incrtime`, `ExtendedCost`, `type`) values('442465','0','65226','0','0','3055','1');
insert into `npc_vendor` (`entry`, `slot`, `item`, `maxcount`, `incrtime`, `ExtendedCost`, `type`) values('442465','0','65227','0','0','3104','1');
insert into `npc_vendor` (`entry`, `slot`, `item`, `maxcount`, `incrtime`, `ExtendedCost`, `type`) values('442465','0','65228','0','0','3119','1');
insert into `npc_vendor` (`entry`, `slot`, `item`, `maxcount`, `incrtime`, `ExtendedCost`, `type`) values('442465','0','65229','0','0','3155','1');
insert into `npc_vendor` (`entry`, `slot`, `item`, `maxcount`, `incrtime`, `ExtendedCost`, `type`) values('442465','0','65230','0','0','3055','1');
insert into `npc_vendor` (`entry`, `slot`, `item`, `maxcount`, `incrtime`, `ExtendedCost`, `type`) values('442465','0','65231','0','0','3103','1');
insert into `npc_vendor` (`entry`, `slot`, `item`, `maxcount`, `incrtime`, `ExtendedCost`, `type`) values('442465','0','65232','0','0','3089','1');
insert into `npc_vendor` (`entry`, `slot`, `item`, `maxcount`, `incrtime`, `ExtendedCost`, `type`) values('442465','0','65233','0','0','3119','1');
insert into `npc_vendor` (`entry`, `slot`, `item`, `maxcount`, `incrtime`, `ExtendedCost`, `type`) values('442465','0','65234','0','0','3156','1');
insert into `npc_vendor` (`entry`, `slot`, `item`, `maxcount`, `incrtime`, `ExtendedCost`, `type`) values('442465','0','65235','0','0','3055','1');
insert into `npc_vendor` (`entry`, `slot`, `item`, `maxcount`, `incrtime`, `ExtendedCost`, `type`) values('442465','0','65236','0','0','3102','1');
insert into `npc_vendor` (`entry`, `slot`, `item`, `maxcount`, `incrtime`, `ExtendedCost`, `type`) values('442465','0','65237','0','0','3088','1');
insert into `npc_vendor` (`entry`, `slot`, `item`, `maxcount`, `incrtime`, `ExtendedCost`, `type`) values('442465','0','65238','0','0','3119','1');
insert into `npc_vendor` (`entry`, `slot`, `item`, `maxcount`, `incrtime`, `ExtendedCost`, `type`) values('442465','0','65239','0','0','3079','1');
insert into `npc_vendor` (`entry`, `slot`, `item`, `maxcount`, `incrtime`, `ExtendedCost`, `type`) values('442465','0','65240','0','0','3157','1');
insert into `npc_vendor` (`entry`, `slot`, `item`, `maxcount`, `incrtime`, `ExtendedCost`, `type`) values('442465','0','65241','0','0','3054','1');
insert into `npc_vendor` (`entry`, `slot`, `item`, `maxcount`, `incrtime`, `ExtendedCost`, `type`) values('442465','0','65242','0','0','3101','1');
insert into `npc_vendor` (`entry`, `slot`, `item`, `maxcount`, `incrtime`, `ExtendedCost`, `type`) values('442465','0','65243','0','0','3118','1');
insert into `npc_vendor` (`entry`, `slot`, `item`, `maxcount`, `incrtime`, `ExtendedCost`, `type`) values('442465','0','65244','0','0','3078','1');
insert into `npc_vendor` (`entry`, `slot`, `item`, `maxcount`, `incrtime`, `ExtendedCost`, `type`) values('442465','0','65245','0','0','3158','1');
insert into `npc_vendor` (`entry`, `slot`, `item`, `maxcount`, `incrtime`, `ExtendedCost`, `type`) values('442465','0','65246','0','0','3056','1');
insert into `npc_vendor` (`entry`, `slot`, `item`, `maxcount`, `incrtime`, `ExtendedCost`, `type`) values('442465','0','65247','0','0','3100','1');
insert into `npc_vendor` (`entry`, `slot`, `item`, `maxcount`, `incrtime`, `ExtendedCost`, `type`) values('442465','0','65248','0','0','3120','1');
insert into `npc_vendor` (`entry`, `slot`, `item`, `maxcount`, `incrtime`, `ExtendedCost`, `type`) values('442465','0','65249','0','0','3077','1');
insert into `npc_vendor` (`entry`, `slot`, `item`, `maxcount`, `incrtime`, `ExtendedCost`, `type`) values('442465','0','65250','0','0','3159','1');
insert into `npc_vendor` (`entry`, `slot`, `item`, `maxcount`, `incrtime`, `ExtendedCost`, `type`) values('442465','0','65251','0','0','3056','1');
insert into `npc_vendor` (`entry`, `slot`, `item`, `maxcount`, `incrtime`, `ExtendedCost`, `type`) values('442465','0','65252','0','0','3099','1');
insert into `npc_vendor` (`entry`, `slot`, `item`, `maxcount`, `incrtime`, `ExtendedCost`, `type`) values('442465','0','65253','0','0','3120','1');
insert into `npc_vendor` (`entry`, `slot`, `item`, `maxcount`, `incrtime`, `ExtendedCost`, `type`) values('442465','0','65254','0','0','3076','1');
insert into `npc_vendor` (`entry`, `slot`, `item`, `maxcount`, `incrtime`, `ExtendedCost`, `type`) values('442465','0','65255','0','0','3144','1');
insert into `npc_vendor` (`entry`, `slot`, `item`, `maxcount`, `incrtime`, `ExtendedCost`, `type`) values('442465','0','65256','0','0','3056','1');
insert into `npc_vendor` (`entry`, `slot`, `item`, `maxcount`, `incrtime`, `ExtendedCost`, `type`) values('442465','0','65257','0','0','3098','1');
insert into `npc_vendor` (`entry`, `slot`, `item`, `maxcount`, `incrtime`, `ExtendedCost`, `type`) values('442465','0','65258','0','0','3120','1');
insert into `npc_vendor` (`entry`, `slot`, `item`, `maxcount`, `incrtime`, `ExtendedCost`, `type`) values('442465','0','65259','0','0','3143','1');
insert into `npc_vendor` (`entry`, `slot`, `item`, `maxcount`, `incrtime`, `ExtendedCost`, `type`) values('442465','0','65260','0','0','3055','1');
insert into `npc_vendor` (`entry`, `slot`, `item`, `maxcount`, `incrtime`, `ExtendedCost`, `type`) values('442465','0','65261','0','0','3116','1');
insert into `npc_vendor` (`entry`, `slot`, `item`, `maxcount`, `incrtime`, `ExtendedCost`, `type`) values('442465','0','65262','0','0','3094','1');
insert into `npc_vendor` (`entry`, `slot`, `item`, `maxcount`, `incrtime`, `ExtendedCost`, `type`) values('442465','0','65263','0','0','3119','1');
insert into `npc_vendor` (`entry`, `slot`, `item`, `maxcount`, `incrtime`, `ExtendedCost`, `type`) values('442465','0','65264','0','0','3087','1');
insert into `npc_vendor` (`entry`, `slot`, `item`, `maxcount`, `incrtime`, `ExtendedCost`, `type`) values('442465','0','65265','0','0','3160','1');
insert into `npc_vendor` (`entry`, `slot`, `item`, `maxcount`, `incrtime`, `ExtendedCost`, `type`) values('442465','0','65266','0','0','3056','1');
insert into `npc_vendor` (`entry`, `slot`, `item`, `maxcount`, `incrtime`, `ExtendedCost`, `type`) values('442465','0','65267','0','0','3115','1');
insert into `npc_vendor` (`entry`, `slot`, `item`, `maxcount`, `incrtime`, `ExtendedCost`, `type`) values('442465','0','65268','0','0','3120','1');
insert into `npc_vendor` (`entry`, `slot`, `item`, `maxcount`, `incrtime`, `ExtendedCost`, `type`) values('442465','0','65269','0','0','3086','1');
insert into `npc_vendor` (`entry`, `slot`, `item`, `maxcount`, `incrtime`, `ExtendedCost`, `type`) values('442465','0','65270','0','0','3161','1');
insert into `npc_vendor` (`entry`, `slot`, `item`, `maxcount`, `incrtime`, `ExtendedCost`, `type`) values('442465','0','65271','0','0','3056','1');
insert into `npc_vendor` (`entry`, `slot`, `item`, `maxcount`, `incrtime`, `ExtendedCost`, `type`) values('442465','0','65272','0','0','3114','1');
insert into `npc_vendor` (`entry`, `slot`, `item`, `maxcount`, `incrtime`, `ExtendedCost`, `type`) values('442465','0','65273','0','0','3120','1');
insert into `npc_vendor` (`entry`, `slot`, `item`, `maxcount`, `incrtime`, `ExtendedCost`, `type`) values('442465','0','67423','0','0','3329','1');
insert into `npc_vendor` (`entry`, `slot`, `item`, `maxcount`, `incrtime`, `ExtendedCost`, `type`) values('442465','0','67424','0','0','3329','1');
insert into `npc_vendor` (`entry`, `slot`, `item`, `maxcount`, `incrtime`, `ExtendedCost`, `type`) values('442465','0','67425','0','0','3329','1');
insert into `npc_vendor` (`entry`, `slot`, `item`, `maxcount`, `incrtime`, `ExtendedCost`, `type`) values('442465','0','67426','0','0','3329','1');
insert into `npc_vendor` (`entry`, `slot`, `item`, `maxcount`, `incrtime`, `ExtendedCost`, `type`) values('442465','0','67427','0','0','3329','1');
insert into `npc_vendor` (`entry`, `slot`, `item`, `maxcount`, `incrtime`, `ExtendedCost`, `type`) values('442465','0','67428','0','0','3329','1');
insert into `npc_vendor` (`entry`, `slot`, `item`, `maxcount`, `incrtime`, `ExtendedCost`, `type`) values('442465','0','67429','0','0','3329','1');
insert into `npc_vendor` (`entry`, `slot`, `item`, `maxcount`, `incrtime`, `ExtendedCost`, `type`) values('442465','0','67430','0','0','3329','1');
insert into `npc_vendor` (`entry`, `slot`, `item`, `maxcount`, `incrtime`, `ExtendedCost`, `type`) values('442465','0','67431','0','0','3329','1');
insert into `npc_vendor` (`entry`, `slot`, `item`, `maxcount`, `incrtime`, `ExtendedCost`, `type`) values('442465','0','68812','0','0','3351','1');
insert into `npc_vendor` (`entry`, `slot`, `item`, `maxcount`, `incrtime`, `ExtendedCost`, `type`) values('442455','0','70935','0','0','3555','1');
insert into `npc_vendor` (`entry`, `slot`, `item`, `maxcount`, `incrtime`, `ExtendedCost`, `type`) values('442455','0','70937','0','0','3555','1');
insert into `npc_vendor` (`entry`, `slot`, `item`, `maxcount`, `incrtime`, `ExtendedCost`, `type`) values('442455','0','70939','0','0','3553','1');
insert into `npc_vendor` (`entry`, `slot`, `item`, `maxcount`, `incrtime`, `ExtendedCost`, `type`) values('442455','0','70940','0','0','3555','1');
insert into `npc_vendor` (`entry`, `slot`, `item`, `maxcount`, `incrtime`, `ExtendedCost`, `type`) values('442455','0','70941','0','0','3568','1');
insert into `npc_vendor` (`entry`, `slot`, `item`, `maxcount`, `incrtime`, `ExtendedCost`, `type`) values('442455','0','70942','0','0','3557','1');
insert into `npc_vendor` (`entry`, `slot`, `item`, `maxcount`, `incrtime`, `ExtendedCost`, `type`) values('442455','0','70943','0','0','3556','1');
insert into `npc_vendor` (`entry`, `slot`, `item`, `maxcount`, `incrtime`, `ExtendedCost`, `type`) values('442455','0','70944','0','0','3565','1');
insert into `npc_vendor` (`entry`, `slot`, `item`, `maxcount`, `incrtime`, `ExtendedCost`, `type`) values('442455','0','70945','0','0','3557','1');
insert into `npc_vendor` (`entry`, `slot`, `item`, `maxcount`, `incrtime`, `ExtendedCost`, `type`) values('442455','0','70946','0','0','3567','1');
insert into `npc_vendor` (`entry`, `slot`, `item`, `maxcount`, `incrtime`, `ExtendedCost`, `type`) values('442455','0','70947','0','0','3557','1');
insert into `npc_vendor` (`entry`, `slot`, `item`, `maxcount`, `incrtime`, `ExtendedCost`, `type`) values('442455','0','70948','0','0','3564','1');
insert into `npc_vendor` (`entry`, `slot`, `item`, `maxcount`, `incrtime`, `ExtendedCost`, `type`) values('442455','0','70949','0','0','3556','1');
insert into `npc_vendor` (`entry`, `slot`, `item`, `maxcount`, `incrtime`, `ExtendedCost`, `type`) values('442455','0','70950','0','0','3557','1');
insert into `npc_vendor` (`entry`, `slot`, `item`, `maxcount`, `incrtime`, `ExtendedCost`, `type`) values('442455','0','70951','0','0','3569','1');
insert into `npc_vendor` (`entry`, `slot`, `item`, `maxcount`, `incrtime`, `ExtendedCost`, `type`) values('442455','0','70952','0','0','3557','1');
insert into `npc_vendor` (`entry`, `slot`, `item`, `maxcount`, `incrtime`, `ExtendedCost`, `type`) values('442455','0','70953','0','0','3556','1');
insert into `npc_vendor` (`entry`, `slot`, `item`, `maxcount`, `incrtime`, `ExtendedCost`, `type`) values('442455','0','70954','0','0','3566','1');
insert into `npc_vendor` (`entry`, `slot`, `item`, `maxcount`, `incrtime`, `ExtendedCost`, `type`) values('442455','0','70955','0','0','3557','1');
insert into `npc_vendor` (`entry`, `slot`, `item`, `maxcount`, `incrtime`, `ExtendedCost`, `type`) values('442455','0','71045','0','0','3557','1');
insert into `npc_vendor` (`entry`, `slot`, `item`, `maxcount`, `incrtime`, `ExtendedCost`, `type`) values('442455','0','71046','0','0','3556','1');
insert into `npc_vendor` (`entry`, `slot`, `item`, `maxcount`, `incrtime`, `ExtendedCost`, `type`) values('442455','0','71047','0','0','3566','1');
insert into `npc_vendor` (`entry`, `slot`, `item`, `maxcount`, `incrtime`, `ExtendedCost`, `type`) values('442455','0','71048','0','0','3557','1');
insert into `npc_vendor` (`entry`, `slot`, `item`, `maxcount`, `incrtime`, `ExtendedCost`, `type`) values('442455','0','71049','0','0','3569','1');
insert into `npc_vendor` (`entry`, `slot`, `item`, `maxcount`, `incrtime`, `ExtendedCost`, `type`) values('442455','0','71050','0','0','3556','1');
insert into `npc_vendor` (`entry`, `slot`, `item`, `maxcount`, `incrtime`, `ExtendedCost`, `type`) values('442455','0','71051','0','0','3565','1');
insert into `npc_vendor` (`entry`, `slot`, `item`, `maxcount`, `incrtime`, `ExtendedCost`, `type`) values('442455','0','71052','0','0','3557','1');
insert into `npc_vendor` (`entry`, `slot`, `item`, `maxcount`, `incrtime`, `ExtendedCost`, `type`) values('442455','0','71053','0','0','3568','1');
insert into `npc_vendor` (`entry`, `slot`, `item`, `maxcount`, `incrtime`, `ExtendedCost`, `type`) values('442455','0','71054','0','0','3557','1');
insert into `npc_vendor` (`entry`, `slot`, `item`, `maxcount`, `incrtime`, `ExtendedCost`, `type`) values('442455','0','71058','0','0','3557','1');
insert into `npc_vendor` (`entry`, `slot`, `item`, `maxcount`, `incrtime`, `ExtendedCost`, `type`) values('442455','0','71059','0','0','3556','1');
insert into `npc_vendor` (`entry`, `slot`, `item`, `maxcount`, `incrtime`, `ExtendedCost`, `type`) values('442455','0','71060','0','0','3566','1');
insert into `npc_vendor` (`entry`, `slot`, `item`, `maxcount`, `incrtime`, `ExtendedCost`, `type`) values('442455','0','71061','0','0','3557','1');
insert into `npc_vendor` (`entry`, `slot`, `item`, `maxcount`, `incrtime`, `ExtendedCost`, `type`) values('442455','0','71062','0','0','3569','1');
insert into `npc_vendor` (`entry`, `slot`, `item`, `maxcount`, `incrtime`, `ExtendedCost`, `type`) values('442455','0','71063','0','0','3557','1');
insert into `npc_vendor` (`entry`, `slot`, `item`, `maxcount`, `incrtime`, `ExtendedCost`, `type`) values('442455','0','71064','0','0','3556','1');
insert into `npc_vendor` (`entry`, `slot`, `item`, `maxcount`, `incrtime`, `ExtendedCost`, `type`) values('442455','0','71065','0','0','3564','1');
insert into `npc_vendor` (`entry`, `slot`, `item`, `maxcount`, `incrtime`, `ExtendedCost`, `type`) values('442455','0','71066','0','0','3557','1');
insert into `npc_vendor` (`entry`, `slot`, `item`, `maxcount`, `incrtime`, `ExtendedCost`, `type`) values('442455','0','71067','0','0','3567','1');
insert into `npc_vendor` (`entry`, `slot`, `item`, `maxcount`, `incrtime`, `ExtendedCost`, `type`) values('442455','0','71068','0','0','3557','1');
insert into `npc_vendor` (`entry`, `slot`, `item`, `maxcount`, `incrtime`, `ExtendedCost`, `type`) values('442455','0','71069','0','0','3556','1');
insert into `npc_vendor` (`entry`, `slot`, `item`, `maxcount`, `incrtime`, `ExtendedCost`, `type`) values('442455','0','71070','0','0','3565','1');
insert into `npc_vendor` (`entry`, `slot`, `item`, `maxcount`, `incrtime`, `ExtendedCost`, `type`) values('442455','0','71071','0','0','3557','1');
insert into `npc_vendor` (`entry`, `slot`, `item`, `maxcount`, `incrtime`, `ExtendedCost`, `type`) values('442455','0','71072','0','0','3568','1');
insert into `npc_vendor` (`entry`, `slot`, `item`, `maxcount`, `incrtime`, `ExtendedCost`, `type`) values('442455','0','71091','0','0','3557','1');
insert into `npc_vendor` (`entry`, `slot`, `item`, `maxcount`, `incrtime`, `ExtendedCost`, `type`) values('442455','0','71092','0','0','3556','1');
insert into `npc_vendor` (`entry`, `slot`, `item`, `maxcount`, `incrtime`, `ExtendedCost`, `type`) values('442455','0','71093','0','0','3564','1');
insert into `npc_vendor` (`entry`, `slot`, `item`, `maxcount`, `incrtime`, `ExtendedCost`, `type`) values('442455','0','71094','0','0','3557','1');
insert into `npc_vendor` (`entry`, `slot`, `item`, `maxcount`, `incrtime`, `ExtendedCost`, `type`) values('442455','0','71095','0','0','3567','1');
insert into `npc_vendor` (`entry`, `slot`, `item`, `maxcount`, `incrtime`, `ExtendedCost`, `type`) values('442455','0','71097','0','0','3556','1');
insert into `npc_vendor` (`entry`, `slot`, `item`, `maxcount`, `incrtime`, `ExtendedCost`, `type`) values('442455','0','71098','0','0','3566','1');
insert into `npc_vendor` (`entry`, `slot`, `item`, `maxcount`, `incrtime`, `ExtendedCost`, `type`) values('442455','0','71099','0','0','3557','1');
insert into `npc_vendor` (`entry`, `slot`, `item`, `maxcount`, `incrtime`, `ExtendedCost`, `type`) values('442455','0','71100','0','0','3557','1');
insert into `npc_vendor` (`entry`, `slot`, `item`, `maxcount`, `incrtime`, `ExtendedCost`, `type`) values('442455','0','71101','0','0','3569','1');
insert into `npc_vendor` (`entry`, `slot`, `item`, `maxcount`, `incrtime`, `ExtendedCost`, `type`) values('442455','0','71102','0','0','3556','1');
insert into `npc_vendor` (`entry`, `slot`, `item`, `maxcount`, `incrtime`, `ExtendedCost`, `type`) values('442455','0','71103','0','0','3566','1');
insert into `npc_vendor` (`entry`, `slot`, `item`, `maxcount`, `incrtime`, `ExtendedCost`, `type`) values('442455','0','71104','0','0','3557','1');
insert into `npc_vendor` (`entry`, `slot`, `item`, `maxcount`, `incrtime`, `ExtendedCost`, `type`) values('442455','0','71105','0','0','3557','1');
insert into `npc_vendor` (`entry`, `slot`, `item`, `maxcount`, `incrtime`, `ExtendedCost`, `type`) values('442455','0','71106','0','0','3569','1');
insert into `npc_vendor` (`entry`, `slot`, `item`, `maxcount`, `incrtime`, `ExtendedCost`, `type`) values('442455','0','71107','0','0','3556','1');
insert into `npc_vendor` (`entry`, `slot`, `item`, `maxcount`, `incrtime`, `ExtendedCost`, `type`) values('442455','0','71108','0','0','3566','1');
insert into `npc_vendor` (`entry`, `slot`, `item`, `maxcount`, `incrtime`, `ExtendedCost`, `type`) values('442455','0','71109','0','0','3557','1');
insert into `npc_vendor` (`entry`, `slot`, `item`, `maxcount`, `incrtime`, `ExtendedCost`, `type`) values('442455','0','71110','0','0','3557','1');
insert into `npc_vendor` (`entry`, `slot`, `item`, `maxcount`, `incrtime`, `ExtendedCost`, `type`) values('442455','0','71111','0','0','3569','1');
insert into `npc_vendor` (`entry`, `slot`, `item`, `maxcount`, `incrtime`, `ExtendedCost`, `type`) values('442455','0','71129','0','0','3555','1');
insert into `npc_vendor` (`entry`, `slot`, `item`, `maxcount`, `incrtime`, `ExtendedCost`, `type`) values('442455','0','71130','0','0','3555','1');
insert into `npc_vendor` (`entry`, `slot`, `item`, `maxcount`, `incrtime`, `ExtendedCost`, `type`) values('442455','0','71146','0','0','3553','1');
insert into `npc_vendor` (`entry`, `slot`, `item`, `maxcount`, `incrtime`, `ExtendedCost`, `type`) values('442455','0','71147','0','0','3553','1');
insert into `npc_vendor` (`entry`, `slot`, `item`, `maxcount`, `incrtime`, `ExtendedCost`, `type`) values('442455','0','71148','0','0','3553','1');
insert into `npc_vendor` (`entry`, `slot`, `item`, `maxcount`, `incrtime`, `ExtendedCost`, `type`) values('442455','0','71149','0','0','3553','1');
insert into `npc_vendor` (`entry`, `slot`, `item`, `maxcount`, `incrtime`, `ExtendedCost`, `type`) values('442455','0','71150','0','0','3553','1');
insert into `npc_vendor` (`entry`, `slot`, `item`, `maxcount`, `incrtime`, `ExtendedCost`, `type`) values('442455','0','71151','0','0','3553','1');
insert into `npc_vendor` (`entry`, `slot`, `item`, `maxcount`, `incrtime`, `ExtendedCost`, `type`) values('442455','0','71152','0','0','3553','1');
insert into `npc_vendor` (`entry`, `slot`, `item`, `maxcount`, `incrtime`, `ExtendedCost`, `type`) values('442455','0','71154','0','0','3553','1');
insert into `npc_vendor` (`entry`, `slot`, `item`, `maxcount`, `incrtime`, `ExtendedCost`, `type`) values('442455','0','71208','0','0','3555','1');
insert into `npc_vendor` (`entry`, `slot`, `item`, `maxcount`, `incrtime`, `ExtendedCost`, `type`) values('442455','0','71209','0','0','3555','1');
insert into `npc_vendor` (`entry`, `slot`, `item`, `maxcount`, `incrtime`, `ExtendedCost`, `type`) values('442455','0','71210','0','0','3555','1');
insert into `npc_vendor` (`entry`, `slot`, `item`, `maxcount`, `incrtime`, `ExtendedCost`, `type`) values('442455','0','71211','0','0','3555','1');
insert into `npc_vendor` (`entry`, `slot`, `item`, `maxcount`, `incrtime`, `ExtendedCost`, `type`) values('442455','0','71212','0','0','3555','1');
insert into `npc_vendor` (`entry`, `slot`, `item`, `maxcount`, `incrtime`, `ExtendedCost`, `type`) values('442455','0','71213','0','0','3555','1');
insert into `npc_vendor` (`entry`, `slot`, `item`, `maxcount`, `incrtime`, `ExtendedCost`, `type`) values('442455','0','71214','0','0','3555','1');
insert into `npc_vendor` (`entry`, `slot`, `item`, `maxcount`, `incrtime`, `ExtendedCost`, `type`) values('442455','0','71218','0','0','3553','1');
insert into `npc_vendor` (`entry`, `slot`, `item`, `maxcount`, `incrtime`, `ExtendedCost`, `type`) values('442455','0','71260','0','0','3555','1');
insert into `npc_vendor` (`entry`, `slot`, `item`, `maxcount`, `incrtime`, `ExtendedCost`, `type`) values('442455','0','71261','0','0','3555','1');
insert into `npc_vendor` (`entry`, `slot`, `item`, `maxcount`, `incrtime`, `ExtendedCost`, `type`) values('442455','0','71262','0','0','3555','1');
insert into `npc_vendor` (`entry`, `slot`, `item`, `maxcount`, `incrtime`, `ExtendedCost`, `type`) values('442455','0','71263','0','0','3555','1');
insert into `npc_vendor` (`entry`, `slot`, `item`, `maxcount`, `incrtime`, `ExtendedCost`, `type`) values('442455','0','71264','0','0','3555','1');
insert into `npc_vendor` (`entry`, `slot`, `item`, `maxcount`, `incrtime`, `ExtendedCost`, `type`) values('442455','0','71265','0','0','3555','1');
insert into `npc_vendor` (`entry`, `slot`, `item`, `maxcount`, `incrtime`, `ExtendedCost`, `type`) values('442455','0','71266','0','0','3555','1');
insert into `npc_vendor` (`entry`, `slot`, `item`, `maxcount`, `incrtime`, `ExtendedCost`, `type`) values('442455','0','71271','0','0','3556','1');
insert into `npc_vendor` (`entry`, `slot`, `item`, `maxcount`, `incrtime`, `ExtendedCost`, `type`) values('442455','0','71272','0','0','3564','1');
insert into `npc_vendor` (`entry`, `slot`, `item`, `maxcount`, `incrtime`, `ExtendedCost`, `type`) values('442455','0','71273','0','0','3557','1');
insert into `npc_vendor` (`entry`, `slot`, `item`, `maxcount`, `incrtime`, `ExtendedCost`, `type`) values('442455','0','71274','0','0','3557','1');
insert into `npc_vendor` (`entry`, `slot`, `item`, `maxcount`, `incrtime`, `ExtendedCost`, `type`) values('442455','0','71275','0','0','3567','1');
insert into `npc_vendor` (`entry`, `slot`, `item`, `maxcount`, `incrtime`, `ExtendedCost`, `type`) values('442455','0','71276','0','0','3556','1');
insert into `npc_vendor` (`entry`, `slot`, `item`, `maxcount`, `incrtime`, `ExtendedCost`, `type`) values('442455','0','71277','0','0','3564','1');
insert into `npc_vendor` (`entry`, `slot`, `item`, `maxcount`, `incrtime`, `ExtendedCost`, `type`) values('442455','0','71278','0','0','3557','1');
insert into `npc_vendor` (`entry`, `slot`, `item`, `maxcount`, `incrtime`, `ExtendedCost`, `type`) values('442455','0','71279','0','0','3557','1');
insert into `npc_vendor` (`entry`, `slot`, `item`, `maxcount`, `incrtime`, `ExtendedCost`, `type`) values('442455','0','71280','0','0','3567','1');
insert into `npc_vendor` (`entry`, `slot`, `item`, `maxcount`, `incrtime`, `ExtendedCost`, `type`) values('442455','0','71281','0','0','3556','1');
insert into `npc_vendor` (`entry`, `slot`, `item`, `maxcount`, `incrtime`, `ExtendedCost`, `type`) values('442455','0','71282','0','0','3564','1');
insert into `npc_vendor` (`entry`, `slot`, `item`, `maxcount`, `incrtime`, `ExtendedCost`, `type`) values('442455','0','71283','0','0','3557','1');
insert into `npc_vendor` (`entry`, `slot`, `item`, `maxcount`, `incrtime`, `ExtendedCost`, `type`) values('442455','0','71284','0','0','3557','1');
insert into `npc_vendor` (`entry`, `slot`, `item`, `maxcount`, `incrtime`, `ExtendedCost`, `type`) values('442455','0','71285','0','0','3567','1');
insert into `npc_vendor` (`entry`, `slot`, `item`, `maxcount`, `incrtime`, `ExtendedCost`, `type`) values('442455','0','71286','0','0','3556','1');
insert into `npc_vendor` (`entry`, `slot`, `item`, `maxcount`, `incrtime`, `ExtendedCost`, `type`) values('442455','0','71287','0','0','3566','1');
insert into `npc_vendor` (`entry`, `slot`, `item`, `maxcount`, `incrtime`, `ExtendedCost`, `type`) values('442455','0','71288','0','0','3557','1');
insert into `npc_vendor` (`entry`, `slot`, `item`, `maxcount`, `incrtime`, `ExtendedCost`, `type`) values('442455','0','71289','0','0','3557','1');
insert into `npc_vendor` (`entry`, `slot`, `item`, `maxcount`, `incrtime`, `ExtendedCost`, `type`) values('442455','0','71290','0','0','3569','1');
insert into `npc_vendor` (`entry`, `slot`, `item`, `maxcount`, `incrtime`, `ExtendedCost`, `type`) values('442455','0','71291','0','0','3557','1');
insert into `npc_vendor` (`entry`, `slot`, `item`, `maxcount`, `incrtime`, `ExtendedCost`, `type`) values('442455','0','71292','0','0','3556','1');
insert into `npc_vendor` (`entry`, `slot`, `item`, `maxcount`, `incrtime`, `ExtendedCost`, `type`) values('442455','0','71293','0','0','3565','1');
insert into `npc_vendor` (`entry`, `slot`, `item`, `maxcount`, `incrtime`, `ExtendedCost`, `type`) values('442455','0','71294','0','0','3557','1');
insert into `npc_vendor` (`entry`, `slot`, `item`, `maxcount`, `incrtime`, `ExtendedCost`, `type`) values('442455','0','71295','0','0','3568','1');
insert into `npc_vendor` (`entry`, `slot`, `item`, `maxcount`, `incrtime`, `ExtendedCost`, `type`) values('442455','0','71296','0','0','3557','1');
insert into `npc_vendor` (`entry`, `slot`, `item`, `maxcount`, `incrtime`, `ExtendedCost`, `type`) values('442455','0','71297','0','0','3556','1');
insert into `npc_vendor` (`entry`, `slot`, `item`, `maxcount`, `incrtime`, `ExtendedCost`, `type`) values('442455','0','71298','0','0','3565','1');
insert into `npc_vendor` (`entry`, `slot`, `item`, `maxcount`, `incrtime`, `ExtendedCost`, `type`) values('442455','0','71299','0','0','3557','1');
insert into `npc_vendor` (`entry`, `slot`, `item`, `maxcount`, `incrtime`, `ExtendedCost`, `type`) values('442455','0','71300','0','0','3568','1');
insert into `npc_vendor` (`entry`, `slot`, `item`, `maxcount`, `incrtime`, `ExtendedCost`, `type`) values('442455','0','71301','0','0','3557','1');
insert into `npc_vendor` (`entry`, `slot`, `item`, `maxcount`, `incrtime`, `ExtendedCost`, `type`) values('442455','0','71302','0','0','3556','1');
insert into `npc_vendor` (`entry`, `slot`, `item`, `maxcount`, `incrtime`, `ExtendedCost`, `type`) values('442455','0','71303','0','0','3565','1');
insert into `npc_vendor` (`entry`, `slot`, `item`, `maxcount`, `incrtime`, `ExtendedCost`, `type`) values('442455','0','71304','0','0','3557','1');
insert into `npc_vendor` (`entry`, `slot`, `item`, `maxcount`, `incrtime`, `ExtendedCost`, `type`) values('442455','0','71305','0','0','3568','1');
insert into `npc_vendor` (`entry`, `slot`, `item`, `maxcount`, `incrtime`, `ExtendedCost`, `type`) values('442455','0','71476','0','0','3609','1');
insert into `npc_vendor` (`entry`, `slot`, `item`, `maxcount`, `incrtime`, `ExtendedCost`, `type`) values('442455','0','71477','0','0','3589','1');
insert into `npc_vendor` (`entry`, `slot`, `item`, `maxcount`, `incrtime`, `ExtendedCost`, `type`) values('442455','0','71478','0','0','3563','1');
insert into `npc_vendor` (`entry`, `slot`, `item`, `maxcount`, `incrtime`, `ExtendedCost`, `type`) values('442455','0','71479','0','0','3570','1');
insert into `npc_vendor` (`entry`, `slot`, `item`, `maxcount`, `incrtime`, `ExtendedCost`, `type`) values('442455','0','71480','0','0','3560','1');
insert into `npc_vendor` (`entry`, `slot`, `item`, `maxcount`, `incrtime`, `ExtendedCost`, `type`) values('442455','0','71481','0','0','3610','1');
insert into `npc_vendor` (`entry`, `slot`, `item`, `maxcount`, `incrtime`, `ExtendedCost`, `type`) values('442455','0','71482','0','0','3590','1');
insert into `npc_vendor` (`entry`, `slot`, `item`, `maxcount`, `incrtime`, `ExtendedCost`, `type`) values('442455','0','71483','0','0','3563','1');
insert into `npc_vendor` (`entry`, `slot`, `item`, `maxcount`, `incrtime`, `ExtendedCost`, `type`) values('442455','0','71484','0','0','3571','1');
insert into `npc_vendor` (`entry`, `slot`, `item`, `maxcount`, `incrtime`, `ExtendedCost`, `type`) values('442455','0','71485','0','0','3560','1');
insert into `npc_vendor` (`entry`, `slot`, `item`, `maxcount`, `incrtime`, `ExtendedCost`, `type`) values('442455','0','71486','0','0','3611','1');
insert into `npc_vendor` (`entry`, `slot`, `item`, `maxcount`, `incrtime`, `ExtendedCost`, `type`) values('442455','0','71487','0','0','3591','1');
insert into `npc_vendor` (`entry`, `slot`, `item`, `maxcount`, `incrtime`, `ExtendedCost`, `type`) values('442455','0','71488','0','0','3563','1');
insert into `npc_vendor` (`entry`, `slot`, `item`, `maxcount`, `incrtime`, `ExtendedCost`, `type`) values('442455','0','71489','0','0','3572','1');
insert into `npc_vendor` (`entry`, `slot`, `item`, `maxcount`, `incrtime`, `ExtendedCost`, `type`) values('442455','0','71490','0','0','3560','1');
insert into `npc_vendor` (`entry`, `slot`, `item`, `maxcount`, `incrtime`, `ExtendedCost`, `type`) values('442455','0','71491','0','0','3592','1');
insert into `npc_vendor` (`entry`, `slot`, `item`, `maxcount`, `incrtime`, `ExtendedCost`, `type`) values('442455','0','71492','0','0','3563','1');
insert into `npc_vendor` (`entry`, `slot`, `item`, `maxcount`, `incrtime`, `ExtendedCost`, `type`) values('442455','0','71493','0','0','3573','1');
insert into `npc_vendor` (`entry`, `slot`, `item`, `maxcount`, `incrtime`, `ExtendedCost`, `type`) values('442455','0','71494','0','0','3613','1');
insert into `npc_vendor` (`entry`, `slot`, `item`, `maxcount`, `incrtime`, `ExtendedCost`, `type`) values('442455','0','71495','0','0','3560','1');
insert into `npc_vendor` (`entry`, `slot`, `item`, `maxcount`, `incrtime`, `ExtendedCost`, `type`) values('442455','0','71496','0','0','3593','1');
insert into `npc_vendor` (`entry`, `slot`, `item`, `maxcount`, `incrtime`, `ExtendedCost`, `type`) values('442455','0','71497','0','0','3563','1');
insert into `npc_vendor` (`entry`, `slot`, `item`, `maxcount`, `incrtime`, `ExtendedCost`, `type`) values('442455','0','71498','0','0','3574','1');
insert into `npc_vendor` (`entry`, `slot`, `item`, `maxcount`, `incrtime`, `ExtendedCost`, `type`) values('442455','0','71499','0','0','3614','1');
insert into `npc_vendor` (`entry`, `slot`, `item`, `maxcount`, `incrtime`, `ExtendedCost`, `type`) values('442455','0','71500','0','0','3560','1');
insert into `npc_vendor` (`entry`, `slot`, `item`, `maxcount`, `incrtime`, `ExtendedCost`, `type`) values('442455','0','71501','0','0','3622','1');
insert into `npc_vendor` (`entry`, `slot`, `item`, `maxcount`, `incrtime`, `ExtendedCost`, `type`) values('442455','0','71502','0','0','3596','1');
insert into `npc_vendor` (`entry`, `slot`, `item`, `maxcount`, `incrtime`, `ExtendedCost`, `type`) values('442455','0','71503','0','0','3562','1');
insert into `npc_vendor` (`entry`, `slot`, `item`, `maxcount`, `incrtime`, `ExtendedCost`, `type`) values('442455','0','71504','0','0','3577','1');
insert into `npc_vendor` (`entry`, `slot`, `item`, `maxcount`, `incrtime`, `ExtendedCost`, `type`) values('442455','0','71505','0','0','3559','1');
insert into `npc_vendor` (`entry`, `slot`, `item`, `maxcount`, `incrtime`, `ExtendedCost`, `type`) values('442455','0','71507','0','0','3594','1');
insert into `npc_vendor` (`entry`, `slot`, `item`, `maxcount`, `incrtime`, `ExtendedCost`, `type`) values('442455','0','71508','0','0','3563','1');
insert into `npc_vendor` (`entry`, `slot`, `item`, `maxcount`, `incrtime`, `ExtendedCost`, `type`) values('442455','0','71509','0','0','3575','1');
insert into `npc_vendor` (`entry`, `slot`, `item`, `maxcount`, `incrtime`, `ExtendedCost`, `type`) values('442455','0','71510','0','0','3615','1');
insert into `npc_vendor` (`entry`, `slot`, `item`, `maxcount`, `incrtime`, `ExtendedCost`, `type`) values('442455','0','71511','0','0','3560','1');
insert into `npc_vendor` (`entry`, `slot`, `item`, `maxcount`, `incrtime`, `ExtendedCost`, `type`) values('442455','0','71512','0','0','3628','1');
insert into `npc_vendor` (`entry`, `slot`, `item`, `maxcount`, `incrtime`, `ExtendedCost`, `type`) values('442455','0','71513','0','0','3602','1');
insert into `npc_vendor` (`entry`, `slot`, `item`, `maxcount`, `incrtime`, `ExtendedCost`, `type`) values('442455','0','71514','0','0','3561','1');
insert into `npc_vendor` (`entry`, `slot`, `item`, `maxcount`, `incrtime`, `ExtendedCost`, `type`) values('442455','0','71515','0','0','3583','1');
insert into `npc_vendor` (`entry`, `slot`, `item`, `maxcount`, `incrtime`, `ExtendedCost`, `type`) values('442455','0','71516','0','0','3558','1');
insert into `npc_vendor` (`entry`, `slot`, `item`, `maxcount`, `incrtime`, `ExtendedCost`, `type`) values('442455','0','71517','0','0','3621','1');
insert into `npc_vendor` (`entry`, `slot`, `item`, `maxcount`, `incrtime`, `ExtendedCost`, `type`) values('442455','0','71518','0','0','3603','1');
insert into `npc_vendor` (`entry`, `slot`, `item`, `maxcount`, `incrtime`, `ExtendedCost`, `type`) values('442455','0','71519','0','0','3561','1');
insert into `npc_vendor` (`entry`, `slot`, `item`, `maxcount`, `incrtime`, `ExtendedCost`, `type`) values('442455','0','71520','0','0','3584','1');
insert into `npc_vendor` (`entry`, `slot`, `item`, `maxcount`, `incrtime`, `ExtendedCost`, `type`) values('442455','0','71521','0','0','3558','1');
insert into `npc_vendor` (`entry`, `slot`, `item`, `maxcount`, `incrtime`, `ExtendedCost`, `type`) values('442455','0','71522','0','0','3616','1');
insert into `npc_vendor` (`entry`, `slot`, `item`, `maxcount`, `incrtime`, `ExtendedCost`, `type`) values('442455','0','71523','0','0','3604','1');
insert into `npc_vendor` (`entry`, `slot`, `item`, `maxcount`, `incrtime`, `ExtendedCost`, `type`) values('442455','0','71524','0','0','3561','1');
insert into `npc_vendor` (`entry`, `slot`, `item`, `maxcount`, `incrtime`, `ExtendedCost`, `type`) values('442455','0','71525','0','0','3585','1');
insert into `npc_vendor` (`entry`, `slot`, `item`, `maxcount`, `incrtime`, `ExtendedCost`, `type`) values('442455','0','71526','0','0','3558','1');
insert into `npc_vendor` (`entry`, `slot`, `item`, `maxcount`, `incrtime`, `ExtendedCost`, `type`) values('442455','0','71527','0','0','3605','1');
insert into `npc_vendor` (`entry`, `slot`, `item`, `maxcount`, `incrtime`, `ExtendedCost`, `type`) values('442455','0','71528','0','0','3561','1');
insert into `npc_vendor` (`entry`, `slot`, `item`, `maxcount`, `incrtime`, `ExtendedCost`, `type`) values('442455','0','71529','0','0','3586','1');
insert into `npc_vendor` (`entry`, `slot`, `item`, `maxcount`, `incrtime`, `ExtendedCost`, `type`) values('442455','0','71530','0','0','3617','1');
insert into `npc_vendor` (`entry`, `slot`, `item`, `maxcount`, `incrtime`, `ExtendedCost`, `type`) values('442455','0','71531','0','0','3558','1');
insert into `npc_vendor` (`entry`, `slot`, `item`, `maxcount`, `incrtime`, `ExtendedCost`, `type`) values('442455','0','71532','0','0','3608','1');
insert into `npc_vendor` (`entry`, `slot`, `item`, `maxcount`, `incrtime`, `ExtendedCost`, `type`) values('442455','0','71533','0','0','3561','1');
insert into `npc_vendor` (`entry`, `slot`, `item`, `maxcount`, `incrtime`, `ExtendedCost`, `type`) values('442455','0','71534','0','0','3587','1');
insert into `npc_vendor` (`entry`, `slot`, `item`, `maxcount`, `incrtime`, `ExtendedCost`, `type`) values('442455','0','71535','0','0','3618','1');
insert into `npc_vendor` (`entry`, `slot`, `item`, `maxcount`, `incrtime`, `ExtendedCost`, `type`) values('442455','0','71536','0','0','3558','1');
insert into `npc_vendor` (`entry`, `slot`, `item`, `maxcount`, `incrtime`, `ExtendedCost`, `type`) values('442455','0','71537','0','0','3612','1');
insert into `npc_vendor` (`entry`, `slot`, `item`, `maxcount`, `incrtime`, `ExtendedCost`, `type`) values('442455','0','71538','0','0','3595','1');
insert into `npc_vendor` (`entry`, `slot`, `item`, `maxcount`, `incrtime`, `ExtendedCost`, `type`) values('442455','0','71539','0','0','3563','1');
insert into `npc_vendor` (`entry`, `slot`, `item`, `maxcount`, `incrtime`, `ExtendedCost`, `type`) values('442455','0','71540','0','0','3576','1');
insert into `npc_vendor` (`entry`, `slot`, `item`, `maxcount`, `incrtime`, `ExtendedCost`, `type`) values('442455','0','71541','0','0','3560','1');
insert into `npc_vendor` (`entry`, `slot`, `item`, `maxcount`, `incrtime`, `ExtendedCost`, `type`) values('442455','0','71542','0','0','3623','1');
insert into `npc_vendor` (`entry`, `slot`, `item`, `maxcount`, `incrtime`, `ExtendedCost`, `type`) values('442455','0','71543','0','0','3597','1');
insert into `npc_vendor` (`entry`, `slot`, `item`, `maxcount`, `incrtime`, `ExtendedCost`, `type`) values('442455','0','71544','0','0','3562','1');
insert into `npc_vendor` (`entry`, `slot`, `item`, `maxcount`, `incrtime`, `ExtendedCost`, `type`) values('442455','0','71545','0','0','3578','1');
insert into `npc_vendor` (`entry`, `slot`, `item`, `maxcount`, `incrtime`, `ExtendedCost`, `type`) values('442455','0','71546','0','0','3559','1');
insert into `npc_vendor` (`entry`, `slot`, `item`, `maxcount`, `incrtime`, `ExtendedCost`, `type`) values('442455','0','71547','0','0','3624','1');
insert into `npc_vendor` (`entry`, `slot`, `item`, `maxcount`, `incrtime`, `ExtendedCost`, `type`) values('442455','0','71548','0','0','3598','1');
insert into `npc_vendor` (`entry`, `slot`, `item`, `maxcount`, `incrtime`, `ExtendedCost`, `type`) values('442455','0','71549','0','0','3562','1');
insert into `npc_vendor` (`entry`, `slot`, `item`, `maxcount`, `incrtime`, `ExtendedCost`, `type`) values('442455','0','71550','0','0','3579','1');
insert into `npc_vendor` (`entry`, `slot`, `item`, `maxcount`, `incrtime`, `ExtendedCost`, `type`) values('442455','0','71551','0','0','3559','1');
insert into `npc_vendor` (`entry`, `slot`, `item`, `maxcount`, `incrtime`, `ExtendedCost`, `type`) values('442455','0','71552','0','0','3625','1');
insert into `npc_vendor` (`entry`, `slot`, `item`, `maxcount`, `incrtime`, `ExtendedCost`, `type`) values('442455','0','71553','0','0','3599','1');
insert into `npc_vendor` (`entry`, `slot`, `item`, `maxcount`, `incrtime`, `ExtendedCost`, `type`) values('442455','0','71554','0','0','3562','1');
insert into `npc_vendor` (`entry`, `slot`, `item`, `maxcount`, `incrtime`, `ExtendedCost`, `type`) values('442455','0','71555','0','0','3580','1');
insert into `npc_vendor` (`entry`, `slot`, `item`, `maxcount`, `incrtime`, `ExtendedCost`, `type`) values('442455','0','71556','0','0','3559','1');
insert into `npc_vendor` (`entry`, `slot`, `item`, `maxcount`, `incrtime`, `ExtendedCost`, `type`) values('442455','0','71594','0','0','3607','1');
insert into `npc_vendor` (`entry`, `slot`, `item`, `maxcount`, `incrtime`, `ExtendedCost`, `type`) values('442455','0','71595','0','0','3561','1');
insert into `npc_vendor` (`entry`, `slot`, `item`, `maxcount`, `incrtime`, `ExtendedCost`, `type`) values('442455','0','71596','0','0','3588','1');
insert into `npc_vendor` (`entry`, `slot`, `item`, `maxcount`, `incrtime`, `ExtendedCost`, `type`) values('442455','0','71597','0','0','3619','1');
insert into `npc_vendor` (`entry`, `slot`, `item`, `maxcount`, `incrtime`, `ExtendedCost`, `type`) values('442455','0','71598','0','0','3558','1');
insert into `npc_vendor` (`entry`, `slot`, `item`, `maxcount`, `incrtime`, `ExtendedCost`, `type`) values('442455','0','71599','0','0','3562','1');
insert into `npc_vendor` (`entry`, `slot`, `item`, `maxcount`, `incrtime`, `ExtendedCost`, `type`) values('442455','0','71600','0','0','3626','1');
insert into `npc_vendor` (`entry`, `slot`, `item`, `maxcount`, `incrtime`, `ExtendedCost`, `type`) values('442455','0','71601','0','0','3600','1');
insert into `npc_vendor` (`entry`, `slot`, `item`, `maxcount`, `incrtime`, `ExtendedCost`, `type`) values('442455','0','71602','0','0','3581','1');
insert into `npc_vendor` (`entry`, `slot`, `item`, `maxcount`, `incrtime`, `ExtendedCost`, `type`) values('442455','0','71603','0','0','3559','1');
insert into `npc_vendor` (`entry`, `slot`, `item`, `maxcount`, `incrtime`, `ExtendedCost`, `type`) values('442455','0','71604','0','0','3627','1');
insert into `npc_vendor` (`entry`, `slot`, `item`, `maxcount`, `incrtime`, `ExtendedCost`, `type`) values('442455','0','71605','0','0','3601','1');
insert into `npc_vendor` (`entry`, `slot`, `item`, `maxcount`, `incrtime`, `ExtendedCost`, `type`) values('442455','0','71606','0','0','3562','1');
insert into `npc_vendor` (`entry`, `slot`, `item`, `maxcount`, `incrtime`, `ExtendedCost`, `type`) values('442455','0','71607','0','0','3582','1');
insert into `npc_vendor` (`entry`, `slot`, `item`, `maxcount`, `incrtime`, `ExtendedCost`, `type`) values('442455','0','71608','0','0','3559','1');
insert into `npc_vendor` (`entry`, `slot`, `item`, `maxcount`, `incrtime`, `ExtendedCost`, `type`) values('465555','0','57913','0','0','3039','1');
insert into `npc_vendor` (`entry`, `slot`, `item`, `maxcount`, `incrtime`, `ExtendedCost`, `type`) values('465555','0','57914','0','0','3039','1');
insert into `npc_vendor` (`entry`, `slot`, `item`, `maxcount`, `incrtime`, `ExtendedCost`, `type`) values('465555','0','57915','0','0','3039','1');
insert into `npc_vendor` (`entry`, `slot`, `item`, `maxcount`, `incrtime`, `ExtendedCost`, `type`) values('465555','0','57916','0','0','3039','1');
insert into `npc_vendor` (`entry`, `slot`, `item`, `maxcount`, `incrtime`, `ExtendedCost`, `type`) values('465555','0','57917','0','0','3039','1');
insert into `npc_vendor` (`entry`, `slot`, `item`, `maxcount`, `incrtime`, `ExtendedCost`, `type`) values('465555','0','57918','0','0','3039','1');
insert into `npc_vendor` (`entry`, `slot`, `item`, `maxcount`, `incrtime`, `ExtendedCost`, `type`) values('465555','0','57919','0','0','3039','1');
insert into `npc_vendor` (`entry`, `slot`, `item`, `maxcount`, `incrtime`, `ExtendedCost`, `type`) values('465555','0','57921','0','0','3039','1');
insert into `npc_vendor` (`entry`, `slot`, `item`, `maxcount`, `incrtime`, `ExtendedCost`, `type`) values('465555','0','57922','0','0','3039','1');
insert into `npc_vendor` (`entry`, `slot`, `item`, `maxcount`, `incrtime`, `ExtendedCost`, `type`) values('465555','0','57923','0','0','3041','1');
insert into `npc_vendor` (`entry`, `slot`, `item`, `maxcount`, `incrtime`, `ExtendedCost`, `type`) values('465555','0','57924','0','0','3041','1');
insert into `npc_vendor` (`entry`, `slot`, `item`, `maxcount`, `incrtime`, `ExtendedCost`, `type`) values('465555','0','57925','0','0','3041','1');
insert into `npc_vendor` (`entry`, `slot`, `item`, `maxcount`, `incrtime`, `ExtendedCost`, `type`) values('465555','0','57926','0','0','3041','1');
insert into `npc_vendor` (`entry`, `slot`, `item`, `maxcount`, `incrtime`, `ExtendedCost`, `type`) values('465555','0','57927','0','0','3041','1');
insert into `npc_vendor` (`entry`, `slot`, `item`, `maxcount`, `incrtime`, `ExtendedCost`, `type`) values('465555','0','57928','0','0','3041','1');
insert into `npc_vendor` (`entry`, `slot`, `item`, `maxcount`, `incrtime`, `ExtendedCost`, `type`) values('465555','0','57929','0','0','3041','1');
insert into `npc_vendor` (`entry`, `slot`, `item`, `maxcount`, `incrtime`, `ExtendedCost`, `type`) values('465555','0','57930','0','0','3351','1');
insert into `npc_vendor` (`entry`, `slot`, `item`, `maxcount`, `incrtime`, `ExtendedCost`, `type`) values('465555','0','57931','0','0','3351','1');
insert into `npc_vendor` (`entry`, `slot`, `item`, `maxcount`, `incrtime`, `ExtendedCost`, `type`) values('465555','0','57932','0','0','3351','1');
insert into `npc_vendor` (`entry`, `slot`, `item`, `maxcount`, `incrtime`, `ExtendedCost`, `type`) values('465555','0','57933','0','0','3351','1');
insert into `npc_vendor` (`entry`, `slot`, `item`, `maxcount`, `incrtime`, `ExtendedCost`, `type`) values('465555','0','57934','0','0','3351','1');
insert into `npc_vendor` (`entry`, `slot`, `item`, `maxcount`, `incrtime`, `ExtendedCost`, `type`) values('465555','0','58096','0','0','3363','1');
insert into `npc_vendor` (`entry`, `slot`, `item`, `maxcount`, `incrtime`, `ExtendedCost`, `type`) values('465555','0','58097','0','0','3363','1');
insert into `npc_vendor` (`entry`, `slot`, `item`, `maxcount`, `incrtime`, `ExtendedCost`, `type`) values('465555','0','58098','0','0','3363','1');
insert into `npc_vendor` (`entry`, `slot`, `item`, `maxcount`, `incrtime`, `ExtendedCost`, `type`) values('465555','0','58099','0','0','3039','1');
insert into `npc_vendor` (`entry`, `slot`, `item`, `maxcount`, `incrtime`, `ExtendedCost`, `type`) values('465555','0','58100','0','0','3039','1');
insert into `npc_vendor` (`entry`, `slot`, `item`, `maxcount`, `incrtime`, `ExtendedCost`, `type`) values('465555','0','58101','0','0','3363','1');
insert into `npc_vendor` (`entry`, `slot`, `item`, `maxcount`, `incrtime`, `ExtendedCost`, `type`) values('465555','0','58102','0','0','3363','1');
insert into `npc_vendor` (`entry`, `slot`, `item`, `maxcount`, `incrtime`, `ExtendedCost`, `type`) values('465555','0','58103','0','0','3363','1');
insert into `npc_vendor` (`entry`, `slot`, `item`, `maxcount`, `incrtime`, `ExtendedCost`, `type`) values('465555','0','58104','0','0','3039','1');
insert into `npc_vendor` (`entry`, `slot`, `item`, `maxcount`, `incrtime`, `ExtendedCost`, `type`) values('465555','0','58105','0','0','3039','1');
insert into `npc_vendor` (`entry`, `slot`, `item`, `maxcount`, `incrtime`, `ExtendedCost`, `type`) values('465555','0','58106','0','0','3363','1');
insert into `npc_vendor` (`entry`, `slot`, `item`, `maxcount`, `incrtime`, `ExtendedCost`, `type`) values('465555','0','58107','0','0','3363','1');
insert into `npc_vendor` (`entry`, `slot`, `item`, `maxcount`, `incrtime`, `ExtendedCost`, `type`) values('465555','0','58108','0','0','3363','1');
insert into `npc_vendor` (`entry`, `slot`, `item`, `maxcount`, `incrtime`, `ExtendedCost`, `type`) values('465555','0','58109','0','0','3039','1');
insert into `npc_vendor` (`entry`, `slot`, `item`, `maxcount`, `incrtime`, `ExtendedCost`, `type`) values('465555','0','58110','0','0','3039','1');
insert into `npc_vendor` (`entry`, `slot`, `item`, `maxcount`, `incrtime`, `ExtendedCost`, `type`) values('465555','0','58121','0','0','3363','1');
insert into `npc_vendor` (`entry`, `slot`, `item`, `maxcount`, `incrtime`, `ExtendedCost`, `type`) values('465555','0','58122','0','0','3363','1');
insert into `npc_vendor` (`entry`, `slot`, `item`, `maxcount`, `incrtime`, `ExtendedCost`, `type`) values('465555','0','58123','0','0','3363','1');
insert into `npc_vendor` (`entry`, `slot`, `item`, `maxcount`, `incrtime`, `ExtendedCost`, `type`) values('465555','0','58124','0','0','3039','1');
insert into `npc_vendor` (`entry`, `slot`, `item`, `maxcount`, `incrtime`, `ExtendedCost`, `type`) values('465555','0','58125','0','0','3039','1');
insert into `npc_vendor` (`entry`, `slot`, `item`, `maxcount`, `incrtime`, `ExtendedCost`, `type`) values('465555','0','58126','0','0','3363','1');
insert into `npc_vendor` (`entry`, `slot`, `item`, `maxcount`, `incrtime`, `ExtendedCost`, `type`) values('465555','0','58127','0','0','3363','1');
insert into `npc_vendor` (`entry`, `slot`, `item`, `maxcount`, `incrtime`, `ExtendedCost`, `type`) values('465555','0','58128','0','0','3363','1');
insert into `npc_vendor` (`entry`, `slot`, `item`, `maxcount`, `incrtime`, `ExtendedCost`, `type`) values('465555','0','58129','0','0','3039','1');
insert into `npc_vendor` (`entry`, `slot`, `item`, `maxcount`, `incrtime`, `ExtendedCost`, `type`) values('465555','0','58130','0','0','3039','1');
insert into `npc_vendor` (`entry`, `slot`, `item`, `maxcount`, `incrtime`, `ExtendedCost`, `type`) values('465555','0','58131','0','0','3363','1');
insert into `npc_vendor` (`entry`, `slot`, `item`, `maxcount`, `incrtime`, `ExtendedCost`, `type`) values('465555','0','58132','0','0','3363','1');
insert into `npc_vendor` (`entry`, `slot`, `item`, `maxcount`, `incrtime`, `ExtendedCost`, `type`) values('465555','0','58133','0','0','3363','1');
insert into `npc_vendor` (`entry`, `slot`, `item`, `maxcount`, `incrtime`, `ExtendedCost`, `type`) values('465555','0','58134','0','0','3039','1');
insert into `npc_vendor` (`entry`, `slot`, `item`, `maxcount`, `incrtime`, `ExtendedCost`, `type`) values('465555','0','58138','0','0','3039','1');
insert into `npc_vendor` (`entry`, `slot`, `item`, `maxcount`, `incrtime`, `ExtendedCost`, `type`) values('465555','0','58139','0','0','3363','1');
insert into `npc_vendor` (`entry`, `slot`, `item`, `maxcount`, `incrtime`, `ExtendedCost`, `type`) values('465555','0','58140','0','0','3363','1');
insert into `npc_vendor` (`entry`, `slot`, `item`, `maxcount`, `incrtime`, `ExtendedCost`, `type`) values('465555','0','58150','0','0','3363','1');
insert into `npc_vendor` (`entry`, `slot`, `item`, `maxcount`, `incrtime`, `ExtendedCost`, `type`) values('465555','0','58151','0','0','3039','1');
insert into `npc_vendor` (`entry`, `slot`, `item`, `maxcount`, `incrtime`, `ExtendedCost`, `type`) values('465555','0','58152','0','0','3039','1');
insert into `npc_vendor` (`entry`, `slot`, `item`, `maxcount`, `incrtime`, `ExtendedCost`, `type`) values('465555','0','58153','0','0','3363','1');
insert into `npc_vendor` (`entry`, `slot`, `item`, `maxcount`, `incrtime`, `ExtendedCost`, `type`) values('465555','0','465555','0','0','3363','1');
insert into `npc_vendor` (`entry`, `slot`, `item`, `maxcount`, `incrtime`, `ExtendedCost`, `type`) values('465555','0','58155','0','0','3363','1');
insert into `npc_vendor` (`entry`, `slot`, `item`, `maxcount`, `incrtime`, `ExtendedCost`, `type`) values('465555','0','58157','0','0','3039','1');
insert into `npc_vendor` (`entry`, `slot`, `item`, `maxcount`, `incrtime`, `ExtendedCost`, `type`) values('465555','0','58158','0','0','3039','1');
insert into `npc_vendor` (`entry`, `slot`, `item`, `maxcount`, `incrtime`, `ExtendedCost`, `type`) values('465555','0','58159','0','0','3363','1');
insert into `npc_vendor` (`entry`, `slot`, `item`, `maxcount`, `incrtime`, `ExtendedCost`, `type`) values('465555','0','58160','0','0','3363','1');
insert into `npc_vendor` (`entry`, `slot`, `item`, `maxcount`, `incrtime`, `ExtendedCost`, `type`) values('465555','0','58161','0','0','3363','1');
insert into `npc_vendor` (`entry`, `slot`, `item`, `maxcount`, `incrtime`, `ExtendedCost`, `type`) values('465555','0','58162','0','0','3039','1');
insert into `npc_vendor` (`entry`, `slot`, `item`, `maxcount`, `incrtime`, `ExtendedCost`, `type`) values('465555','0','58163','0','0','3039','1');
insert into `npc_vendor` (`entry`, `slot`, `item`, `maxcount`, `incrtime`, `ExtendedCost`, `type`) values('465555','0','58180','0','0','3039','1');
insert into `npc_vendor` (`entry`, `slot`, `item`, `maxcount`, `incrtime`, `ExtendedCost`, `type`) values('465555','0','58181','0','0','3039','1');
insert into `npc_vendor` (`entry`, `slot`, `item`, `maxcount`, `incrtime`, `ExtendedCost`, `type`) values('465555','0','58182','0','0','3039','1');
insert into `npc_vendor` (`entry`, `slot`, `item`, `maxcount`, `incrtime`, `ExtendedCost`, `type`) values('465555','0','58183','0','0','3039','1');
insert into `npc_vendor` (`entry`, `slot`, `item`, `maxcount`, `incrtime`, `ExtendedCost`, `type`) values('465555','0','58184','0','0','3039','1');
insert into `npc_vendor` (`entry`, `slot`, `item`, `maxcount`, `incrtime`, `ExtendedCost`, `type`) values('465555','0','58185','0','0','3351','1');
insert into `npc_vendor` (`entry`, `slot`, `item`, `maxcount`, `incrtime`, `ExtendedCost`, `type`) values('465555','0','58187','0','0','3351','1');
insert into `npc_vendor` (`entry`, `slot`, `item`, `maxcount`, `incrtime`, `ExtendedCost`, `type`) values('465555','0','58188','0','0','3351','1');
insert into `npc_vendor` (`entry`, `slot`, `item`, `maxcount`, `incrtime`, `ExtendedCost`, `type`) values('465555','0','58189','0','0','3351','1');
insert into `npc_vendor` (`entry`, `slot`, `item`, `maxcount`, `incrtime`, `ExtendedCost`, `type`) values('465555','0','58190','0','0','3351','1');
insert into `npc_vendor` (`entry`, `slot`, `item`, `maxcount`, `incrtime`, `ExtendedCost`, `type`) values('465555','0','58191','0','0','3351','1');
insert into `npc_vendor` (`entry`, `slot`, `item`, `maxcount`, `incrtime`, `ExtendedCost`, `type`) values('465555','0','58192','0','0','3351','1');
insert into `npc_vendor` (`entry`, `slot`, `item`, `maxcount`, `incrtime`, `ExtendedCost`, `type`) values('465555','0','58193','0','0','3351','1');
insert into `npc_vendor` (`entry`, `slot`, `item`, `maxcount`, `incrtime`, `ExtendedCost`, `type`) values('465555','0','58194','0','0','3351','1');
insert into `npc_vendor` (`entry`, `slot`, `item`, `maxcount`, `incrtime`, `ExtendedCost`, `type`) values('465555','0','58195','0','0','3039','1');
insert into `npc_vendor` (`entry`, `slot`, `item`, `maxcount`, `incrtime`, `ExtendedCost`, `type`) values('465555','0','58197','0','0','3039','1');
insert into `npc_vendor` (`entry`, `slot`, `item`, `maxcount`, `incrtime`, `ExtendedCost`, `type`) values('465555','0','58198','0','0','3039','1');
insert into `npc_vendor` (`entry`, `slot`, `item`, `maxcount`, `incrtime`, `ExtendedCost`, `type`) values('465555','0','58199','0','0','3039','1');
insert into `npc_vendor` (`entry`, `slot`, `item`, `maxcount`, `incrtime`, `ExtendedCost`, `type`) values('465555','0','58481','0','0','3039','1');
insert into `npc_vendor` (`entry`, `slot`, `item`, `maxcount`, `incrtime`, `ExtendedCost`, `type`) values('465555','0','58482','0','0','3039','1');
insert into `npc_vendor` (`entry`, `slot`, `item`, `maxcount`, `incrtime`, `ExtendedCost`, `type`) values('465555','0','58484','0','0','3039','1');
insert into `npc_vendor` (`entry`, `slot`, `item`, `maxcount`, `incrtime`, `ExtendedCost`, `type`) values('465555','0','58485','0','0','3039','1');
insert into `npc_vendor` (`entry`, `slot`, `item`, `maxcount`, `incrtime`, `ExtendedCost`, `type`) values('465555','0','58486','0','0','3039','1');
insert into `npc_vendor` (`entry`, `slot`, `item`, `maxcount`, `incrtime`, `ExtendedCost`, `type`) values('465555','0','60243','0','0','3049','1');
insert into `npc_vendor` (`entry`, `slot`, `item`, `maxcount`, `incrtime`, `ExtendedCost`, `type`) values('465555','0','60244','0','0','3363','1');
insert into `npc_vendor` (`entry`, `slot`, `item`, `maxcount`, `incrtime`, `ExtendedCost`, `type`) values('465555','0','60245','0','0','3363','1');
insert into `npc_vendor` (`entry`, `slot`, `item`, `maxcount`, `incrtime`, `ExtendedCost`, `type`) values('465555','0','60246','0','0','3043','1');
insert into `npc_vendor` (`entry`, `slot`, `item`, `maxcount`, `incrtime`, `ExtendedCost`, `type`) values('465555','0','60247','0','0','3039','1');
insert into `npc_vendor` (`entry`, `slot`, `item`, `maxcount`, `incrtime`, `ExtendedCost`, `type`) values('465555','0','60248','0','0','3039','1');
insert into `npc_vendor` (`entry`, `slot`, `item`, `maxcount`, `incrtime`, `ExtendedCost`, `type`) values('465555','0','60249','0','0','3050','1');
insert into `npc_vendor` (`entry`, `slot`, `item`, `maxcount`, `incrtime`, `ExtendedCost`, `type`) values('465555','0','60250','0','0','3363','1');
insert into `npc_vendor` (`entry`, `slot`, `item`, `maxcount`, `incrtime`, `ExtendedCost`, `type`) values('465555','0','60251','0','0','3363','1');
insert into `npc_vendor` (`entry`, `slot`, `item`, `maxcount`, `incrtime`, `ExtendedCost`, `type`) values('465555','0','60252','0','0','3044','1');
insert into `npc_vendor` (`entry`, `slot`, `item`, `maxcount`, `incrtime`, `ExtendedCost`, `type`) values('465555','0','60253','0','0','3044','1');
insert into `npc_vendor` (`entry`, `slot`, `item`, `maxcount`, `incrtime`, `ExtendedCost`, `type`) values('465555','0','60254','0','0','3363','1');
insert into `npc_vendor` (`entry`, `slot`, `item`, `maxcount`, `incrtime`, `ExtendedCost`, `type`) values('465555','0','60255','0','0','3363','1');
insert into `npc_vendor` (`entry`, `slot`, `item`, `maxcount`, `incrtime`, `ExtendedCost`, `type`) values('465555','0','60256','0','0','3050','1');
insert into `npc_vendor` (`entry`, `slot`, `item`, `maxcount`, `incrtime`, `ExtendedCost`, `type`) values('465555','0','60257','0','0','3039','1');
insert into `npc_vendor` (`entry`, `slot`, `item`, `maxcount`, `incrtime`, `ExtendedCost`, `type`) values('465555','0','60258','0','0','3050','1');
insert into `npc_vendor` (`entry`, `slot`, `item`, `maxcount`, `incrtime`, `ExtendedCost`, `type`) values('465555','0','60259','0','0','3363','1');
insert into `npc_vendor` (`entry`, `slot`, `item`, `maxcount`, `incrtime`, `ExtendedCost`, `type`) values('465555','0','60261','0','0','3363','1');
insert into `npc_vendor` (`entry`, `slot`, `item`, `maxcount`, `incrtime`, `ExtendedCost`, `type`) values('465555','0','60262','0','0','3044','1');
insert into `npc_vendor` (`entry`, `slot`, `item`, `maxcount`, `incrtime`, `ExtendedCost`, `type`) values('465555','0','60275','0','0','3039','1');
insert into `npc_vendor` (`entry`, `slot`, `item`, `maxcount`, `incrtime`, `ExtendedCost`, `type`) values('465555','0','60276','0','0','3363','1');
insert into `npc_vendor` (`entry`, `slot`, `item`, `maxcount`, `incrtime`, `ExtendedCost`, `type`) values('465555','0','60277','0','0','3049','1');
insert into `npc_vendor` (`entry`, `slot`, `item`, `maxcount`, `incrtime`, `ExtendedCost`, `type`) values('465555','0','60278','0','0','3363','1');
insert into `npc_vendor` (`entry`, `slot`, `item`, `maxcount`, `incrtime`, `ExtendedCost`, `type`) values('465555','0','60279','0','0','3043','1');
insert into `npc_vendor` (`entry`, `slot`, `item`, `maxcount`, `incrtime`, `ExtendedCost`, `type`) values('465555','0','60280','0','0','3039','1');
insert into `npc_vendor` (`entry`, `slot`, `item`, `maxcount`, `incrtime`, `ExtendedCost`, `type`) values('465555','0','60281','0','0','3363','1');
insert into `npc_vendor` (`entry`, `slot`, `item`, `maxcount`, `incrtime`, `ExtendedCost`, `type`) values('465555','0','60282','0','0','3049','1');
insert into `npc_vendor` (`entry`, `slot`, `item`, `maxcount`, `incrtime`, `ExtendedCost`, `type`) values('465555','0','60283','0','0','3363','1');
insert into `npc_vendor` (`entry`, `slot`, `item`, `maxcount`, `incrtime`, `ExtendedCost`, `type`) values('465555','0','60284','0','0','3043','1');
insert into `npc_vendor` (`entry`, `slot`, `item`, `maxcount`, `incrtime`, `ExtendedCost`, `type`) values('465555','0','60285','0','0','3039','1');
insert into `npc_vendor` (`entry`, `slot`, `item`, `maxcount`, `incrtime`, `ExtendedCost`, `type`) values('465555','0','60286','0','0','3049','1');
insert into `npc_vendor` (`entry`, `slot`, `item`, `maxcount`, `incrtime`, `ExtendedCost`, `type`) values('465555','0','60287','0','0','3363','1');
insert into `npc_vendor` (`entry`, `slot`, `item`, `maxcount`, `incrtime`, `ExtendedCost`, `type`) values('465555','0','60288','0','0','3363','1');
insert into `npc_vendor` (`entry`, `slot`, `item`, `maxcount`, `incrtime`, `ExtendedCost`, `type`) values('465555','0','60289','0','0','3043','1');
insert into `npc_vendor` (`entry`, `slot`, `item`, `maxcount`, `incrtime`, `ExtendedCost`, `type`) values('465555','0','60290','0','0','3039','1');
insert into `npc_vendor` (`entry`, `slot`, `item`, `maxcount`, `incrtime`, `ExtendedCost`, `type`) values('465555','0','60298','0','0','3039','1');
insert into `npc_vendor` (`entry`, `slot`, `item`, `maxcount`, `incrtime`, `ExtendedCost`, `type`) values('465555','0','60299','0','0','3049','1');
insert into `npc_vendor` (`entry`, `slot`, `item`, `maxcount`, `incrtime`, `ExtendedCost`, `type`) values('465555','0','60300','0','0','3363','1');
insert into `npc_vendor` (`entry`, `slot`, `item`, `maxcount`, `incrtime`, `ExtendedCost`, `type`) values('465555','0','60301','0','0','3363','1');
insert into `npc_vendor` (`entry`, `slot`, `item`, `maxcount`, `incrtime`, `ExtendedCost`, `type`) values('465555','0','60302','0','0','3043','1');
insert into `npc_vendor` (`entry`, `slot`, `item`, `maxcount`, `incrtime`, `ExtendedCost`, `type`) values('465555','0','60303','0','0','3051','1');
insert into `npc_vendor` (`entry`, `slot`, `item`, `maxcount`, `incrtime`, `ExtendedCost`, `type`) values('465555','0','60304','0','0','3363','1');
insert into `npc_vendor` (`entry`, `slot`, `item`, `maxcount`, `incrtime`, `ExtendedCost`, `type`) values('465555','0','60305','0','0','3363','1');
insert into `npc_vendor` (`entry`, `slot`, `item`, `maxcount`, `incrtime`, `ExtendedCost`, `type`) values('465555','0','60306','0','0','3045','1');
insert into `npc_vendor` (`entry`, `slot`, `item`, `maxcount`, `incrtime`, `ExtendedCost`, `type`) values('465555','0','60307','0','0','3039','1');
insert into `npc_vendor` (`entry`, `slot`, `item`, `maxcount`, `incrtime`, `ExtendedCost`, `type`) values('465555','0','60308','0','0','3051','1');
insert into `npc_vendor` (`entry`, `slot`, `item`, `maxcount`, `incrtime`, `ExtendedCost`, `type`) values('465555','0','60309','0','0','3363','1');
insert into `npc_vendor` (`entry`, `slot`, `item`, `maxcount`, `incrtime`, `ExtendedCost`, `type`) values('465555','0','60310','0','0','3363','1');
insert into `npc_vendor` (`entry`, `slot`, `item`, `maxcount`, `incrtime`, `ExtendedCost`, `type`) values('465555','0','60311','0','0','3045','1');
insert into `npc_vendor` (`entry`, `slot`, `item`, `maxcount`, `incrtime`, `ExtendedCost`, `type`) values('465555','0','60312','0','0','3039','1');
insert into `npc_vendor` (`entry`, `slot`, `item`, `maxcount`, `incrtime`, `ExtendedCost`, `type`) values('465555','0','60313','0','0','3363','1');
insert into `npc_vendor` (`entry`, `slot`, `item`, `maxcount`, `incrtime`, `ExtendedCost`, `type`) values('465555','0','60314','0','0','3039','1');
insert into `npc_vendor` (`entry`, `slot`, `item`, `maxcount`, `incrtime`, `ExtendedCost`, `type`) values('465555','0','60315','0','0','3051','1');
insert into `npc_vendor` (`entry`, `slot`, `item`, `maxcount`, `incrtime`, `ExtendedCost`, `type`) values('465555','0','60316','0','0','3363','1');
insert into `npc_vendor` (`entry`, `slot`, `item`, `maxcount`, `incrtime`, `ExtendedCost`, `type`) values('465555','0','60317','0','0','3045','1');
insert into `npc_vendor` (`entry`, `slot`, `item`, `maxcount`, `incrtime`, `ExtendedCost`, `type`) values('465555','0','60318','0','0','3363','1');
insert into `npc_vendor` (`entry`, `slot`, `item`, `maxcount`, `incrtime`, `ExtendedCost`, `type`) values('465555','0','60319','0','0','3039','1');
insert into `npc_vendor` (`entry`, `slot`, `item`, `maxcount`, `incrtime`, `ExtendedCost`, `type`) values('465555','0','60320','0','0','3051','1');
insert into `npc_vendor` (`entry`, `slot`, `item`, `maxcount`, `incrtime`, `ExtendedCost`, `type`) values('465555','0','60321','0','0','3363','1');
insert into `npc_vendor` (`entry`, `slot`, `item`, `maxcount`, `incrtime`, `ExtendedCost`, `type`) values('465555','0','60322','0','0','3045','1');
insert into `npc_vendor` (`entry`, `slot`, `item`, `maxcount`, `incrtime`, `ExtendedCost`, `type`) values('465555','0','60323','0','0','3363','1');
insert into `npc_vendor` (`entry`, `slot`, `item`, `maxcount`, `incrtime`, `ExtendedCost`, `type`) values('465555','0','60324','0','0','3363','1');
insert into `npc_vendor` (`entry`, `slot`, `item`, `maxcount`, `incrtime`, `ExtendedCost`, `type`) values('465555','0','60325','0','0','3051','1');
insert into `npc_vendor` (`entry`, `slot`, `item`, `maxcount`, `incrtime`, `ExtendedCost`, `type`) values('465555','0','60326','0','0','3039','1');
insert into `npc_vendor` (`entry`, `slot`, `item`, `maxcount`, `incrtime`, `ExtendedCost`, `type`) values('465555','0','60327','0','0','3045','1');
insert into `npc_vendor` (`entry`, `slot`, `item`, `maxcount`, `incrtime`, `ExtendedCost`, `type`) values('465555','0','60328','0','0','3051','1');
insert into `npc_vendor` (`entry`, `slot`, `item`, `maxcount`, `incrtime`, `ExtendedCost`, `type`) values('465555','0','60329','0','0','3363','1');
insert into `npc_vendor` (`entry`, `slot`, `item`, `maxcount`, `incrtime`, `ExtendedCost`, `type`) values('465555','0','60330','0','0','3363','1');
insert into `npc_vendor` (`entry`, `slot`, `item`, `maxcount`, `incrtime`, `ExtendedCost`, `type`) values('465555','0','60331','0','0','3045','1');
insert into `npc_vendor` (`entry`, `slot`, `item`, `maxcount`, `incrtime`, `ExtendedCost`, `type`) values('465555','0','60332','0','0','3039','1');
insert into `npc_vendor` (`entry`, `slot`, `item`, `maxcount`, `incrtime`, `ExtendedCost`, `type`) values('465555','0','60339','0','0','3363','1');
insert into `npc_vendor` (`entry`, `slot`, `item`, `maxcount`, `incrtime`, `ExtendedCost`, `type`) values('465555','0','60340','0','0','3039','1');
insert into `npc_vendor` (`entry`, `slot`, `item`, `maxcount`, `incrtime`, `ExtendedCost`, `type`) values('465555','0','60341','0','0','3049','1');
insert into `npc_vendor` (`entry`, `slot`, `item`, `maxcount`, `incrtime`, `ExtendedCost`, `type`) values('465555','0','60342','0','0','3363','1');
insert into `npc_vendor` (`entry`, `slot`, `item`, `maxcount`, `incrtime`, `ExtendedCost`, `type`) values('465555','0','60343','0','0','3043','1');
insert into `npc_vendor` (`entry`, `slot`, `item`, `maxcount`, `incrtime`, `ExtendedCost`, `type`) values('465555','0','60344','0','0','3363','1');
insert into `npc_vendor` (`entry`, `slot`, `item`, `maxcount`, `incrtime`, `ExtendedCost`, `type`) values('465555','0','60345','0','0','3039','1');
insert into `npc_vendor` (`entry`, `slot`, `item`, `maxcount`, `incrtime`, `ExtendedCost`, `type`) values('465555','0','60346','0','0','3050','1');
insert into `npc_vendor` (`entry`, `slot`, `item`, `maxcount`, `incrtime`, `ExtendedCost`, `type`) values('465555','0','60347','0','0','3363','1');
insert into `npc_vendor` (`entry`, `slot`, `item`, `maxcount`, `incrtime`, `ExtendedCost`, `type`) values('465555','0','60348','0','0','3044','1');
insert into `npc_vendor` (`entry`, `slot`, `item`, `maxcount`, `incrtime`, `ExtendedCost`, `type`) values('465555','0','60349','0','0','3363','1');
insert into `npc_vendor` (`entry`, `slot`, `item`, `maxcount`, `incrtime`, `ExtendedCost`, `type`) values('465555','0','60350','0','0','3039','1');
insert into `npc_vendor` (`entry`, `slot`, `item`, `maxcount`, `incrtime`, `ExtendedCost`, `type`) values('465555','0','60351','0','0','3049','1');
insert into `npc_vendor` (`entry`, `slot`, `item`, `maxcount`, `incrtime`, `ExtendedCost`, `type`) values('465555','0','60352','0','0','3363','1');
insert into `npc_vendor` (`entry`, `slot`, `item`, `maxcount`, `incrtime`, `ExtendedCost`, `type`) values('465555','0','60353','0','0','3043','1');
insert into `npc_vendor` (`entry`, `slot`, `item`, `maxcount`, `incrtime`, `ExtendedCost`, `type`) values('465555','0','60354','0','0','3363','1');
insert into `npc_vendor` (`entry`, `slot`, `item`, `maxcount`, `incrtime`, `ExtendedCost`, `type`) values('465555','0','60355','0','0','3039','1');
insert into `npc_vendor` (`entry`, `slot`, `item`, `maxcount`, `incrtime`, `ExtendedCost`, `type`) values('465555','0','60356','0','0','3050','1');
insert into `npc_vendor` (`entry`, `slot`, `item`, `maxcount`, `incrtime`, `ExtendedCost`, `type`) values('465555','0','60357','0','0','3363','1');
insert into `npc_vendor` (`entry`, `slot`, `item`, `maxcount`, `incrtime`, `ExtendedCost`, `type`) values('465555','0','60358','0','0','3044','1');
insert into `npc_vendor` (`entry`, `slot`, `item`, `maxcount`, `incrtime`, `ExtendedCost`, `type`) values('465555','0','60359','0','0','3050','1');
insert into `npc_vendor` (`entry`, `slot`, `item`, `maxcount`, `incrtime`, `ExtendedCost`, `type`) values('465555','0','60360','0','0','3363','1');
insert into `npc_vendor` (`entry`, `slot`, `item`, `maxcount`, `incrtime`, `ExtendedCost`, `type`) values('465555','0','60361','0','0','3363','1');
insert into `npc_vendor` (`entry`, `slot`, `item`, `maxcount`, `incrtime`, `ExtendedCost`, `type`) values('465555','0','60362','0','0','3044','1');
insert into `npc_vendor` (`entry`, `slot`, `item`, `maxcount`, `incrtime`, `ExtendedCost`, `type`) values('465555','0','60363','0','0','3039','1');
insert into `npc_vendor` (`entry`, `slot`, `item`, `maxcount`, `incrtime`, `ExtendedCost`, `type`) values('465555','0','64671','0','0','3042','1');
insert into `npc_vendor` (`entry`, `slot`, `item`, `maxcount`, `incrtime`, `ExtendedCost`, `type`) values('465555','0','64672','0','0','3042','1');
insert into `npc_vendor` (`entry`, `slot`, `item`, `maxcount`, `incrtime`, `ExtendedCost`, `type`) values('465555','0','64673','0','0','3042','1');
insert into `npc_vendor` (`entry`, `slot`, `item`, `maxcount`, `incrtime`, `ExtendedCost`, `type`) values('465555','0','64674','0','0','3042','1');
insert into `npc_vendor` (`entry`, `slot`, `item`, `maxcount`, `incrtime`, `ExtendedCost`, `type`) values('465555','0','64676','0','0','3042','1');
insert into `npc_vendor` (`entry`, `slot`, `item`, `maxcount`, `incrtime`, `ExtendedCost`, `type`) values('465555','0','65000','0','0','3329','1');
insert into `npc_vendor` (`entry`, `slot`, `item`, `maxcount`, `incrtime`, `ExtendedCost`, `type`) values('465555','0','65001','0','0','3329','1');
insert into `npc_vendor` (`entry`, `slot`, `item`, `maxcount`, `incrtime`, `ExtendedCost`, `type`) values('465555','0','65002','0','0','3329','1');
insert into `npc_vendor` (`entry`, `slot`, `item`, `maxcount`, `incrtime`, `ExtendedCost`, `type`) values('465555','0','65087','0','0','3329','1');
insert into `npc_vendor` (`entry`, `slot`, `item`, `maxcount`, `incrtime`, `ExtendedCost`, `type`) values('465555','0','65088','0','0','3329','1');
insert into `npc_vendor` (`entry`, `slot`, `item`, `maxcount`, `incrtime`, `ExtendedCost`, `type`) values('465555','0','65089','0','0','3329','1');
insert into `npc_vendor` (`entry`, `slot`, `item`, `maxcount`, `incrtime`, `ExtendedCost`, `type`) values('465555','0','65179','0','0','3085','1');
insert into `npc_vendor` (`entry`, `slot`, `item`, `maxcount`, `incrtime`, `ExtendedCost`, `type`) values('465555','0','65180','0','0','3145','1');
insert into `npc_vendor` (`entry`, `slot`, `item`, `maxcount`, `incrtime`, `ExtendedCost`, `type`) values('465555','0','65181','0','0','3054','1');
insert into `npc_vendor` (`entry`, `slot`, `item`, `maxcount`, `incrtime`, `ExtendedCost`, `type`) values('465555','0','65182','0','0','3113','1');
insert into `npc_vendor` (`entry`, `slot`, `item`, `maxcount`, `incrtime`, `ExtendedCost`, `type`) values('465555','0','65183','0','0','3118','1');
insert into `npc_vendor` (`entry`, `slot`, `item`, `maxcount`, `incrtime`, `ExtendedCost`, `type`) values('465555','0','65184','0','0','3084','1');
insert into `npc_vendor` (`entry`, `slot`, `item`, `maxcount`, `incrtime`, `ExtendedCost`, `type`) values('465555','0','65185','0','0','3146','1');
insert into `npc_vendor` (`entry`, `slot`, `item`, `maxcount`, `incrtime`, `ExtendedCost`, `type`) values('465555','0','65186','0','0','3054','1');
insert into `npc_vendor` (`entry`, `slot`, `item`, `maxcount`, `incrtime`, `ExtendedCost`, `type`) values('465555','0','65187','0','0','3112','1');
insert into `npc_vendor` (`entry`, `slot`, `item`, `maxcount`, `incrtime`, `ExtendedCost`, `type`) values('465555','0','65188','0','0','3118','1');
insert into `npc_vendor` (`entry`, `slot`, `item`, `maxcount`, `incrtime`, `ExtendedCost`, `type`) values('465555','0','65189','0','0','3147','1');
insert into `npc_vendor` (`entry`, `slot`, `item`, `maxcount`, `incrtime`, `ExtendedCost`, `type`) values('465555','0','65190','0','0','3054','1');
insert into `npc_vendor` (`entry`, `slot`, `item`, `maxcount`, `incrtime`, `ExtendedCost`, `type`) values('465555','0','65191','0','0','3111','1');
insert into `npc_vendor` (`entry`, `slot`, `item`, `maxcount`, `incrtime`, `ExtendedCost`, `type`) values('465555','0','65192','0','0','3093','1');
insert into `npc_vendor` (`entry`, `slot`, `item`, `maxcount`, `incrtime`, `ExtendedCost`, `type`) values('465555','0','65193','0','0','3118','1');
insert into `npc_vendor` (`entry`, `slot`, `item`, `maxcount`, `incrtime`, `ExtendedCost`, `type`) values('465555','0','65194','0','0','3148','1');
insert into `npc_vendor` (`entry`, `slot`, `item`, `maxcount`, `incrtime`, `ExtendedCost`, `type`) values('465555','0','65195','0','0','3054','1');
insert into `npc_vendor` (`entry`, `slot`, `item`, `maxcount`, `incrtime`, `ExtendedCost`, `type`) values('465555','0','65196','0','0','3110','1');
insert into `npc_vendor` (`entry`, `slot`, `item`, `maxcount`, `incrtime`, `ExtendedCost`, `type`) values('465555','0','65197','0','0','3092','1');
insert into `npc_vendor` (`entry`, `slot`, `item`, `maxcount`, `incrtime`, `ExtendedCost`, `type`) values('465555','0','65198','0','0','3118','1');
insert into `npc_vendor` (`entry`, `slot`, `item`, `maxcount`, `incrtime`, `ExtendedCost`, `type`) values('465555','0','65199','0','0','3149','1');
insert into `npc_vendor` (`entry`, `slot`, `item`, `maxcount`, `incrtime`, `ExtendedCost`, `type`) values('465555','0','65200','0','0','3054','1');
insert into `npc_vendor` (`entry`, `slot`, `item`, `maxcount`, `incrtime`, `ExtendedCost`, `type`) values('465555','0','65201','0','0','3109','1');
insert into `npc_vendor` (`entry`, `slot`, `item`, `maxcount`, `incrtime`, `ExtendedCost`, `type`) values('465555','0','65202','0','0','3091','1');
insert into `npc_vendor` (`entry`, `slot`, `item`, `maxcount`, `incrtime`, `ExtendedCost`, `type`) values('465555','0','65203','0','0','3118','1');
insert into `npc_vendor` (`entry`, `slot`, `item`, `maxcount`, `incrtime`, `ExtendedCost`, `type`) values('465555','0','65204','0','0','3083','1');
insert into `npc_vendor` (`entry`, `slot`, `item`, `maxcount`, `incrtime`, `ExtendedCost`, `type`) values('465555','0','65205','0','0','3150','1');
insert into `npc_vendor` (`entry`, `slot`, `item`, `maxcount`, `incrtime`, `ExtendedCost`, `type`) values('465555','0','65206','0','0','3056','1');
insert into `npc_vendor` (`entry`, `slot`, `item`, `maxcount`, `incrtime`, `ExtendedCost`, `type`) values('465555','0','65207','0','0','3108','1');
insert into `npc_vendor` (`entry`, `slot`, `item`, `maxcount`, `incrtime`, `ExtendedCost`, `type`) values('465555','0','65208','0','0','3120','1');
insert into `npc_vendor` (`entry`, `slot`, `item`, `maxcount`, `incrtime`, `ExtendedCost`, `type`) values('465555','0','65209','0','0','3151','1');
insert into `npc_vendor` (`entry`, `slot`, `item`, `maxcount`, `incrtime`, `ExtendedCost`, `type`) values('465555','0','65210','0','0','3054','1');
insert into `npc_vendor` (`entry`, `slot`, `item`, `maxcount`, `incrtime`, `ExtendedCost`, `type`) values('465555','0','65211','0','0','3107','1');
insert into `npc_vendor` (`entry`, `slot`, `item`, `maxcount`, `incrtime`, `ExtendedCost`, `type`) values('465555','0','65212','0','0','3090','1');
insert into `npc_vendor` (`entry`, `slot`, `item`, `maxcount`, `incrtime`, `ExtendedCost`, `type`) values('465555','0','65213','0','0','3118','1');
insert into `npc_vendor` (`entry`, `slot`, `item`, `maxcount`, `incrtime`, `ExtendedCost`, `type`) values('465555','0','65214','0','0','3082','1');
insert into `npc_vendor` (`entry`, `slot`, `item`, `maxcount`, `incrtime`, `ExtendedCost`, `type`) values('465555','0','65215','0','0','3152','1');
insert into `npc_vendor` (`entry`, `slot`, `item`, `maxcount`, `incrtime`, `ExtendedCost`, `type`) values('465555','0','65216','0','0','3055','1');
insert into `npc_vendor` (`entry`, `slot`, `item`, `maxcount`, `incrtime`, `ExtendedCost`, `type`) values('465555','0','65217','0','0','3106','1');
insert into `npc_vendor` (`entry`, `slot`, `item`, `maxcount`, `incrtime`, `ExtendedCost`, `type`) values('465555','0','65218','0','0','3119','1');
insert into `npc_vendor` (`entry`, `slot`, `item`, `maxcount`, `incrtime`, `ExtendedCost`, `type`) values('465555','0','65219','0','0','3081','1');
insert into `npc_vendor` (`entry`, `slot`, `item`, `maxcount`, `incrtime`, `ExtendedCost`, `type`) values('465555','0','65220','0','0','3153','1');
insert into `npc_vendor` (`entry`, `slot`, `item`, `maxcount`, `incrtime`, `ExtendedCost`, `type`) values('465555','0','65221','0','0','3055','1');
insert into `npc_vendor` (`entry`, `slot`, `item`, `maxcount`, `incrtime`, `ExtendedCost`, `type`) values('465555','0','65222','0','0','3105','1');
insert into `npc_vendor` (`entry`, `slot`, `item`, `maxcount`, `incrtime`, `ExtendedCost`, `type`) values('465555','0','65223','0','0','3119','1');
insert into `npc_vendor` (`entry`, `slot`, `item`, `maxcount`, `incrtime`, `ExtendedCost`, `type`) values('465555','0','65224','0','0','3080','1');
insert into `npc_vendor` (`entry`, `slot`, `item`, `maxcount`, `incrtime`, `ExtendedCost`, `type`) values('465555','0','65225','0','0','3154','1');
insert into `npc_vendor` (`entry`, `slot`, `item`, `maxcount`, `incrtime`, `ExtendedCost`, `type`) values('465555','0','65226','0','0','3055','1');
insert into `npc_vendor` (`entry`, `slot`, `item`, `maxcount`, `incrtime`, `ExtendedCost`, `type`) values('465555','0','65227','0','0','3104','1');
insert into `npc_vendor` (`entry`, `slot`, `item`, `maxcount`, `incrtime`, `ExtendedCost`, `type`) values('465555','0','65228','0','0','3119','1');
insert into `npc_vendor` (`entry`, `slot`, `item`, `maxcount`, `incrtime`, `ExtendedCost`, `type`) values('465555','0','65229','0','0','3155','1');
insert into `npc_vendor` (`entry`, `slot`, `item`, `maxcount`, `incrtime`, `ExtendedCost`, `type`) values('465555','0','65230','0','0','3055','1');
insert into `npc_vendor` (`entry`, `slot`, `item`, `maxcount`, `incrtime`, `ExtendedCost`, `type`) values('465555','0','65231','0','0','3103','1');
insert into `npc_vendor` (`entry`, `slot`, `item`, `maxcount`, `incrtime`, `ExtendedCost`, `type`) values('465555','0','65232','0','0','3089','1');
insert into `npc_vendor` (`entry`, `slot`, `item`, `maxcount`, `incrtime`, `ExtendedCost`, `type`) values('465555','0','65233','0','0','3119','1');
insert into `npc_vendor` (`entry`, `slot`, `item`, `maxcount`, `incrtime`, `ExtendedCost`, `type`) values('465555','0','65234','0','0','3156','1');
insert into `npc_vendor` (`entry`, `slot`, `item`, `maxcount`, `incrtime`, `ExtendedCost`, `type`) values('465555','0','65235','0','0','3055','1');
insert into `npc_vendor` (`entry`, `slot`, `item`, `maxcount`, `incrtime`, `ExtendedCost`, `type`) values('465555','0','65236','0','0','3102','1');
insert into `npc_vendor` (`entry`, `slot`, `item`, `maxcount`, `incrtime`, `ExtendedCost`, `type`) values('465555','0','65237','0','0','3088','1');
insert into `npc_vendor` (`entry`, `slot`, `item`, `maxcount`, `incrtime`, `ExtendedCost`, `type`) values('465555','0','65238','0','0','3119','1');
insert into `npc_vendor` (`entry`, `slot`, `item`, `maxcount`, `incrtime`, `ExtendedCost`, `type`) values('465555','0','65239','0','0','3079','1');
insert into `npc_vendor` (`entry`, `slot`, `item`, `maxcount`, `incrtime`, `ExtendedCost`, `type`) values('465555','0','65240','0','0','3157','1');
insert into `npc_vendor` (`entry`, `slot`, `item`, `maxcount`, `incrtime`, `ExtendedCost`, `type`) values('465555','0','65241','0','0','3054','1');
insert into `npc_vendor` (`entry`, `slot`, `item`, `maxcount`, `incrtime`, `ExtendedCost`, `type`) values('465555','0','65242','0','0','3101','1');
insert into `npc_vendor` (`entry`, `slot`, `item`, `maxcount`, `incrtime`, `ExtendedCost`, `type`) values('465555','0','65243','0','0','3118','1');
insert into `npc_vendor` (`entry`, `slot`, `item`, `maxcount`, `incrtime`, `ExtendedCost`, `type`) values('465555','0','65244','0','0','3078','1');
insert into `npc_vendor` (`entry`, `slot`, `item`, `maxcount`, `incrtime`, `ExtendedCost`, `type`) values('465555','0','65245','0','0','3158','1');
insert into `npc_vendor` (`entry`, `slot`, `item`, `maxcount`, `incrtime`, `ExtendedCost`, `type`) values('465555','0','65246','0','0','3056','1');
insert into `npc_vendor` (`entry`, `slot`, `item`, `maxcount`, `incrtime`, `ExtendedCost`, `type`) values('465555','0','65247','0','0','3100','1');
insert into `npc_vendor` (`entry`, `slot`, `item`, `maxcount`, `incrtime`, `ExtendedCost`, `type`) values('465555','0','65248','0','0','3120','1');
insert into `npc_vendor` (`entry`, `slot`, `item`, `maxcount`, `incrtime`, `ExtendedCost`, `type`) values('465555','0','65249','0','0','3077','1');
insert into `npc_vendor` (`entry`, `slot`, `item`, `maxcount`, `incrtime`, `ExtendedCost`, `type`) values('465555','0','65250','0','0','3159','1');
insert into `npc_vendor` (`entry`, `slot`, `item`, `maxcount`, `incrtime`, `ExtendedCost`, `type`) values('465555','0','65251','0','0','3056','1');
insert into `npc_vendor` (`entry`, `slot`, `item`, `maxcount`, `incrtime`, `ExtendedCost`, `type`) values('465555','0','65252','0','0','3099','1');
insert into `npc_vendor` (`entry`, `slot`, `item`, `maxcount`, `incrtime`, `ExtendedCost`, `type`) values('465555','0','65253','0','0','3120','1');
insert into `npc_vendor` (`entry`, `slot`, `item`, `maxcount`, `incrtime`, `ExtendedCost`, `type`) values('465555','0','65254','0','0','3076','1');
insert into `npc_vendor` (`entry`, `slot`, `item`, `maxcount`, `incrtime`, `ExtendedCost`, `type`) values('465555','0','65255','0','0','3144','1');
insert into `npc_vendor` (`entry`, `slot`, `item`, `maxcount`, `incrtime`, `ExtendedCost`, `type`) values('465555','0','65256','0','0','3056','1');
insert into `npc_vendor` (`entry`, `slot`, `item`, `maxcount`, `incrtime`, `ExtendedCost`, `type`) values('465555','0','65257','0','0','3098','1');
insert into `npc_vendor` (`entry`, `slot`, `item`, `maxcount`, `incrtime`, `ExtendedCost`, `type`) values('465555','0','65258','0','0','3120','1');
insert into `npc_vendor` (`entry`, `slot`, `item`, `maxcount`, `incrtime`, `ExtendedCost`, `type`) values('465555','0','65259','0','0','3143','1');
insert into `npc_vendor` (`entry`, `slot`, `item`, `maxcount`, `incrtime`, `ExtendedCost`, `type`) values('465555','0','65260','0','0','3055','1');
insert into `npc_vendor` (`entry`, `slot`, `item`, `maxcount`, `incrtime`, `ExtendedCost`, `type`) values('465555','0','65261','0','0','3116','1');
insert into `npc_vendor` (`entry`, `slot`, `item`, `maxcount`, `incrtime`, `ExtendedCost`, `type`) values('465555','0','65262','0','0','3094','1');
insert into `npc_vendor` (`entry`, `slot`, `item`, `maxcount`, `incrtime`, `ExtendedCost`, `type`) values('465555','0','65263','0','0','3119','1');
insert into `npc_vendor` (`entry`, `slot`, `item`, `maxcount`, `incrtime`, `ExtendedCost`, `type`) values('465555','0','65264','0','0','3087','1');
insert into `npc_vendor` (`entry`, `slot`, `item`, `maxcount`, `incrtime`, `ExtendedCost`, `type`) values('465555','0','65265','0','0','3160','1');
insert into `npc_vendor` (`entry`, `slot`, `item`, `maxcount`, `incrtime`, `ExtendedCost`, `type`) values('465555','0','65266','0','0','3056','1');
insert into `npc_vendor` (`entry`, `slot`, `item`, `maxcount`, `incrtime`, `ExtendedCost`, `type`) values('465555','0','65267','0','0','3115','1');
insert into `npc_vendor` (`entry`, `slot`, `item`, `maxcount`, `incrtime`, `ExtendedCost`, `type`) values('465555','0','65268','0','0','3120','1');
insert into `npc_vendor` (`entry`, `slot`, `item`, `maxcount`, `incrtime`, `ExtendedCost`, `type`) values('465555','0','65269','0','0','3086','1');
insert into `npc_vendor` (`entry`, `slot`, `item`, `maxcount`, `incrtime`, `ExtendedCost`, `type`) values('465555','0','65270','0','0','3161','1');
insert into `npc_vendor` (`entry`, `slot`, `item`, `maxcount`, `incrtime`, `ExtendedCost`, `type`) values('465555','0','65271','0','0','3056','1');
insert into `npc_vendor` (`entry`, `slot`, `item`, `maxcount`, `incrtime`, `ExtendedCost`, `type`) values('465555','0','65272','0','0','3114','1');
insert into `npc_vendor` (`entry`, `slot`, `item`, `maxcount`, `incrtime`, `ExtendedCost`, `type`) values('465555','0','65273','0','0','3120','1');
insert into `npc_vendor` (`entry`, `slot`, `item`, `maxcount`, `incrtime`, `ExtendedCost`, `type`) values('465555','0','67423','0','0','3329','1');
insert into `npc_vendor` (`entry`, `slot`, `item`, `maxcount`, `incrtime`, `ExtendedCost`, `type`) values('465555','0','67424','0','0','3329','1');
insert into `npc_vendor` (`entry`, `slot`, `item`, `maxcount`, `incrtime`, `ExtendedCost`, `type`) values('465555','0','67425','0','0','3329','1');
insert into `npc_vendor` (`entry`, `slot`, `item`, `maxcount`, `incrtime`, `ExtendedCost`, `type`) values('465555','0','67426','0','0','3329','1');
insert into `npc_vendor` (`entry`, `slot`, `item`, `maxcount`, `incrtime`, `ExtendedCost`, `type`) values('465555','0','67427','0','0','3329','1');
insert into `npc_vendor` (`entry`, `slot`, `item`, `maxcount`, `incrtime`, `ExtendedCost`, `type`) values('465555','0','67428','0','0','3329','1');
insert into `npc_vendor` (`entry`, `slot`, `item`, `maxcount`, `incrtime`, `ExtendedCost`, `type`) values('465555','0','67429','0','0','3329','1');
insert into `npc_vendor` (`entry`, `slot`, `item`, `maxcount`, `incrtime`, `ExtendedCost`, `type`) values('465555','0','67430','0','0','3329','1');
insert into `npc_vendor` (`entry`, `slot`, `item`, `maxcount`, `incrtime`, `ExtendedCost`, `type`) values('465555','0','67431','0','0','3329','1');
insert into `npc_vendor` (`entry`, `slot`, `item`, `maxcount`, `incrtime`, `ExtendedCost`, `type`) values('465555','0','68812','0','0','3351','1');
insert into `npc_vendor` (`entry`, `slot`, `item`, `maxcount`, `incrtime`, `ExtendedCost`, `type`) values('465565','0','70935','0','0','3555','1');
insert into `npc_vendor` (`entry`, `slot`, `item`, `maxcount`, `incrtime`, `ExtendedCost`, `type`) values('465565','0','70937','0','0','3555','1');
insert into `npc_vendor` (`entry`, `slot`, `item`, `maxcount`, `incrtime`, `ExtendedCost`, `type`) values('465565','0','70939','0','0','3553','1');
insert into `npc_vendor` (`entry`, `slot`, `item`, `maxcount`, `incrtime`, `ExtendedCost`, `type`) values('465565','0','70940','0','0','3555','1');
insert into `npc_vendor` (`entry`, `slot`, `item`, `maxcount`, `incrtime`, `ExtendedCost`, `type`) values('465565','0','70941','0','0','3568','1');
insert into `npc_vendor` (`entry`, `slot`, `item`, `maxcount`, `incrtime`, `ExtendedCost`, `type`) values('465565','0','70942','0','0','3557','1');
insert into `npc_vendor` (`entry`, `slot`, `item`, `maxcount`, `incrtime`, `ExtendedCost`, `type`) values('465565','0','70943','0','0','3556','1');
insert into `npc_vendor` (`entry`, `slot`, `item`, `maxcount`, `incrtime`, `ExtendedCost`, `type`) values('465565','0','70944','0','0','3565','1');
insert into `npc_vendor` (`entry`, `slot`, `item`, `maxcount`, `incrtime`, `ExtendedCost`, `type`) values('465565','0','70945','0','0','3557','1');
insert into `npc_vendor` (`entry`, `slot`, `item`, `maxcount`, `incrtime`, `ExtendedCost`, `type`) values('465565','0','70946','0','0','3567','1');
insert into `npc_vendor` (`entry`, `slot`, `item`, `maxcount`, `incrtime`, `ExtendedCost`, `type`) values('465565','0','70947','0','0','3557','1');
insert into `npc_vendor` (`entry`, `slot`, `item`, `maxcount`, `incrtime`, `ExtendedCost`, `type`) values('465565','0','70948','0','0','3564','1');
insert into `npc_vendor` (`entry`, `slot`, `item`, `maxcount`, `incrtime`, `ExtendedCost`, `type`) values('465565','0','70949','0','0','3556','1');
insert into `npc_vendor` (`entry`, `slot`, `item`, `maxcount`, `incrtime`, `ExtendedCost`, `type`) values('465565','0','70950','0','0','3557','1');
insert into `npc_vendor` (`entry`, `slot`, `item`, `maxcount`, `incrtime`, `ExtendedCost`, `type`) values('465565','0','70951','0','0','3569','1');
insert into `npc_vendor` (`entry`, `slot`, `item`, `maxcount`, `incrtime`, `ExtendedCost`, `type`) values('465565','0','70952','0','0','3557','1');
insert into `npc_vendor` (`entry`, `slot`, `item`, `maxcount`, `incrtime`, `ExtendedCost`, `type`) values('465565','0','70953','0','0','3556','1');
insert into `npc_vendor` (`entry`, `slot`, `item`, `maxcount`, `incrtime`, `ExtendedCost`, `type`) values('465565','0','70954','0','0','3566','1');
insert into `npc_vendor` (`entry`, `slot`, `item`, `maxcount`, `incrtime`, `ExtendedCost`, `type`) values('465565','0','70955','0','0','3557','1');
insert into `npc_vendor` (`entry`, `slot`, `item`, `maxcount`, `incrtime`, `ExtendedCost`, `type`) values('465565','0','71045','0','0','3557','1');
insert into `npc_vendor` (`entry`, `slot`, `item`, `maxcount`, `incrtime`, `ExtendedCost`, `type`) values('465565','0','71046','0','0','3556','1');
insert into `npc_vendor` (`entry`, `slot`, `item`, `maxcount`, `incrtime`, `ExtendedCost`, `type`) values('465565','0','71047','0','0','3566','1');
insert into `npc_vendor` (`entry`, `slot`, `item`, `maxcount`, `incrtime`, `ExtendedCost`, `type`) values('465565','0','71048','0','0','3557','1');
insert into `npc_vendor` (`entry`, `slot`, `item`, `maxcount`, `incrtime`, `ExtendedCost`, `type`) values('465565','0','71049','0','0','3569','1');
insert into `npc_vendor` (`entry`, `slot`, `item`, `maxcount`, `incrtime`, `ExtendedCost`, `type`) values('465565','0','71050','0','0','3556','1');
insert into `npc_vendor` (`entry`, `slot`, `item`, `maxcount`, `incrtime`, `ExtendedCost`, `type`) values('465565','0','71051','0','0','3565','1');
insert into `npc_vendor` (`entry`, `slot`, `item`, `maxcount`, `incrtime`, `ExtendedCost`, `type`) values('465565','0','71052','0','0','3557','1');
insert into `npc_vendor` (`entry`, `slot`, `item`, `maxcount`, `incrtime`, `ExtendedCost`, `type`) values('465565','0','71053','0','0','3568','1');
insert into `npc_vendor` (`entry`, `slot`, `item`, `maxcount`, `incrtime`, `ExtendedCost`, `type`) values('465565','0','71054','0','0','3557','1');
insert into `npc_vendor` (`entry`, `slot`, `item`, `maxcount`, `incrtime`, `ExtendedCost`, `type`) values('465565','0','71058','0','0','3557','1');
insert into `npc_vendor` (`entry`, `slot`, `item`, `maxcount`, `incrtime`, `ExtendedCost`, `type`) values('465565','0','71059','0','0','3556','1');
insert into `npc_vendor` (`entry`, `slot`, `item`, `maxcount`, `incrtime`, `ExtendedCost`, `type`) values('465565','0','71060','0','0','3566','1');
insert into `npc_vendor` (`entry`, `slot`, `item`, `maxcount`, `incrtime`, `ExtendedCost`, `type`) values('465565','0','71061','0','0','3557','1');
insert into `npc_vendor` (`entry`, `slot`, `item`, `maxcount`, `incrtime`, `ExtendedCost`, `type`) values('465565','0','71062','0','0','3569','1');
insert into `npc_vendor` (`entry`, `slot`, `item`, `maxcount`, `incrtime`, `ExtendedCost`, `type`) values('465565','0','71063','0','0','3557','1');
insert into `npc_vendor` (`entry`, `slot`, `item`, `maxcount`, `incrtime`, `ExtendedCost`, `type`) values('465565','0','71064','0','0','3556','1');
insert into `npc_vendor` (`entry`, `slot`, `item`, `maxcount`, `incrtime`, `ExtendedCost`, `type`) values('465565','0','71065','0','0','3564','1');
insert into `npc_vendor` (`entry`, `slot`, `item`, `maxcount`, `incrtime`, `ExtendedCost`, `type`) values('465565','0','71066','0','0','3557','1');
insert into `npc_vendor` (`entry`, `slot`, `item`, `maxcount`, `incrtime`, `ExtendedCost`, `type`) values('465565','0','71067','0','0','3567','1');
insert into `npc_vendor` (`entry`, `slot`, `item`, `maxcount`, `incrtime`, `ExtendedCost`, `type`) values('465565','0','71068','0','0','3557','1');
insert into `npc_vendor` (`entry`, `slot`, `item`, `maxcount`, `incrtime`, `ExtendedCost`, `type`) values('465565','0','71069','0','0','3556','1');
insert into `npc_vendor` (`entry`, `slot`, `item`, `maxcount`, `incrtime`, `ExtendedCost`, `type`) values('465565','0','71070','0','0','3565','1');
insert into `npc_vendor` (`entry`, `slot`, `item`, `maxcount`, `incrtime`, `ExtendedCost`, `type`) values('465565','0','71071','0','0','3557','1');
insert into `npc_vendor` (`entry`, `slot`, `item`, `maxcount`, `incrtime`, `ExtendedCost`, `type`) values('465565','0','71072','0','0','3568','1');
insert into `npc_vendor` (`entry`, `slot`, `item`, `maxcount`, `incrtime`, `ExtendedCost`, `type`) values('465565','0','71091','0','0','3557','1');
insert into `npc_vendor` (`entry`, `slot`, `item`, `maxcount`, `incrtime`, `ExtendedCost`, `type`) values('465565','0','71092','0','0','3556','1');
insert into `npc_vendor` (`entry`, `slot`, `item`, `maxcount`, `incrtime`, `ExtendedCost`, `type`) values('465565','0','71093','0','0','3564','1');
insert into `npc_vendor` (`entry`, `slot`, `item`, `maxcount`, `incrtime`, `ExtendedCost`, `type`) values('465565','0','71094','0','0','3557','1');
insert into `npc_vendor` (`entry`, `slot`, `item`, `maxcount`, `incrtime`, `ExtendedCost`, `type`) values('465565','0','71095','0','0','3567','1');
insert into `npc_vendor` (`entry`, `slot`, `item`, `maxcount`, `incrtime`, `ExtendedCost`, `type`) values('465565','0','71097','0','0','3556','1');
insert into `npc_vendor` (`entry`, `slot`, `item`, `maxcount`, `incrtime`, `ExtendedCost`, `type`) values('465565','0','71098','0','0','3566','1');
insert into `npc_vendor` (`entry`, `slot`, `item`, `maxcount`, `incrtime`, `ExtendedCost`, `type`) values('465565','0','71099','0','0','3557','1');
insert into `npc_vendor` (`entry`, `slot`, `item`, `maxcount`, `incrtime`, `ExtendedCost`, `type`) values('465565','0','71100','0','0','3557','1');
insert into `npc_vendor` (`entry`, `slot`, `item`, `maxcount`, `incrtime`, `ExtendedCost`, `type`) values('465565','0','71101','0','0','3569','1');
insert into `npc_vendor` (`entry`, `slot`, `item`, `maxcount`, `incrtime`, `ExtendedCost`, `type`) values('465565','0','71102','0','0','3556','1');
insert into `npc_vendor` (`entry`, `slot`, `item`, `maxcount`, `incrtime`, `ExtendedCost`, `type`) values('465565','0','71103','0','0','3566','1');
insert into `npc_vendor` (`entry`, `slot`, `item`, `maxcount`, `incrtime`, `ExtendedCost`, `type`) values('465565','0','71104','0','0','3557','1');
insert into `npc_vendor` (`entry`, `slot`, `item`, `maxcount`, `incrtime`, `ExtendedCost`, `type`) values('465565','0','71105','0','0','3557','1');
insert into `npc_vendor` (`entry`, `slot`, `item`, `maxcount`, `incrtime`, `ExtendedCost`, `type`) values('465565','0','71106','0','0','3569','1');
insert into `npc_vendor` (`entry`, `slot`, `item`, `maxcount`, `incrtime`, `ExtendedCost`, `type`) values('465565','0','71107','0','0','3556','1');
insert into `npc_vendor` (`entry`, `slot`, `item`, `maxcount`, `incrtime`, `ExtendedCost`, `type`) values('465565','0','71108','0','0','3566','1');
insert into `npc_vendor` (`entry`, `slot`, `item`, `maxcount`, `incrtime`, `ExtendedCost`, `type`) values('465565','0','71109','0','0','3557','1');
insert into `npc_vendor` (`entry`, `slot`, `item`, `maxcount`, `incrtime`, `ExtendedCost`, `type`) values('465565','0','71110','0','0','3557','1');
insert into `npc_vendor` (`entry`, `slot`, `item`, `maxcount`, `incrtime`, `ExtendedCost`, `type`) values('465565','0','71111','0','0','3569','1');
insert into `npc_vendor` (`entry`, `slot`, `item`, `maxcount`, `incrtime`, `ExtendedCost`, `type`) values('465565','0','71129','0','0','3555','1');
insert into `npc_vendor` (`entry`, `slot`, `item`, `maxcount`, `incrtime`, `ExtendedCost`, `type`) values('465565','0','71130','0','0','3555','1');
insert into `npc_vendor` (`entry`, `slot`, `item`, `maxcount`, `incrtime`, `ExtendedCost`, `type`) values('465565','0','71146','0','0','3553','1');
insert into `npc_vendor` (`entry`, `slot`, `item`, `maxcount`, `incrtime`, `ExtendedCost`, `type`) values('465565','0','71147','0','0','3553','1');
insert into `npc_vendor` (`entry`, `slot`, `item`, `maxcount`, `incrtime`, `ExtendedCost`, `type`) values('465565','0','71148','0','0','3553','1');
insert into `npc_vendor` (`entry`, `slot`, `item`, `maxcount`, `incrtime`, `ExtendedCost`, `type`) values('465565','0','71149','0','0','3553','1');
insert into `npc_vendor` (`entry`, `slot`, `item`, `maxcount`, `incrtime`, `ExtendedCost`, `type`) values('465565','0','71150','0','0','3553','1');
insert into `npc_vendor` (`entry`, `slot`, `item`, `maxcount`, `incrtime`, `ExtendedCost`, `type`) values('465565','0','71151','0','0','3553','1');
insert into `npc_vendor` (`entry`, `slot`, `item`, `maxcount`, `incrtime`, `ExtendedCost`, `type`) values('465565','0','71152','0','0','3553','1');
insert into `npc_vendor` (`entry`, `slot`, `item`, `maxcount`, `incrtime`, `ExtendedCost`, `type`) values('465565','0','71154','0','0','3553','1');
insert into `npc_vendor` (`entry`, `slot`, `item`, `maxcount`, `incrtime`, `ExtendedCost`, `type`) values('465565','0','71208','0','0','3555','1');
insert into `npc_vendor` (`entry`, `slot`, `item`, `maxcount`, `incrtime`, `ExtendedCost`, `type`) values('465565','0','71209','0','0','3555','1');
insert into `npc_vendor` (`entry`, `slot`, `item`, `maxcount`, `incrtime`, `ExtendedCost`, `type`) values('465565','0','71210','0','0','3555','1');
insert into `npc_vendor` (`entry`, `slot`, `item`, `maxcount`, `incrtime`, `ExtendedCost`, `type`) values('465565','0','71211','0','0','3555','1');
insert into `npc_vendor` (`entry`, `slot`, `item`, `maxcount`, `incrtime`, `ExtendedCost`, `type`) values('465565','0','71212','0','0','3555','1');
insert into `npc_vendor` (`entry`, `slot`, `item`, `maxcount`, `incrtime`, `ExtendedCost`, `type`) values('465565','0','71213','0','0','3555','1');
insert into `npc_vendor` (`entry`, `slot`, `item`, `maxcount`, `incrtime`, `ExtendedCost`, `type`) values('465565','0','71214','0','0','3555','1');
insert into `npc_vendor` (`entry`, `slot`, `item`, `maxcount`, `incrtime`, `ExtendedCost`, `type`) values('465565','0','71218','0','0','3553','1');
insert into `npc_vendor` (`entry`, `slot`, `item`, `maxcount`, `incrtime`, `ExtendedCost`, `type`) values('465565','0','71260','0','0','3555','1');
insert into `npc_vendor` (`entry`, `slot`, `item`, `maxcount`, `incrtime`, `ExtendedCost`, `type`) values('465565','0','71261','0','0','3555','1');
insert into `npc_vendor` (`entry`, `slot`, `item`, `maxcount`, `incrtime`, `ExtendedCost`, `type`) values('465565','0','71262','0','0','3555','1');
insert into `npc_vendor` (`entry`, `slot`, `item`, `maxcount`, `incrtime`, `ExtendedCost`, `type`) values('465565','0','71263','0','0','3555','1');
insert into `npc_vendor` (`entry`, `slot`, `item`, `maxcount`, `incrtime`, `ExtendedCost`, `type`) values('465565','0','71264','0','0','3555','1');
insert into `npc_vendor` (`entry`, `slot`, `item`, `maxcount`, `incrtime`, `ExtendedCost`, `type`) values('465565','0','71265','0','0','3555','1');
insert into `npc_vendor` (`entry`, `slot`, `item`, `maxcount`, `incrtime`, `ExtendedCost`, `type`) values('465565','0','71266','0','0','3555','1');
insert into `npc_vendor` (`entry`, `slot`, `item`, `maxcount`, `incrtime`, `ExtendedCost`, `type`) values('465565','0','71271','0','0','3556','1');
insert into `npc_vendor` (`entry`, `slot`, `item`, `maxcount`, `incrtime`, `ExtendedCost`, `type`) values('465565','0','71272','0','0','3564','1');
insert into `npc_vendor` (`entry`, `slot`, `item`, `maxcount`, `incrtime`, `ExtendedCost`, `type`) values('465565','0','71273','0','0','3557','1');
insert into `npc_vendor` (`entry`, `slot`, `item`, `maxcount`, `incrtime`, `ExtendedCost`, `type`) values('465565','0','71274','0','0','3557','1');
insert into `npc_vendor` (`entry`, `slot`, `item`, `maxcount`, `incrtime`, `ExtendedCost`, `type`) values('465565','0','71275','0','0','3567','1');
insert into `npc_vendor` (`entry`, `slot`, `item`, `maxcount`, `incrtime`, `ExtendedCost`, `type`) values('465565','0','71276','0','0','3556','1');
insert into `npc_vendor` (`entry`, `slot`, `item`, `maxcount`, `incrtime`, `ExtendedCost`, `type`) values('465565','0','71277','0','0','3564','1');
insert into `npc_vendor` (`entry`, `slot`, `item`, `maxcount`, `incrtime`, `ExtendedCost`, `type`) values('465565','0','71278','0','0','3557','1');
insert into `npc_vendor` (`entry`, `slot`, `item`, `maxcount`, `incrtime`, `ExtendedCost`, `type`) values('465565','0','71279','0','0','3557','1');
insert into `npc_vendor` (`entry`, `slot`, `item`, `maxcount`, `incrtime`, `ExtendedCost`, `type`) values('465565','0','71280','0','0','3567','1');
insert into `npc_vendor` (`entry`, `slot`, `item`, `maxcount`, `incrtime`, `ExtendedCost`, `type`) values('465565','0','71281','0','0','3556','1');
insert into `npc_vendor` (`entry`, `slot`, `item`, `maxcount`, `incrtime`, `ExtendedCost`, `type`) values('465565','0','71282','0','0','3564','1');
insert into `npc_vendor` (`entry`, `slot`, `item`, `maxcount`, `incrtime`, `ExtendedCost`, `type`) values('465565','0','71283','0','0','3557','1');
insert into `npc_vendor` (`entry`, `slot`, `item`, `maxcount`, `incrtime`, `ExtendedCost`, `type`) values('465565','0','71284','0','0','3557','1');
insert into `npc_vendor` (`entry`, `slot`, `item`, `maxcount`, `incrtime`, `ExtendedCost`, `type`) values('465565','0','71285','0','0','3567','1');
insert into `npc_vendor` (`entry`, `slot`, `item`, `maxcount`, `incrtime`, `ExtendedCost`, `type`) values('465565','0','71286','0','0','3556','1');
insert into `npc_vendor` (`entry`, `slot`, `item`, `maxcount`, `incrtime`, `ExtendedCost`, `type`) values('465565','0','71287','0','0','3566','1');
insert into `npc_vendor` (`entry`, `slot`, `item`, `maxcount`, `incrtime`, `ExtendedCost`, `type`) values('465565','0','71288','0','0','3557','1');
insert into `npc_vendor` (`entry`, `slot`, `item`, `maxcount`, `incrtime`, `ExtendedCost`, `type`) values('465565','0','71289','0','0','3557','1');
insert into `npc_vendor` (`entry`, `slot`, `item`, `maxcount`, `incrtime`, `ExtendedCost`, `type`) values('465565','0','71290','0','0','3569','1');
insert into `npc_vendor` (`entry`, `slot`, `item`, `maxcount`, `incrtime`, `ExtendedCost`, `type`) values('465565','0','71291','0','0','3557','1');
insert into `npc_vendor` (`entry`, `slot`, `item`, `maxcount`, `incrtime`, `ExtendedCost`, `type`) values('465565','0','71292','0','0','3556','1');
insert into `npc_vendor` (`entry`, `slot`, `item`, `maxcount`, `incrtime`, `ExtendedCost`, `type`) values('465565','0','71293','0','0','3565','1');
insert into `npc_vendor` (`entry`, `slot`, `item`, `maxcount`, `incrtime`, `ExtendedCost`, `type`) values('465565','0','71294','0','0','3557','1');
insert into `npc_vendor` (`entry`, `slot`, `item`, `maxcount`, `incrtime`, `ExtendedCost`, `type`) values('465565','0','71295','0','0','3568','1');
insert into `npc_vendor` (`entry`, `slot`, `item`, `maxcount`, `incrtime`, `ExtendedCost`, `type`) values('465565','0','71296','0','0','3557','1');
insert into `npc_vendor` (`entry`, `slot`, `item`, `maxcount`, `incrtime`, `ExtendedCost`, `type`) values('465565','0','71297','0','0','3556','1');
insert into `npc_vendor` (`entry`, `slot`, `item`, `maxcount`, `incrtime`, `ExtendedCost`, `type`) values('465565','0','71298','0','0','3565','1');
insert into `npc_vendor` (`entry`, `slot`, `item`, `maxcount`, `incrtime`, `ExtendedCost`, `type`) values('465565','0','71299','0','0','3557','1');
insert into `npc_vendor` (`entry`, `slot`, `item`, `maxcount`, `incrtime`, `ExtendedCost`, `type`) values('465565','0','71300','0','0','3568','1');
insert into `npc_vendor` (`entry`, `slot`, `item`, `maxcount`, `incrtime`, `ExtendedCost`, `type`) values('465565','0','71301','0','0','3557','1');
insert into `npc_vendor` (`entry`, `slot`, `item`, `maxcount`, `incrtime`, `ExtendedCost`, `type`) values('465565','0','71302','0','0','3556','1');
insert into `npc_vendor` (`entry`, `slot`, `item`, `maxcount`, `incrtime`, `ExtendedCost`, `type`) values('465565','0','71303','0','0','3565','1');
insert into `npc_vendor` (`entry`, `slot`, `item`, `maxcount`, `incrtime`, `ExtendedCost`, `type`) values('465565','0','71304','0','0','3557','1');
insert into `npc_vendor` (`entry`, `slot`, `item`, `maxcount`, `incrtime`, `ExtendedCost`, `type`) values('465565','0','71305','0','0','3568','1');
insert into `npc_vendor` (`entry`, `slot`, `item`, `maxcount`, `incrtime`, `ExtendedCost`, `type`) values('465565','0','71476','0','0','3609','1');
insert into `npc_vendor` (`entry`, `slot`, `item`, `maxcount`, `incrtime`, `ExtendedCost`, `type`) values('465565','0','71477','0','0','3589','1');
insert into `npc_vendor` (`entry`, `slot`, `item`, `maxcount`, `incrtime`, `ExtendedCost`, `type`) values('465565','0','71478','0','0','3563','1');
insert into `npc_vendor` (`entry`, `slot`, `item`, `maxcount`, `incrtime`, `ExtendedCost`, `type`) values('465565','0','71479','0','0','3570','1');
insert into `npc_vendor` (`entry`, `slot`, `item`, `maxcount`, `incrtime`, `ExtendedCost`, `type`) values('465565','0','71480','0','0','3560','1');
insert into `npc_vendor` (`entry`, `slot`, `item`, `maxcount`, `incrtime`, `ExtendedCost`, `type`) values('465565','0','71481','0','0','3610','1');
insert into `npc_vendor` (`entry`, `slot`, `item`, `maxcount`, `incrtime`, `ExtendedCost`, `type`) values('465565','0','71482','0','0','3590','1');
insert into `npc_vendor` (`entry`, `slot`, `item`, `maxcount`, `incrtime`, `ExtendedCost`, `type`) values('465565','0','71483','0','0','3563','1');
insert into `npc_vendor` (`entry`, `slot`, `item`, `maxcount`, `incrtime`, `ExtendedCost`, `type`) values('465565','0','71484','0','0','3571','1');
insert into `npc_vendor` (`entry`, `slot`, `item`, `maxcount`, `incrtime`, `ExtendedCost`, `type`) values('465565','0','71485','0','0','3560','1');
insert into `npc_vendor` (`entry`, `slot`, `item`, `maxcount`, `incrtime`, `ExtendedCost`, `type`) values('465565','0','71486','0','0','3611','1');
insert into `npc_vendor` (`entry`, `slot`, `item`, `maxcount`, `incrtime`, `ExtendedCost`, `type`) values('465565','0','71487','0','0','3591','1');
insert into `npc_vendor` (`entry`, `slot`, `item`, `maxcount`, `incrtime`, `ExtendedCost`, `type`) values('465565','0','71488','0','0','3563','1');
insert into `npc_vendor` (`entry`, `slot`, `item`, `maxcount`, `incrtime`, `ExtendedCost`, `type`) values('465565','0','71489','0','0','3572','1');
insert into `npc_vendor` (`entry`, `slot`, `item`, `maxcount`, `incrtime`, `ExtendedCost`, `type`) values('465565','0','71490','0','0','3560','1');
insert into `npc_vendor` (`entry`, `slot`, `item`, `maxcount`, `incrtime`, `ExtendedCost`, `type`) values('465565','0','71491','0','0','3592','1');
insert into `npc_vendor` (`entry`, `slot`, `item`, `maxcount`, `incrtime`, `ExtendedCost`, `type`) values('465565','0','71492','0','0','3563','1');
insert into `npc_vendor` (`entry`, `slot`, `item`, `maxcount`, `incrtime`, `ExtendedCost`, `type`) values('465565','0','71493','0','0','3573','1');
insert into `npc_vendor` (`entry`, `slot`, `item`, `maxcount`, `incrtime`, `ExtendedCost`, `type`) values('465565','0','71494','0','0','3613','1');
insert into `npc_vendor` (`entry`, `slot`, `item`, `maxcount`, `incrtime`, `ExtendedCost`, `type`) values('465565','0','71495','0','0','3560','1');
insert into `npc_vendor` (`entry`, `slot`, `item`, `maxcount`, `incrtime`, `ExtendedCost`, `type`) values('465565','0','71496','0','0','3593','1');
insert into `npc_vendor` (`entry`, `slot`, `item`, `maxcount`, `incrtime`, `ExtendedCost`, `type`) values('465565','0','71497','0','0','3563','1');
insert into `npc_vendor` (`entry`, `slot`, `item`, `maxcount`, `incrtime`, `ExtendedCost`, `type`) values('465565','0','71498','0','0','3574','1');
insert into `npc_vendor` (`entry`, `slot`, `item`, `maxcount`, `incrtime`, `ExtendedCost`, `type`) values('465565','0','71499','0','0','3614','1');
insert into `npc_vendor` (`entry`, `slot`, `item`, `maxcount`, `incrtime`, `ExtendedCost`, `type`) values('465565','0','71500','0','0','3560','1');
insert into `npc_vendor` (`entry`, `slot`, `item`, `maxcount`, `incrtime`, `ExtendedCost`, `type`) values('465565','0','71501','0','0','3622','1');
insert into `npc_vendor` (`entry`, `slot`, `item`, `maxcount`, `incrtime`, `ExtendedCost`, `type`) values('465565','0','71502','0','0','3596','1');
insert into `npc_vendor` (`entry`, `slot`, `item`, `maxcount`, `incrtime`, `ExtendedCost`, `type`) values('465565','0','71503','0','0','3562','1');
insert into `npc_vendor` (`entry`, `slot`, `item`, `maxcount`, `incrtime`, `ExtendedCost`, `type`) values('465565','0','71504','0','0','3577','1');
insert into `npc_vendor` (`entry`, `slot`, `item`, `maxcount`, `incrtime`, `ExtendedCost`, `type`) values('465565','0','71505','0','0','3559','1');
insert into `npc_vendor` (`entry`, `slot`, `item`, `maxcount`, `incrtime`, `ExtendedCost`, `type`) values('465565','0','71507','0','0','3594','1');
insert into `npc_vendor` (`entry`, `slot`, `item`, `maxcount`, `incrtime`, `ExtendedCost`, `type`) values('465565','0','71508','0','0','3563','1');
insert into `npc_vendor` (`entry`, `slot`, `item`, `maxcount`, `incrtime`, `ExtendedCost`, `type`) values('465565','0','71509','0','0','3575','1');
insert into `npc_vendor` (`entry`, `slot`, `item`, `maxcount`, `incrtime`, `ExtendedCost`, `type`) values('465565','0','71510','0','0','3615','1');
insert into `npc_vendor` (`entry`, `slot`, `item`, `maxcount`, `incrtime`, `ExtendedCost`, `type`) values('465565','0','71511','0','0','3560','1');
insert into `npc_vendor` (`entry`, `slot`, `item`, `maxcount`, `incrtime`, `ExtendedCost`, `type`) values('465565','0','71512','0','0','3628','1');
insert into `npc_vendor` (`entry`, `slot`, `item`, `maxcount`, `incrtime`, `ExtendedCost`, `type`) values('465565','0','71513','0','0','3602','1');
insert into `npc_vendor` (`entry`, `slot`, `item`, `maxcount`, `incrtime`, `ExtendedCost`, `type`) values('465565','0','71514','0','0','3561','1');
insert into `npc_vendor` (`entry`, `slot`, `item`, `maxcount`, `incrtime`, `ExtendedCost`, `type`) values('465565','0','71515','0','0','3583','1');
insert into `npc_vendor` (`entry`, `slot`, `item`, `maxcount`, `incrtime`, `ExtendedCost`, `type`) values('465565','0','71516','0','0','3558','1');
insert into `npc_vendor` (`entry`, `slot`, `item`, `maxcount`, `incrtime`, `ExtendedCost`, `type`) values('465565','0','71517','0','0','3621','1');
insert into `npc_vendor` (`entry`, `slot`, `item`, `maxcount`, `incrtime`, `ExtendedCost`, `type`) values('465565','0','71518','0','0','3603','1');
insert into `npc_vendor` (`entry`, `slot`, `item`, `maxcount`, `incrtime`, `ExtendedCost`, `type`) values('465565','0','71519','0','0','3561','1');
insert into `npc_vendor` (`entry`, `slot`, `item`, `maxcount`, `incrtime`, `ExtendedCost`, `type`) values('465565','0','71520','0','0','3584','1');
insert into `npc_vendor` (`entry`, `slot`, `item`, `maxcount`, `incrtime`, `ExtendedCost`, `type`) values('465565','0','71521','0','0','3558','1');
insert into `npc_vendor` (`entry`, `slot`, `item`, `maxcount`, `incrtime`, `ExtendedCost`, `type`) values('465565','0','71522','0','0','3616','1');
insert into `npc_vendor` (`entry`, `slot`, `item`, `maxcount`, `incrtime`, `ExtendedCost`, `type`) values('465565','0','71523','0','0','3604','1');
insert into `npc_vendor` (`entry`, `slot`, `item`, `maxcount`, `incrtime`, `ExtendedCost`, `type`) values('465565','0','71524','0','0','3561','1');
insert into `npc_vendor` (`entry`, `slot`, `item`, `maxcount`, `incrtime`, `ExtendedCost`, `type`) values('465565','0','71525','0','0','3585','1');
insert into `npc_vendor` (`entry`, `slot`, `item`, `maxcount`, `incrtime`, `ExtendedCost`, `type`) values('465565','0','71526','0','0','3558','1');
insert into `npc_vendor` (`entry`, `slot`, `item`, `maxcount`, `incrtime`, `ExtendedCost`, `type`) values('465565','0','71527','0','0','3605','1');
insert into `npc_vendor` (`entry`, `slot`, `item`, `maxcount`, `incrtime`, `ExtendedCost`, `type`) values('465565','0','71528','0','0','3561','1');
insert into `npc_vendor` (`entry`, `slot`, `item`, `maxcount`, `incrtime`, `ExtendedCost`, `type`) values('465565','0','71529','0','0','3586','1');
insert into `npc_vendor` (`entry`, `slot`, `item`, `maxcount`, `incrtime`, `ExtendedCost`, `type`) values('465565','0','71530','0','0','3617','1');
insert into `npc_vendor` (`entry`, `slot`, `item`, `maxcount`, `incrtime`, `ExtendedCost`, `type`) values('465565','0','71531','0','0','3558','1');
insert into `npc_vendor` (`entry`, `slot`, `item`, `maxcount`, `incrtime`, `ExtendedCost`, `type`) values('465565','0','71532','0','0','3608','1');
insert into `npc_vendor` (`entry`, `slot`, `item`, `maxcount`, `incrtime`, `ExtendedCost`, `type`) values('465565','0','71533','0','0','3561','1');
insert into `npc_vendor` (`entry`, `slot`, `item`, `maxcount`, `incrtime`, `ExtendedCost`, `type`) values('465565','0','71534','0','0','3587','1');
insert into `npc_vendor` (`entry`, `slot`, `item`, `maxcount`, `incrtime`, `ExtendedCost`, `type`) values('465565','0','71535','0','0','3618','1');
insert into `npc_vendor` (`entry`, `slot`, `item`, `maxcount`, `incrtime`, `ExtendedCost`, `type`) values('465565','0','71536','0','0','3558','1');
insert into `npc_vendor` (`entry`, `slot`, `item`, `maxcount`, `incrtime`, `ExtendedCost`, `type`) values('465565','0','71537','0','0','3612','1');
insert into `npc_vendor` (`entry`, `slot`, `item`, `maxcount`, `incrtime`, `ExtendedCost`, `type`) values('465565','0','71538','0','0','3595','1');
insert into `npc_vendor` (`entry`, `slot`, `item`, `maxcount`, `incrtime`, `ExtendedCost`, `type`) values('465565','0','71539','0','0','3563','1');
insert into `npc_vendor` (`entry`, `slot`, `item`, `maxcount`, `incrtime`, `ExtendedCost`, `type`) values('465565','0','71540','0','0','3576','1');
insert into `npc_vendor` (`entry`, `slot`, `item`, `maxcount`, `incrtime`, `ExtendedCost`, `type`) values('465565','0','71541','0','0','3560','1');
insert into `npc_vendor` (`entry`, `slot`, `item`, `maxcount`, `incrtime`, `ExtendedCost`, `type`) values('465565','0','71542','0','0','3623','1');
insert into `npc_vendor` (`entry`, `slot`, `item`, `maxcount`, `incrtime`, `ExtendedCost`, `type`) values('465565','0','71543','0','0','3597','1');
insert into `npc_vendor` (`entry`, `slot`, `item`, `maxcount`, `incrtime`, `ExtendedCost`, `type`) values('465565','0','71544','0','0','3562','1');
insert into `npc_vendor` (`entry`, `slot`, `item`, `maxcount`, `incrtime`, `ExtendedCost`, `type`) values('465565','0','71545','0','0','3578','1');
insert into `npc_vendor` (`entry`, `slot`, `item`, `maxcount`, `incrtime`, `ExtendedCost`, `type`) values('465565','0','71546','0','0','3559','1');
insert into `npc_vendor` (`entry`, `slot`, `item`, `maxcount`, `incrtime`, `ExtendedCost`, `type`) values('465565','0','71547','0','0','3624','1');
insert into `npc_vendor` (`entry`, `slot`, `item`, `maxcount`, `incrtime`, `ExtendedCost`, `type`) values('465565','0','71548','0','0','3598','1');
insert into `npc_vendor` (`entry`, `slot`, `item`, `maxcount`, `incrtime`, `ExtendedCost`, `type`) values('465565','0','71549','0','0','3562','1');
insert into `npc_vendor` (`entry`, `slot`, `item`, `maxcount`, `incrtime`, `ExtendedCost`, `type`) values('465565','0','71550','0','0','3579','1');
insert into `npc_vendor` (`entry`, `slot`, `item`, `maxcount`, `incrtime`, `ExtendedCost`, `type`) values('465565','0','71551','0','0','3559','1');
insert into `npc_vendor` (`entry`, `slot`, `item`, `maxcount`, `incrtime`, `ExtendedCost`, `type`) values('465565','0','71552','0','0','3625','1');
insert into `npc_vendor` (`entry`, `slot`, `item`, `maxcount`, `incrtime`, `ExtendedCost`, `type`) values('465565','0','71553','0','0','3599','1');
insert into `npc_vendor` (`entry`, `slot`, `item`, `maxcount`, `incrtime`, `ExtendedCost`, `type`) values('465565','0','71554','0','0','3562','1');
insert into `npc_vendor` (`entry`, `slot`, `item`, `maxcount`, `incrtime`, `ExtendedCost`, `type`) values('465565','0','71555','0','0','3580','1');
insert into `npc_vendor` (`entry`, `slot`, `item`, `maxcount`, `incrtime`, `ExtendedCost`, `type`) values('465565','0','71556','0','0','3559','1');
insert into `npc_vendor` (`entry`, `slot`, `item`, `maxcount`, `incrtime`, `ExtendedCost`, `type`) values('465565','0','71594','0','0','3607','1');
insert into `npc_vendor` (`entry`, `slot`, `item`, `maxcount`, `incrtime`, `ExtendedCost`, `type`) values('465565','0','71595','0','0','3561','1');
insert into `npc_vendor` (`entry`, `slot`, `item`, `maxcount`, `incrtime`, `ExtendedCost`, `type`) values('465565','0','71596','0','0','3588','1');
insert into `npc_vendor` (`entry`, `slot`, `item`, `maxcount`, `incrtime`, `ExtendedCost`, `type`) values('465565','0','71597','0','0','3619','1');
insert into `npc_vendor` (`entry`, `slot`, `item`, `maxcount`, `incrtime`, `ExtendedCost`, `type`) values('465565','0','71598','0','0','3558','1');
insert into `npc_vendor` (`entry`, `slot`, `item`, `maxcount`, `incrtime`, `ExtendedCost`, `type`) values('465565','0','71599','0','0','3562','1');
insert into `npc_vendor` (`entry`, `slot`, `item`, `maxcount`, `incrtime`, `ExtendedCost`, `type`) values('465565','0','71600','0','0','3626','1');
insert into `npc_vendor` (`entry`, `slot`, `item`, `maxcount`, `incrtime`, `ExtendedCost`, `type`) values('465565','0','71601','0','0','3600','1');
insert into `npc_vendor` (`entry`, `slot`, `item`, `maxcount`, `incrtime`, `ExtendedCost`, `type`) values('465565','0','71602','0','0','3581','1');
insert into `npc_vendor` (`entry`, `slot`, `item`, `maxcount`, `incrtime`, `ExtendedCost`, `type`) values('465565','0','71603','0','0','3559','1');
insert into `npc_vendor` (`entry`, `slot`, `item`, `maxcount`, `incrtime`, `ExtendedCost`, `type`) values('465565','0','71604','0','0','3627','1');
insert into `npc_vendor` (`entry`, `slot`, `item`, `maxcount`, `incrtime`, `ExtendedCost`, `type`) values('465565','0','71605','0','0','3601','1');
insert into `npc_vendor` (`entry`, `slot`, `item`, `maxcount`, `incrtime`, `ExtendedCost`, `type`) values('465565','0','71606','0','0','3562','1');
insert into `npc_vendor` (`entry`, `slot`, `item`, `maxcount`, `incrtime`, `ExtendedCost`, `type`) values('465565','0','71607','0','0','3582','1');
insert into `npc_vendor` (`entry`, `slot`, `item`, `maxcount`, `incrtime`, `ExtendedCost`, `type`) values('465565','0','71608','0','0','3559','1');
