/*creature*/
INSERT INTO `creature` (`guid`, `id`, `map`, `zone`, `area`, `spawnMask`, `phaseMask`, `modelid`, `equipment_id`, `position_x`, `position_y`, `position_z`, `orientation`, `spawntimesecs`, `spawndist`, `currentwaypoint`, `curhealth`, `curmana`, `MovementType`, `npcflag`, `unit_flags`, `dynamicflags`, `walkmode`) VALUES ('33294786', '442450', '0', '1519', '1519', '1', '1', '0', '44245', '-8799.98', '349.335', '109.218', '3.68265', '120', '0', '0', '1830', '5013', '0', '0', '0', '0', '0');
INSERT INTO `creature` (`guid`, `id`, `map`, `zone`, `area`, `spawnMask`, `phaseMask`, `modelid`, `equipment_id`, `position_x`, `position_y`, `position_z`, `orientation`, `spawntimesecs`, `spawndist`, `currentwaypoint`, `curhealth`, `curmana`, `MovementType`, `npcflag`, `unit_flags`, `dynamicflags`, `walkmode`) VALUES ('33295619', '442460', '0', '1519', '1519', '1', '1', '0', '0', '-8802.37', '352.036', '109.218', '3.9619', '120', '0', '0', '1830', '5013', '0', '0', '0', '0', '0');
INSERT INTO `creature` (`guid`, `id`, `map`, `zone`, `area`, `spawnMask`, `phaseMask`, `modelid`, `equipment_id`, `position_x`, `position_y`, `position_z`, `orientation`, `spawntimesecs`, `spawndist`, `currentwaypoint`, `curhealth`, `curmana`, `MovementType`, `npcflag`, `unit_flags`, `dynamicflags`, `walkmode`) VALUES ('99657415', '465560', '1', '1637', '5356', '1', '1', '0', '46556', '1655.14', '-4352.7', '64.5366', '0.517466', '300', '0', '0', '2614', '0', '0', '0', '0', '0', '0');
INSERT INTO `creature` (`guid`, `id`, `map`, `zone`, `area`, `spawnMask`, `phaseMask`, `modelid`, `equipment_id`, `position_x`, `position_y`, `position_z`, `orientation`, `spawntimesecs`, `spawndist`, `currentwaypoint`, `curhealth`, `curmana`, `MovementType`, `npcflag`, `unit_flags`, `dynamicflags`, `walkmode`) VALUES ('99657416', '465550', '1', '1637', '5356', '1', '1', '0', '46555', '1653.34', '-4348.73', '64.6199', '0.471239', '300', '0', '0', '2614', '0', '0', '0', '0', '0', '0');
INSERT INTO `creature` (`guid`, `id`, `map`, `zone`, `area`, `spawnMask`, `phaseMask`, `modelid`, `equipment_id`, `position_x`, `position_y`, `position_z`, `orientation`, `spawntimesecs`, `spawndist`, `currentwaypoint`, `curhealth`, `curmana`, `MovementType`, `npcflag`, `unit_flags`, `dynamicflags`, `walkmode`) VALUES ('99658250', '46593', '1', '1637', '1637', '1', '3969', '0', '0', '1678.38', '-4182.69', '56.3161', '3.39057', '300', '0', '0', '9780', '14392', '0', '0', '0', '0', '0');
INSERT INTO `creature` (`guid`, `id`, `map`, `zone`, `area`, `spawnMask`, `phaseMask`, `modelid`, `equipment_id`, `position_x`, `position_y`, `position_z`, `orientation`, `spawntimesecs`, `spawndist`, `currentwaypoint`, `curhealth`, `curmana`, `MovementType`, `npcflag`, `unit_flags`, `dynamicflags`, `walkmode`) VALUES ('99658249', '46594', '1', '1637', '1637', '1', '3969', '0', '46594', '1677.42', '-4176.02', '56.3097', '3.39451', '300', '0', '0', '11828', '0', '0', '0', '0', '0', '0');
INSERT INTO `creature` (`guid`, `id`, `map`, `zone`, `area`, `spawnMask`, `phaseMask`, `modelid`, `equipment_id`, `position_x`, `position_y`, `position_z`, `orientation`, `spawntimesecs`, `spawndist`, `currentwaypoint`, `curhealth`, `curmana`, `MovementType`, `npcflag`, `unit_flags`, `dynamicflags`, `walkmode`) VALUES ('99658248', '210025', '1', '1637', '1637', '1', '3969', '0', '54662', '1671.59', '-4168.73', '56.2343', '3.85398', '300', '0', '0', '4299', '19394', '0', '0', '0', '0', '0');
INSERT INTO `creature` (`guid`, `id`, `map`, `zone`, `area`, `spawnMask`, `phaseMask`, `modelid`, `equipment_id`, `position_x`, `position_y`, `position_z`, `orientation`, `spawntimesecs`, `spawndist`, `currentwaypoint`, `curhealth`, `curmana`, `MovementType`, `npcflag`, `unit_flags`, `dynamicflags`, `walkmode`) VALUES ('99658263', '51254', '0', '1519', '1519', '1', '65535', '0', '51254', '-8781.41', '420.444', '105.233', '5.84107', '300', '0', '0', '11828', '0', '0', '0', '0', '0', '0');
INSERT INTO `creature` (`guid`, `id`, `map`, `zone`, `area`, `spawnMask`, `phaseMask`, `modelid`, `equipment_id`, `position_x`, `position_y`, `position_z`, `orientation`, `spawntimesecs`, `spawndist`, `currentwaypoint`, `curhealth`, `curmana`, `MovementType`, `npcflag`, `unit_flags`, `dynamicflags`, `walkmode`) VALUES ('99658262', '51255', '0', '1519', '1519', '1', '65535', '0', '51255', '-8776', '424.452', '105.233', '4.88681', '300', '0', '0', '21270', '0', '0', '0', '0', '0', '0');
INSERT INTO `creature` (`guid`, `id`, `map`, `zone`, `area`, `spawnMask`, `phaseMask`, `modelid`, `equipment_id`, `position_x`, `position_y`, `position_z`, `orientation`, `spawntimesecs`, `spawndist`, `currentwaypoint`, `curhealth`, `curmana`, `MovementType`, `npcflag`, `unit_flags`, `dynamicflags`, `walkmode`) VALUES ('99658261', '200025', '0', '1519', '1519', '1', '65535', '0', '54662', '-8771.55', '422.797', '103.922', '3.80688', '300', '0', '0', '4299', '19394', '0', '0', '0', '0', '0');


/*locales */
INSERT INTO `locales_creature` (`entry`, `name_loc1`, `name_loc2`, `name_loc3`, `name_loc4`, `name_loc5`, `name_loc6`, `name_loc7`, `name_loc8`, `subname_loc1`, `subname_loc2`, `subname_loc3`, `subname_loc4`, `subname_loc5`, `subname_loc6`, `subname_loc7`, `subname_loc8`) VALUES ('442450', '', 'Faldren Tillsdale', 'Faldren Tillsdale', '', '', 'Faldren Labravalle', 'Faldren Labravalle', '??????? ?????????', '', 'Intendant des emblèmes de vaillance', 'Rüstmeister für Tapferkeitspunkte', '', '', 'Intendente de valor', 'Intendente de valor', '??????? ?? ???? ????????');
INSERT INTO `locales_creature` (`entry`, `name_loc1`, `name_loc2`, `name_loc3`, `name_loc4`, `name_loc5`, `name_loc6`, `name_loc7`, `name_loc8`, `subname_loc1`, `subname_loc2`, `subname_loc3`, `subname_loc4`, `subname_loc5`, `subname_loc6`, `subname_loc7`, `subname_loc8`) VALUES ('442460', '', 'Magatha Argentel', 'Magatha Silverton', '', '', 'Magatha Toneplata', 'Magatha Toneplata', '?????? ?????????', '', 'Intendante de justice', 'Rüstmeisterin für Gerechtigkeitspunkte', '', '', 'Intendente de justicia', 'Intendente de justicia', '??????? ?? ???? ??????????????');
INSERT INTO `locales_creature` (`entry`, `name_loc1`, `name_loc2`, `name_loc3`, `name_loc4`, `name_loc5`, `name_loc6`, `name_loc7`, `name_loc8`, `subname_loc1`, `subname_loc2`, `subname_loc3`, `subname_loc4`, `subname_loc5`, `subname_loc6`, `subname_loc7`, `subname_loc8`) VALUES ('465550', '', 'Gunra', 'Gunra', '', '', 'Gunra', 'Gunra', '?????', '', 'Intendante de justice', 'Rüstmeisterin für Gerechtigkeitspunkte', '', '', 'Intendente de justicia', 'Intendente de justicia', '??????? ?? ???? ??????????????');
INSERT INTO `locales_creature` (`entry`, `name_loc1`, `name_loc2`, `name_loc3`, `name_loc4`, `name_loc5`, `name_loc6`, `name_loc7`, `name_loc8`, `subname_loc1`, `subname_loc2`, `subname_loc3`, `subname_loc4`, `subname_loc5`, `subname_loc6`, `subname_loc7`, `subname_loc8`) VALUES ('465560', '', 'Jamus\'Vaz', 'Jamus\'Vaz', '', '', 'Jamus\'Vaz', 'Jamus\'Vaz', '??????\'???', '', 'Intendant des emblèmes de vaillance', 'Rüstmeister für Tapferkeitspunkte', '', '', 'Intendente de valor', 'Intendente de valor', '??????? ?? ???? ????????');
INSERT INTO `locales_creature` (`entry`, `name_loc1`, `name_loc2`, `name_loc3`, `name_loc4`, `name_loc5`, `name_loc6`, `name_loc7`, `name_loc8`, `subname_loc1`, `subname_loc2`, `subname_loc3`, `subname_loc4`, `subname_loc5`, `subname_loc6`, `subname_loc7`, `subname_loc8`) VALUES ('200025', '', 'Chevalier-lieutenant T\'Maire Sydes', 'Hauptmann T\'Maire Sydes', '', '', 'Teniente caballero T\'Maire Sydes', 'Teniente caballero T\'Maire Sydes', '??????-????????? ?\'?? ?????', '', 'Intendante de l\'honneur', 'Rüstmeisterin für Ehrenpunkte', '', '', 'Intendente de honor', 'Intendente de honor', '??????? ?? ???? ?????');
INSERT INTO `locales_creature` (`entry`, `name_loc1`, `name_loc2`, `name_loc3`, `name_loc4`, `name_loc5`, `name_loc6`, `name_loc7`, `name_loc8`, `subname_loc1`, `subname_loc2`, `subname_loc3`, `subname_loc4`, `subname_loc5`, `subname_loc6`, `subname_loc7`, `subname_loc8`) VALUES ('210025', '', 'Garde de sang Zar\'shi', 'Blutwache Zar\'shi', '', '', 'Guardia de sangre Zar\'shi', 'Guardia de sangre Zar\'shi', '???????? ????? ???\'??', '', 'Intendant de l\'honneur', 'Rüstmeister für Ehrenpunkte', '', '', 'Intendente de honor', 'Intendente de honor', '??????? ?? ???? ?????');

/*game_event*/
INSERT INTO `game_event` (`eventEntry`, `start_time`, `end_time`, `occurence`, `length`, `holiday`, `holidayStage`, `description`, `world_event`) VALUES ('125', '0000-00-00 00:00:00', '0000-00-00 00:00:00', '5184000', '2592000', '0', '0', 'Parche 4.0.6', '0');

/*vendor*/
DELETE FROM `npc_vendor` WHERE `entry`= 442450;
DELETE FROM `npc_vendor` WHERE `entry`= 465560;
DELETE FROM `npc_vendor` WHERE `entry`= 442460;
DELETE FROM `npc_vendor` WHERE `entry`= 465550;
DELETE FROM `npc_vendor` WHERE `entry`= 200025;
DELETE FROM `npc_vendor` WHERE `entry`= 210025;

replace into `creature_template` (`entry`, `difficulty_entry_1`, `difficulty_entry_2`, `difficulty_entry_3`, `KillCredit1`, `KillCredit2`, `modelid1`, `modelid2`, `modelid3`, `modelid4`, `name`, `subname`, `IconName`, `gossip_menu_id`, `minlevel`, `maxlevel`, `exp`, `exp_unk`, `faction_A`, `faction_H`, `npcflag`, `speed_walk`, `speed_run`, `speed_swim`, `speed_fly`, `scale`, `rank`, `mindmg`, `maxdmg`, `dmgschool`, `attackpower`, `dmg_multiplier`, `baseattacktime`, `rangeattacktime`, `unit_class`, `unit_flags`, `unit_flags2`, `dynamicflags`, `family`, `trainer_type`, `trainer_spell`, `trainer_class`, `trainer_race`, `minrangedmg`, `maxrangedmg`, `rangedattackpower`, `type`, `type_flags`, `type_flags2`, `lootid`, `pickpocketloot`, `skinloot`, `resistance1`, `resistance2`, `resistance3`, `resistance4`, `resistance5`, `resistance6`, `spell1`, `spell2`, `spell3`, `spell4`, `spell5`, `spell6`, `spell7`, `spell8`, `PetSpellDataId`, `VehicleId`, `mingold`, `maxgold`, `AIName`, `currencyCount`, `currencyId`, `MovementType`, `InhabitType`, `HoverHeight`, `Health_mod`, `Mana_mod`, `Mana_mod_extra`, `Armor_mod`, `RacialLeader`, `questItem1`, `questItem2`, `questItem3`, `questItem4`, `questItem5`, `questItem6`, `movementId`, `RegenHealth`, `equipment_id`, `mechanic_immune_mask`, `flags_extra`, `ScriptName`, `WDBVerified`) values('200025','0','0','0','0','0','31953','0','0','0','Knight-Lieutenant T\'maire Sydes','Honor Quartermaster','','0','85','85','0','0','123','123','129','1','1.14286','1','1.14286','1','0','112','129.375','0','422','0.65','2000','0','8','0','2048','2048','0','0','0','0','0','61.6','95.625','275','7','0','0','0','0','0','0','0','0','0','0','0','0','0','0','0','0','0','0','0','0','0','0','0','SmartAI','','','0','3','1','1','1','1','1','0','0','0','0','0','0','0','0','1','54662','0','0','','13623');
replace into `creature_template` (`entry`, `difficulty_entry_1`, `difficulty_entry_2`, `difficulty_entry_3`, `KillCredit1`, `KillCredit2`, `modelid1`, `modelid2`, `modelid3`, `modelid4`, `name`, `subname`, `IconName`, `gossip_menu_id`, `minlevel`, `maxlevel`, `exp`, `exp_unk`, `faction_A`, `faction_H`, `npcflag`, `speed_walk`, `speed_run`, `speed_swim`, `speed_fly`, `scale`, `rank`, `mindmg`, `maxdmg`, `dmgschool`, `attackpower`, `dmg_multiplier`, `baseattacktime`, `rangeattacktime`, `unit_class`, `unit_flags`, `unit_flags2`, `dynamicflags`, `family`, `trainer_type`, `trainer_spell`, `trainer_class`, `trainer_race`, `minrangedmg`, `maxrangedmg`, `rangedattackpower`, `type`, `type_flags`, `type_flags2`, `lootid`, `pickpocketloot`, `skinloot`, `resistance1`, `resistance2`, `resistance3`, `resistance4`, `resistance5`, `resistance6`, `spell1`, `spell2`, `spell3`, `spell4`, `spell5`, `spell6`, `spell7`, `spell8`, `PetSpellDataId`, `VehicleId`, `mingold`, `maxgold`, `AIName`, `currencyCount`, `currencyId`, `MovementType`, `InhabitType`, `HoverHeight`, `Health_mod`, `Mana_mod`, `Mana_mod_extra`, `Armor_mod`, `RacialLeader`, `questItem1`, `questItem2`, `questItem3`, `questItem4`, `questItem5`, `questItem6`, `movementId`, `RegenHealth`, `equipment_id`, `mechanic_immune_mask`, `flags_extra`, `ScriptName`, `WDBVerified`) values('210025','0','0','0','0','0','28300','0','0','0','Blood Guard Zar\'shi','Honor Quartermaster','','0','85','85','0','0','125','125','129','1','1.14286','1','1.14286','1','0','112','129.375','0','422','0.65','2000','0','8','0','2048','2048','0','0','0','0','0','61.6','95.625','275','7','0','0','0','0','0','0','0','0','0','0','0','0','0','0','0','0','0','0','0','0','0','0','0','SmartAI','','','0','3','1','1','1','1','1','0','0','0','0','0','0','0','0','1','54662','0','0','','13623');
replace into `creature_template` (`entry`, `difficulty_entry_1`, `difficulty_entry_2`, `difficulty_entry_3`, `KillCredit1`, `KillCredit2`, `modelid1`, `modelid2`, `modelid3`, `modelid4`, `name`, `subname`, `IconName`, `gossip_menu_id`, `minlevel`, `maxlevel`, `exp`, `exp_unk`, `faction_A`, `faction_H`, `npcflag`, `speed_walk`, `speed_run`, `speed_swim`, `speed_fly`, `scale`, `rank`, `mindmg`, `maxdmg`, `dmgschool`, `attackpower`, `dmg_multiplier`, `baseattacktime`, `rangeattacktime`, `unit_class`, `unit_flags`, `unit_flags2`, `dynamicflags`, `family`, `trainer_type`, `trainer_spell`, `trainer_class`, `trainer_race`, `minrangedmg`, `maxrangedmg`, `rangedattackpower`, `type`, `type_flags`, `type_flags2`, `lootid`, `pickpocketloot`, `skinloot`, `resistance1`, `resistance2`, `resistance3`, `resistance4`, `resistance5`, `resistance6`, `spell1`, `spell2`, `spell3`, `spell4`, `spell5`, `spell6`, `spell7`, `spell8`, `PetSpellDataId`, `VehicleId`, `mingold`, `maxgold`, `AIName`, `currencyCount`, `currencyId`, `MovementType`, `InhabitType`, `HoverHeight`, `Health_mod`, `Mana_mod`, `Mana_mod_extra`, `Armor_mod`, `RacialLeader`, `questItem1`, `questItem2`, `questItem3`, `questItem4`, `questItem5`, `questItem6`, `movementId`, `RegenHealth`, `equipment_id`, `mechanic_immune_mask`, `flags_extra`, `ScriptName`, `WDBVerified`) values('442450','0','0','0','0','0','33750','0','0','0','Faldren Tillsdale','Valor Quartermaster','','0','55','55','0','0','12','12','131','1','1.14286','1','1.14286','1','0','112','129.375','0','422','0.65','2000','0','8','768','2048','0','0','0','0','0','0','61.6','95.625','275','7','0','0','0','0','0','0','0','0','0','0','0','0','0','0','0','0','0','0','0','0','0','0','0','','','','0','3','1','1','1','1','1','0','0','0','0','0','0','0','0','1','0','0','0','','13623');
replace into `creature_template` (`entry`, `difficulty_entry_1`, `difficulty_entry_2`, `difficulty_entry_3`, `KillCredit1`, `KillCredit2`, `modelid1`, `modelid2`, `modelid3`, `modelid4`, `name`, `subname`, `IconName`, `gossip_menu_id`, `minlevel`, `maxlevel`, `exp`, `exp_unk`, `faction_A`, `faction_H`, `npcflag`, `speed_walk`, `speed_run`, `speed_swim`, `speed_fly`, `scale`, `rank`, `mindmg`, `maxdmg`, `dmgschool`, `attackpower`, `dmg_multiplier`, `baseattacktime`, `rangeattacktime`, `unit_class`, `unit_flags`, `unit_flags2`, `dynamicflags`, `family`, `trainer_type`, `trainer_spell`, `trainer_class`, `trainer_race`, `minrangedmg`, `maxrangedmg`, `rangedattackpower`, `type`, `type_flags`, `type_flags2`, `lootid`, `pickpocketloot`, `skinloot`, `resistance1`, `resistance2`, `resistance3`, `resistance4`, `resistance5`, `resistance6`, `spell1`, `spell2`, `spell3`, `spell4`, `spell5`, `spell6`, `spell7`, `spell8`, `PetSpellDataId`, `VehicleId`, `mingold`, `maxgold`, `AIName`, `currencyCount`, `currencyId`, `MovementType`, `InhabitType`, `HoverHeight`, `Health_mod`, `Mana_mod`, `Mana_mod_extra`, `Armor_mod`, `RacialLeader`, `questItem1`, `questItem2`, `questItem3`, `questItem4`, `questItem5`, `questItem6`, `movementId`, `RegenHealth`, `equipment_id`, `mechanic_immune_mask`, `flags_extra`, `ScriptName`, `WDBVerified`) values('442460','0','0','0','0','0','33751','0','0','0','Magatha Silverton','Justice Quartermaster','','0','55','55','0','0','12','12','129','1','1.14286','1','1.14286','1','0','112','129.375','0','422','0.65','2000','0','8','0','2048','2048','0','0','0','0','0','61.6','95.625','275','7','0','0','0','0','0','0','0','0','0','0','0','0','0','0','0','0','0','0','0','0','0','0','0','','','','0','3','1','1','1','1','1','0','0','0','0','0','0','0','0','1','0','0','0','','13623');
replace into `creature_template` (`entry`, `difficulty_entry_1`, `difficulty_entry_2`, `difficulty_entry_3`, `KillCredit1`, `KillCredit2`, `modelid1`, `modelid2`, `modelid3`, `modelid4`, `name`, `subname`, `IconName`, `gossip_menu_id`, `minlevel`, `maxlevel`, `exp`, `exp_unk`, `faction_A`, `faction_H`, `npcflag`, `speed_walk`, `speed_run`, `speed_swim`, `speed_fly`, `scale`, `rank`, `mindmg`, `maxdmg`, `dmgschool`, `attackpower`, `dmg_multiplier`, `baseattacktime`, `rangeattacktime`, `unit_class`, `unit_flags`, `unit_flags2`, `dynamicflags`, `family`, `trainer_type`, `trainer_spell`, `trainer_class`, `trainer_race`, `minrangedmg`, `maxrangedmg`, `rangedattackpower`, `type`, `type_flags`, `type_flags2`, `lootid`, `pickpocketloot`, `skinloot`, `resistance1`, `resistance2`, `resistance3`, `resistance4`, `resistance5`, `resistance6`, `spell1`, `spell2`, `spell3`, `spell4`, `spell5`, `spell6`, `spell7`, `spell8`, `PetSpellDataId`, `VehicleId`, `mingold`, `maxgold`, `AIName`, `currencyCount`, `currencyId`, `MovementType`, `InhabitType`, `HoverHeight`, `Health_mod`, `Mana_mod`, `Mana_mod_extra`, `Armor_mod`, `RacialLeader`, `questItem1`, `questItem2`, `questItem3`, `questItem4`, `questItem5`, `questItem6`, `movementId`, `RegenHealth`, `equipment_id`, `mechanic_immune_mask`, `flags_extra`, `ScriptName`, `WDBVerified`) values('465550','0','0','0','0','0','35141','0','0','0','Gunra','Justice Quartermaster','','0','55','55','0','0','29','29','129','1','1.14286','1','1.14286','1','0','112','129.375','0','422','0.65','2000','0','1','0','2048','2048','0','0','0','0','0','61.6','95.625','275','7','0','0','0','0','0','0','0','0','0','0','0','0','0','0','0','0','0','0','0','0','0','0','0','','','','0','3','1','1','1','1','1','0','0','0','0','0','0','0','0','1','46555','0','0','','13623');
replace into `creature_template` (`entry`, `difficulty_entry_1`, `difficulty_entry_2`, `difficulty_entry_3`, `KillCredit1`, `KillCredit2`, `modelid1`, `modelid2`, `modelid3`, `modelid4`, `name`, `subname`, `IconName`, `gossip_menu_id`, `minlevel`, `maxlevel`, `exp`, `exp_unk`, `faction_A`, `faction_H`, `npcflag`, `speed_walk`, `speed_run`, `speed_swim`, `speed_fly`, `scale`, `rank`, `mindmg`, `maxdmg`, `dmgschool`, `attackpower`, `dmg_multiplier`, `baseattacktime`, `rangeattacktime`, `unit_class`, `unit_flags`, `unit_flags2`, `dynamicflags`, `family`, `trainer_type`, `trainer_spell`, `trainer_class`, `trainer_race`, `minrangedmg`, `maxrangedmg`, `rangedattackpower`, `type`, `type_flags`, `type_flags2`, `lootid`, `pickpocketloot`, `skinloot`, `resistance1`, `resistance2`, `resistance3`, `resistance4`, `resistance5`, `resistance6`, `spell1`, `spell2`, `spell3`, `spell4`, `spell5`, `spell6`, `spell7`, `spell8`, `PetSpellDataId`, `VehicleId`, `mingold`, `maxgold`, `AIName`, `currencyCount`, `currencyId`, `MovementType`, `InhabitType`, `HoverHeight`, `Health_mod`, `Mana_mod`, `Mana_mod_extra`, `Armor_mod`, `RacialLeader`, `questItem1`, `questItem2`, `questItem3`, `questItem4`, `questItem5`, `questItem6`, `movementId`, `RegenHealth`, `equipment_id`, `mechanic_immune_mask`, `flags_extra`, `ScriptName`, `WDBVerified`) values('465560','0','0','0','0','0','35140','0','0','0','Jamus\'Vaz','Valor Quartermaster','','0','55','55','0','0','29','29','129','1','1.14286','1','1.14286','1','0','112','129.375','0','422','0.65','2000','0','1','0','2048','2048','0','0','0','0','0','61.6','95.625','275','7','0','0','0','0','0','0','0','0','0','0','0','0','0','0','0','0','0','0','0','0','0','0','0','','','','0','3','1','1','1','1','1','0','0','0','0','0','0','0','0','1','46556','0','0','','13623');


insert into `npc_vendor` (`entry`, `slot`, `item`, `maxcount`, `incrtime`, `ExtendedCost`, `type`) values('200025','0','64681','0','0','3344','1');
insert into `npc_vendor` (`entry`, `slot`, `item`, `maxcount`, `incrtime`, `ExtendedCost`, `type`) values('200025','0','64682','0','0','3344','1');
insert into `npc_vendor` (`entry`, `slot`, `item`, `maxcount`, `incrtime`, `ExtendedCost`, `type`) values('200025','0','64683','0','0','3344','1');
insert into `npc_vendor` (`entry`, `slot`, `item`, `maxcount`, `incrtime`, `ExtendedCost`, `type`) values('200025','0','64684','0','0','3344','1');
insert into `npc_vendor` (`entry`, `slot`, `item`, `maxcount`, `incrtime`, `ExtendedCost`, `type`) values('200025','0','64685','0','0','3344','1');
insert into `npc_vendor` (`entry`, `slot`, `item`, `maxcount`, `incrtime`, `ExtendedCost`, `type`) values('200025','0','64686','0','0','3344','1');
insert into `npc_vendor` (`entry`, `slot`, `item`, `maxcount`, `incrtime`, `ExtendedCost`, `type`) values('200025','0','64687','0','0','3163','1');
insert into `npc_vendor` (`entry`, `slot`, `item`, `maxcount`, `incrtime`, `ExtendedCost`, `type`) values('200025','0','64688','0','0','3163','1');
insert into `npc_vendor` (`entry`, `slot`, `item`, `maxcount`, `incrtime`, `ExtendedCost`, `type`) values('200025','0','64689','0','0','3163','1');
insert into `npc_vendor` (`entry`, `slot`, `item`, `maxcount`, `incrtime`, `ExtendedCost`, `type`) values('200025','0','64690','0','0','3344','1');
insert into `npc_vendor` (`entry`, `slot`, `item`, `maxcount`, `incrtime`, `ExtendedCost`, `type`) values('200025','0','64691','0','0','3344','1');
insert into `npc_vendor` (`entry`, `slot`, `item`, `maxcount`, `incrtime`, `ExtendedCost`, `type`) values('200025','0','64692','0','0','3344','1');
insert into `npc_vendor` (`entry`, `slot`, `item`, `maxcount`, `incrtime`, `ExtendedCost`, `type`) values('200025','0','64693','0','0','3551','1');
insert into `npc_vendor` (`entry`, `slot`, `item`, `maxcount`, `incrtime`, `ExtendedCost`, `type`) values('200025','0','64694','0','0','3552','1');
insert into `npc_vendor` (`entry`, `slot`, `item`, `maxcount`, `incrtime`, `ExtendedCost`, `type`) values('200025','0','64695','0','0','3550','1');
insert into `npc_vendor` (`entry`, `slot`, `item`, `maxcount`, `incrtime`, `ExtendedCost`, `type`) values('200025','0','64696','0','0','3163','1');
insert into `npc_vendor` (`entry`, `slot`, `item`, `maxcount`, `incrtime`, `ExtendedCost`, `type`) values('200025','0','64697','0','0','3163','1');
insert into `npc_vendor` (`entry`, `slot`, `item`, `maxcount`, `incrtime`, `ExtendedCost`, `type`) values('200025','0','64698','0','0','3344','1');
insert into `npc_vendor` (`entry`, `slot`, `item`, `maxcount`, `incrtime`, `ExtendedCost`, `type`) values('200025','0','64699','0','0','3344','1');
insert into `npc_vendor` (`entry`, `slot`, `item`, `maxcount`, `incrtime`, `ExtendedCost`, `type`) values('200025','0','64700','0','0','3549','1');
insert into `npc_vendor` (`entry`, `slot`, `item`, `maxcount`, `incrtime`, `ExtendedCost`, `type`) values('200025','0','64701','0','0','3550','1');
insert into `npc_vendor` (`entry`, `slot`, `item`, `maxcount`, `incrtime`, `ExtendedCost`, `type`) values('200025','0','64702','0','0','3163','1');
insert into `npc_vendor` (`entry`, `slot`, `item`, `maxcount`, `incrtime`, `ExtendedCost`, `type`) values('200025','0','64703','0','0','3163','1');
insert into `npc_vendor` (`entry`, `slot`, `item`, `maxcount`, `incrtime`, `ExtendedCost`, `type`) values('200025','0','64704','0','0','3344','1');
insert into `npc_vendor` (`entry`, `slot`, `item`, `maxcount`, `incrtime`, `ExtendedCost`, `type`) values('200025','0','64705','0','0','3344','1');
insert into `npc_vendor` (`entry`, `slot`, `item`, `maxcount`, `incrtime`, `ExtendedCost`, `type`) values('200025','0','64706','0','0','3344','1');
insert into `npc_vendor` (`entry`, `slot`, `item`, `maxcount`, `incrtime`, `ExtendedCost`, `type`) values('200025','0','64707','0','0','3344','1');
insert into `npc_vendor` (`entry`, `slot`, `item`, `maxcount`, `incrtime`, `ExtendedCost`, `type`) values('200025','0','64708','0','0','3162','1');
insert into `npc_vendor` (`entry`, `slot`, `item`, `maxcount`, `incrtime`, `ExtendedCost`, `type`) values('200025','0','64709','0','0','3163','1');
insert into `npc_vendor` (`entry`, `slot`, `item`, `maxcount`, `incrtime`, `ExtendedCost`, `type`) values('200025','0','64710','0','0','3162','1');
insert into `npc_vendor` (`entry`, `slot`, `item`, `maxcount`, `incrtime`, `ExtendedCost`, `type`) values('200025','0','64711','0','0','3162','1');
insert into `npc_vendor` (`entry`, `slot`, `item`, `maxcount`, `incrtime`, `ExtendedCost`, `type`) values('200025','0','64712','0','0','3163','1');
insert into `npc_vendor` (`entry`, `slot`, `item`, `maxcount`, `incrtime`, `ExtendedCost`, `type`) values('200025','0','64713','0','0','3344','1');
insert into `npc_vendor` (`entry`, `slot`, `item`, `maxcount`, `incrtime`, `ExtendedCost`, `type`) values('200025','0','64714','0','0','3344','1');
insert into `npc_vendor` (`entry`, `slot`, `item`, `maxcount`, `incrtime`, `ExtendedCost`, `type`) values('200025','0','64715','0','0','3163','1');
insert into `npc_vendor` (`entry`, `slot`, `item`, `maxcount`, `incrtime`, `ExtendedCost`, `type`) values('200025','0','64716','0','0','3163','1');
insert into `npc_vendor` (`entry`, `slot`, `item`, `maxcount`, `incrtime`, `ExtendedCost`, `type`) values('200025','0','64717','0','0','3549','1');
insert into `npc_vendor` (`entry`, `slot`, `item`, `maxcount`, `incrtime`, `ExtendedCost`, `type`) values('200025','0','64718','0','0','3344','1');
insert into `npc_vendor` (`entry`, `slot`, `item`, `maxcount`, `incrtime`, `ExtendedCost`, `type`) values('200025','0','64719','0','0','3344','1');
insert into `npc_vendor` (`entry`, `slot`, `item`, `maxcount`, `incrtime`, `ExtendedCost`, `type`) values('200025','0','64720','0','0','3163','1');
insert into `npc_vendor` (`entry`, `slot`, `item`, `maxcount`, `incrtime`, `ExtendedCost`, `type`) values('200025','0','64721','0','0','3163','1');
insert into `npc_vendor` (`entry`, `slot`, `item`, `maxcount`, `incrtime`, `ExtendedCost`, `type`) values('200025','0','64722','0','0','3163','1');
insert into `npc_vendor` (`entry`, `slot`, `item`, `maxcount`, `incrtime`, `ExtendedCost`, `type`) values('200025','0','64723','0','0','3344','1');
insert into `npc_vendor` (`entry`, `slot`, `item`, `maxcount`, `incrtime`, `ExtendedCost`, `type`) values('200025','0','64724','0','0','3344','1');
insert into `npc_vendor` (`entry`, `slot`, `item`, `maxcount`, `incrtime`, `ExtendedCost`, `type`) values('200025','0','64725','0','0','3344','1');
insert into `npc_vendor` (`entry`, `slot`, `item`, `maxcount`, `incrtime`, `ExtendedCost`, `type`) values('200025','0','64726','0','0','3550','1');
insert into `npc_vendor` (`entry`, `slot`, `item`, `maxcount`, `incrtime`, `ExtendedCost`, `type`) values('200025','0','64727','0','0','3163','1');
insert into `npc_vendor` (`entry`, `slot`, `item`, `maxcount`, `incrtime`, `ExtendedCost`, `type`) values('200025','0','64728','0','0','3162','1');
insert into `npc_vendor` (`entry`, `slot`, `item`, `maxcount`, `incrtime`, `ExtendedCost`, `type`) values('200025','0','64729','0','0','3162','1');
insert into `npc_vendor` (`entry`, `slot`, `item`, `maxcount`, `incrtime`, `ExtendedCost`, `type`) values('200025','0','64730','0','0','3162','1');
insert into `npc_vendor` (`entry`, `slot`, `item`, `maxcount`, `incrtime`, `ExtendedCost`, `type`) values('200025','0','64731','0','0','3163','1');
insert into `npc_vendor` (`entry`, `slot`, `item`, `maxcount`, `incrtime`, `ExtendedCost`, `type`) values('200025','0','64732','0','0','3344','1');
insert into `npc_vendor` (`entry`, `slot`, `item`, `maxcount`, `incrtime`, `ExtendedCost`, `type`) values('200025','0','64733','0','0','3344','1');
insert into `npc_vendor` (`entry`, `slot`, `item`, `maxcount`, `incrtime`, `ExtendedCost`, `type`) values('200025','0','64734','0','0','3344','1');
insert into `npc_vendor` (`entry`, `slot`, `item`, `maxcount`, `incrtime`, `ExtendedCost`, `type`) values('200025','0','64735','0','0','3162','1');
insert into `npc_vendor` (`entry`, `slot`, `item`, `maxcount`, `incrtime`, `ExtendedCost`, `type`) values('200025','0','64736','0','0','3163','1');
insert into `npc_vendor` (`entry`, `slot`, `item`, `maxcount`, `incrtime`, `ExtendedCost`, `type`) values('200025','0','64737','0','0','3162','1');
insert into `npc_vendor` (`entry`, `slot`, `item`, `maxcount`, `incrtime`, `ExtendedCost`, `type`) values('200025','0','64738','0','0','3162','1');
insert into `npc_vendor` (`entry`, `slot`, `item`, `maxcount`, `incrtime`, `ExtendedCost`, `type`) values('200025','0','64739','0','0','3163','1');
insert into `npc_vendor` (`entry`, `slot`, `item`, `maxcount`, `incrtime`, `ExtendedCost`, `type`) values('200025','0','64740','0','0','3163','1');
insert into `npc_vendor` (`entry`, `slot`, `item`, `maxcount`, `incrtime`, `ExtendedCost`, `type`) values('200025','0','64741','0','0','3163','1');
insert into `npc_vendor` (`entry`, `slot`, `item`, `maxcount`, `incrtime`, `ExtendedCost`, `type`) values('200025','0','64742','0','0','3163','1');
insert into `npc_vendor` (`entry`, `slot`, `item`, `maxcount`, `incrtime`, `ExtendedCost`, `type`) values('200025','0','64743','0','0','3551','1');
insert into `npc_vendor` (`entry`, `slot`, `item`, `maxcount`, `incrtime`, `ExtendedCost`, `type`) values('200025','0','64744','0','0','3550','1');
insert into `npc_vendor` (`entry`, `slot`, `item`, `maxcount`, `incrtime`, `ExtendedCost`, `type`) values('200025','0','64745','0','0','3163','1');
insert into `npc_vendor` (`entry`, `slot`, `item`, `maxcount`, `incrtime`, `ExtendedCost`, `type`) values('200025','0','64746','0','0','3162','1');
insert into `npc_vendor` (`entry`, `slot`, `item`, `maxcount`, `incrtime`, `ExtendedCost`, `type`) values('200025','0','64747','0','0','3163','1');
insert into `npc_vendor` (`entry`, `slot`, `item`, `maxcount`, `incrtime`, `ExtendedCost`, `type`) values('200025','0','64748','0','0','3162','1');
insert into `npc_vendor` (`entry`, `slot`, `item`, `maxcount`, `incrtime`, `ExtendedCost`, `type`) values('200025','0','64749','0','0','3162','1');
insert into `npc_vendor` (`entry`, `slot`, `item`, `maxcount`, `incrtime`, `ExtendedCost`, `type`) values('200025','0','64750','0','0','3163','1');
insert into `npc_vendor` (`entry`, `slot`, `item`, `maxcount`, `incrtime`, `ExtendedCost`, `type`) values('200025','0','64751','0','0','3163','1');
insert into `npc_vendor` (`entry`, `slot`, `item`, `maxcount`, `incrtime`, `ExtendedCost`, `type`) values('200025','0','64752','0','0','3549','1');
insert into `npc_vendor` (`entry`, `slot`, `item`, `maxcount`, `incrtime`, `ExtendedCost`, `type`) values('200025','0','64753','0','0','3163','1');
insert into `npc_vendor` (`entry`, `slot`, `item`, `maxcount`, `incrtime`, `ExtendedCost`, `type`) values('200025','0','64754','0','0','3163','1');
insert into `npc_vendor` (`entry`, `slot`, `item`, `maxcount`, `incrtime`, `ExtendedCost`, `type`) values('200025','0','64755','0','0','3550','1');
insert into `npc_vendor` (`entry`, `slot`, `item`, `maxcount`, `incrtime`, `ExtendedCost`, `type`) values('200025','0','64756','0','0','3163','1');
insert into `npc_vendor` (`entry`, `slot`, `item`, `maxcount`, `incrtime`, `ExtendedCost`, `type`) values('200025','0','64757','0','0','3163','1');
insert into `npc_vendor` (`entry`, `slot`, `item`, `maxcount`, `incrtime`, `ExtendedCost`, `type`) values('200025','0','64758','0','0','3549','1');
insert into `npc_vendor` (`entry`, `slot`, `item`, `maxcount`, `incrtime`, `ExtendedCost`, `type`) values('200025','0','64759','0','0','3552','1');
insert into `npc_vendor` (`entry`, `slot`, `item`, `maxcount`, `incrtime`, `ExtendedCost`, `type`) values('200025','0','64760','0','0','3550','1');
insert into `npc_vendor` (`entry`, `slot`, `item`, `maxcount`, `incrtime`, `ExtendedCost`, `type`) values('200025','0','64761','0','0','3163','1');
insert into `npc_vendor` (`entry`, `slot`, `item`, `maxcount`, `incrtime`, `ExtendedCost`, `type`) values('200025','0','64762','0','0','3163','1');
insert into `npc_vendor` (`entry`, `slot`, `item`, `maxcount`, `incrtime`, `ExtendedCost`, `type`) values('200025','0','64763','0','0','3163','1');
insert into `npc_vendor` (`entry`, `slot`, `item`, `maxcount`, `incrtime`, `ExtendedCost`, `type`) values('200025','0','64764','0','0','3163','1');
insert into `npc_vendor` (`entry`, `slot`, `item`, `maxcount`, `incrtime`, `ExtendedCost`, `type`) values('200025','0','64765','0','0','3162','1');
insert into `npc_vendor` (`entry`, `slot`, `item`, `maxcount`, `incrtime`, `ExtendedCost`, `type`) values('200025','0','64766','0','0','3162','1');
insert into `npc_vendor` (`entry`, `slot`, `item`, `maxcount`, `incrtime`, `ExtendedCost`, `type`) values('200025','0','64767','0','0','3162','1');
insert into `npc_vendor` (`entry`, `slot`, `item`, `maxcount`, `incrtime`, `ExtendedCost`, `type`) values('200025','0','64768','0','0','3163','1');
insert into `npc_vendor` (`entry`, `slot`, `item`, `maxcount`, `incrtime`, `ExtendedCost`, `type`) values('200025','0','64769','0','0','3163','1');
insert into `npc_vendor` (`entry`, `slot`, `item`, `maxcount`, `incrtime`, `ExtendedCost`, `type`) values('200025','0','64770','0','0','3162','1');
insert into `npc_vendor` (`entry`, `slot`, `item`, `maxcount`, `incrtime`, `ExtendedCost`, `type`) values('200025','0','64771','0','0','3162','1');
insert into `npc_vendor` (`entry`, `slot`, `item`, `maxcount`, `incrtime`, `ExtendedCost`, `type`) values('200025','0','64772','0','0','3163','1');
insert into `npc_vendor` (`entry`, `slot`, `item`, `maxcount`, `incrtime`, `ExtendedCost`, `type`) values('200025','0','64773','0','0','3162','1');
insert into `npc_vendor` (`entry`, `slot`, `item`, `maxcount`, `incrtime`, `ExtendedCost`, `type`) values('200025','0','64774','0','0','3551','1');
insert into `npc_vendor` (`entry`, `slot`, `item`, `maxcount`, `incrtime`, `ExtendedCost`, `type`) values('200025','0','64775','0','0','3551','1');
insert into `npc_vendor` (`entry`, `slot`, `item`, `maxcount`, `incrtime`, `ExtendedCost`, `type`) values('200025','0','64776','0','0','3162','1');
insert into `npc_vendor` (`entry`, `slot`, `item`, `maxcount`, `incrtime`, `ExtendedCost`, `type`) values('200025','0','64777','0','0','3163','1');
insert into `npc_vendor` (`entry`, `slot`, `item`, `maxcount`, `incrtime`, `ExtendedCost`, `type`) values('200025','0','64778','0','0','3162','1');
insert into `npc_vendor` (`entry`, `slot`, `item`, `maxcount`, `incrtime`, `ExtendedCost`, `type`) values('200025','0','64779','0','0','3162','1');
insert into `npc_vendor` (`entry`, `slot`, `item`, `maxcount`, `incrtime`, `ExtendedCost`, `type`) values('200025','0','64780','0','0','3163','1');
insert into `npc_vendor` (`entry`, `slot`, `item`, `maxcount`, `incrtime`, `ExtendedCost`, `type`) values('200025','0','64781','0','0','3163','1');
insert into `npc_vendor` (`entry`, `slot`, `item`, `maxcount`, `incrtime`, `ExtendedCost`, `type`) values('200025','0','64782','0','0','3163','1');
insert into `npc_vendor` (`entry`, `slot`, `item`, `maxcount`, `incrtime`, `ExtendedCost`, `type`) values('200025','0','64783','0','0','3550','1');
insert into `npc_vendor` (`entry`, `slot`, `item`, `maxcount`, `incrtime`, `ExtendedCost`, `type`) values('200025','0','64784','0','0','3162','1');
insert into `npc_vendor` (`entry`, `slot`, `item`, `maxcount`, `incrtime`, `ExtendedCost`, `type`) values('200025','0','64785','0','0','3163','1');
insert into `npc_vendor` (`entry`, `slot`, `item`, `maxcount`, `incrtime`, `ExtendedCost`, `type`) values('200025','0','64786','0','0','3162','1');
insert into `npc_vendor` (`entry`, `slot`, `item`, `maxcount`, `incrtime`, `ExtendedCost`, `type`) values('200025','0','64787','0','0','3162','1');
insert into `npc_vendor` (`entry`, `slot`, `item`, `maxcount`, `incrtime`, `ExtendedCost`, `type`) values('200025','0','64788','0','0','3163','1');
insert into `npc_vendor` (`entry`, `slot`, `item`, `maxcount`, `incrtime`, `ExtendedCost`, `type`) values('200025','0','64790','0','0','3163','1');
insert into `npc_vendor` (`entry`, `slot`, `item`, `maxcount`, `incrtime`, `ExtendedCost`, `type`) values('200025','0','64791','0','0','3163','1');
insert into `npc_vendor` (`entry`, `slot`, `item`, `maxcount`, `incrtime`, `ExtendedCost`, `type`) values('200025','0','64793','0','0','3163','1');
insert into `npc_vendor` (`entry`, `slot`, `item`, `maxcount`, `incrtime`, `ExtendedCost`, `type`) values('200025','0','64795','0','0','3163','1');
insert into `npc_vendor` (`entry`, `slot`, `item`, `maxcount`, `incrtime`, `ExtendedCost`, `type`) values('200025','0','64796','0','0','3162','1');
insert into `npc_vendor` (`entry`, `slot`, `item`, `maxcount`, `incrtime`, `ExtendedCost`, `type`) values('200025','0','64797','0','0','3162','1');
insert into `npc_vendor` (`entry`, `slot`, `item`, `maxcount`, `incrtime`, `ExtendedCost`, `type`) values('200025','0','64798','0','0','3163','1');
insert into `npc_vendor` (`entry`, `slot`, `item`, `maxcount`, `incrtime`, `ExtendedCost`, `type`) values('200025','0','64799','0','0','3162','1');
insert into `npc_vendor` (`entry`, `slot`, `item`, `maxcount`, `incrtime`, `ExtendedCost`, `type`) values('200025','0','64800','0','0','3344','1');
insert into `npc_vendor` (`entry`, `slot`, `item`, `maxcount`, `incrtime`, `ExtendedCost`, `type`) values('200025','0','64801','0','0','3344','1');
insert into `npc_vendor` (`entry`, `slot`, `item`, `maxcount`, `incrtime`, `ExtendedCost`, `type`) values('200025','0','64802','0','0','3162','1');
insert into `npc_vendor` (`entry`, `slot`, `item`, `maxcount`, `incrtime`, `ExtendedCost`, `type`) values('200025','0','64803','0','0','3163','1');
insert into `npc_vendor` (`entry`, `slot`, `item`, `maxcount`, `incrtime`, `ExtendedCost`, `type`) values('200025','0','64804','0','0','3162','1');
insert into `npc_vendor` (`entry`, `slot`, `item`, `maxcount`, `incrtime`, `ExtendedCost`, `type`) values('200025','0','64805','0','0','3162','1');
insert into `npc_vendor` (`entry`, `slot`, `item`, `maxcount`, `incrtime`, `ExtendedCost`, `type`) values('200025','0','64806','0','0','3163','1');
insert into `npc_vendor` (`entry`, `slot`, `item`, `maxcount`, `incrtime`, `ExtendedCost`, `type`) values('200025','0','64807','0','0','3344','1');
insert into `npc_vendor` (`entry`, `slot`, `item`, `maxcount`, `incrtime`, `ExtendedCost`, `type`) values('200025','0','64808','0','0','3344','1');
insert into `npc_vendor` (`entry`, `slot`, `item`, `maxcount`, `incrtime`, `ExtendedCost`, `type`) values('200025','0','64809','0','0','3344','1');
insert into `npc_vendor` (`entry`, `slot`, `item`, `maxcount`, `incrtime`, `ExtendedCost`, `type`) values('200025','0','64810','0','0','3550','1');
insert into `npc_vendor` (`entry`, `slot`, `item`, `maxcount`, `incrtime`, `ExtendedCost`, `type`) values('200025','0','64811','0','0','3162','1');
insert into `npc_vendor` (`entry`, `slot`, `item`, `maxcount`, `incrtime`, `ExtendedCost`, `type`) values('200025','0','64812','0','0','3163','1');
insert into `npc_vendor` (`entry`, `slot`, `item`, `maxcount`, `incrtime`, `ExtendedCost`, `type`) values('200025','0','64813','0','0','3162','1');
insert into `npc_vendor` (`entry`, `slot`, `item`, `maxcount`, `incrtime`, `ExtendedCost`, `type`) values('200025','0','64814','0','0','3162','1');
insert into `npc_vendor` (`entry`, `slot`, `item`, `maxcount`, `incrtime`, `ExtendedCost`, `type`) values('200025','0','64815','0','0','3163','1');
insert into `npc_vendor` (`entry`, `slot`, `item`, `maxcount`, `incrtime`, `ExtendedCost`, `type`) values('200025','0','64816','0','0','3549','1');
insert into `npc_vendor` (`entry`, `slot`, `item`, `maxcount`, `incrtime`, `ExtendedCost`, `type`) values('200025','0','64817','0','0','3549','1');
insert into `npc_vendor` (`entry`, `slot`, `item`, `maxcount`, `incrtime`, `ExtendedCost`, `type`) values('200025','0','64818','0','0','3551','1');
insert into `npc_vendor` (`entry`, `slot`, `item`, `maxcount`, `incrtime`, `ExtendedCost`, `type`) values('200025','0','64819','0','0','3166','1');
insert into `npc_vendor` (`entry`, `slot`, `item`, `maxcount`, `incrtime`, `ExtendedCost`, `type`) values('200025','0','64820','0','0','3166','1');
insert into `npc_vendor` (`entry`, `slot`, `item`, `maxcount`, `incrtime`, `ExtendedCost`, `type`) values('200025','0','64821','0','0','3166','1');
insert into `npc_vendor` (`entry`, `slot`, `item`, `maxcount`, `incrtime`, `ExtendedCost`, `type`) values('200025','0','64822','0','0','3166','1');
insert into `npc_vendor` (`entry`, `slot`, `item`, `maxcount`, `incrtime`, `ExtendedCost`, `type`) values('200025','0','64823','0','0','3551','1');
insert into `npc_vendor` (`entry`, `slot`, `item`, `maxcount`, `incrtime`, `ExtendedCost`, `type`) values('200025','0','64824','0','0','3550','1');
insert into `npc_vendor` (`entry`, `slot`, `item`, `maxcount`, `incrtime`, `ExtendedCost`, `type`) values('200025','0','64825','0','0','3549','1');
insert into `npc_vendor` (`entry`, `slot`, `item`, `maxcount`, `incrtime`, `ExtendedCost`, `type`) values('200025','0','64826','0','0','3549','1');
insert into `npc_vendor` (`entry`, `slot`, `item`, `maxcount`, `incrtime`, `ExtendedCost`, `type`) values('200025','0','64827','0','0','3162','1');
insert into `npc_vendor` (`entry`, `slot`, `item`, `maxcount`, `incrtime`, `ExtendedCost`, `type`) values('200025','0','64828','0','0','3163','1');
insert into `npc_vendor` (`entry`, `slot`, `item`, `maxcount`, `incrtime`, `ExtendedCost`, `type`) values('200025','0','64829','0','0','3162','1');
insert into `npc_vendor` (`entry`, `slot`, `item`, `maxcount`, `incrtime`, `ExtendedCost`, `type`) values('200025','0','64830','0','0','3162','1');
insert into `npc_vendor` (`entry`, `slot`, `item`, `maxcount`, `incrtime`, `ExtendedCost`, `type`) values('200025','0','64831','0','0','3163','1');
insert into `npc_vendor` (`entry`, `slot`, `item`, `maxcount`, `incrtime`, `ExtendedCost`, `type`) values('200025','0','64832','0','0','3344','1');
insert into `npc_vendor` (`entry`, `slot`, `item`, `maxcount`, `incrtime`, `ExtendedCost`, `type`) values('200025','0','64833','0','0','3344','1');
insert into `npc_vendor` (`entry`, `slot`, `item`, `maxcount`, `incrtime`, `ExtendedCost`, `type`) values('200025','0','64834','0','0','3163','1');
insert into `npc_vendor` (`entry`, `slot`, `item`, `maxcount`, `incrtime`, `ExtendedCost`, `type`) values('200025','0','64835','0','0','3163','1');
insert into `npc_vendor` (`entry`, `slot`, `item`, `maxcount`, `incrtime`, `ExtendedCost`, `type`) values('200025','0','64836','0','0','3163','1');
insert into `npc_vendor` (`entry`, `slot`, `item`, `maxcount`, `incrtime`, `ExtendedCost`, `type`) values('200025','0','64837','0','0','3163','1');
insert into `npc_vendor` (`entry`, `slot`, `item`, `maxcount`, `incrtime`, `ExtendedCost`, `type`) values('200025','0','64838','0','0','3163','1');
insert into `npc_vendor` (`entry`, `slot`, `item`, `maxcount`, `incrtime`, `ExtendedCost`, `type`) values('200025','0','64839','0','0','3162','1');
insert into `npc_vendor` (`entry`, `slot`, `item`, `maxcount`, `incrtime`, `ExtendedCost`, `type`) values('200025','0','64840','0','0','3162','1');
insert into `npc_vendor` (`entry`, `slot`, `item`, `maxcount`, `incrtime`, `ExtendedCost`, `type`) values('200025','0','64841','0','0','3163','1');
insert into `npc_vendor` (`entry`, `slot`, `item`, `maxcount`, `incrtime`, `ExtendedCost`, `type`) values('200025','0','64842','0','0','3162','1');
insert into `npc_vendor` (`entry`, `slot`, `item`, `maxcount`, `incrtime`, `ExtendedCost`, `type`) values('200025','0','64843','0','0','3162','1');
insert into `npc_vendor` (`entry`, `slot`, `item`, `maxcount`, `incrtime`, `ExtendedCost`, `type`) values('200025','0','64844','0','0','3163','1');
insert into `npc_vendor` (`entry`, `slot`, `item`, `maxcount`, `incrtime`, `ExtendedCost`, `type`) values('200025','0','64845','0','0','3162','1');
insert into `npc_vendor` (`entry`, `slot`, `item`, `maxcount`, `incrtime`, `ExtendedCost`, `type`) values('200025','0','64846','0','0','3162','1');
insert into `npc_vendor` (`entry`, `slot`, `item`, `maxcount`, `incrtime`, `ExtendedCost`, `type`) values('200025','0','64847','0','0','3163','1');
insert into `npc_vendor` (`entry`, `slot`, `item`, `maxcount`, `incrtime`, `ExtendedCost`, `type`) values('200025','0','64848','0','0','3549','1');
insert into `npc_vendor` (`entry`, `slot`, `item`, `maxcount`, `incrtime`, `ExtendedCost`, `type`) values('200025','0','64849','0','0','3551','1');
insert into `npc_vendor` (`entry`, `slot`, `item`, `maxcount`, `incrtime`, `ExtendedCost`, `type`) values('200025','0','64850','0','0','3551','1');
insert into `npc_vendor` (`entry`, `slot`, `item`, `maxcount`, `incrtime`, `ExtendedCost`, `type`) values('200025','0','64851','0','0','3344','1');
insert into `npc_vendor` (`entry`, `slot`, `item`, `maxcount`, `incrtime`, `ExtendedCost`, `type`) values('200025','0','64852','0','0','3344','1');
insert into `npc_vendor` (`entry`, `slot`, `item`, `maxcount`, `incrtime`, `ExtendedCost`, `type`) values('200025','0','64853','0','0','3163','1');
insert into `npc_vendor` (`entry`, `slot`, `item`, `maxcount`, `incrtime`, `ExtendedCost`, `type`) values('200025','0','64854','0','0','3162','1');
insert into `npc_vendor` (`entry`, `slot`, `item`, `maxcount`, `incrtime`, `ExtendedCost`, `type`) values('200025','0','64855','0','0','3163','1');
insert into `npc_vendor` (`entry`, `slot`, `item`, `maxcount`, `incrtime`, `ExtendedCost`, `type`) values('200025','0','64856','0','0','3162','1');
insert into `npc_vendor` (`entry`, `slot`, `item`, `maxcount`, `incrtime`, `ExtendedCost`, `type`) values('200025','0','64857','0','0','3162','1');
insert into `npc_vendor` (`entry`, `slot`, `item`, `maxcount`, `incrtime`, `ExtendedCost`, `type`) values('200025','0','64858','0','0','3549','1');
insert into `npc_vendor` (`entry`, `slot`, `item`, `maxcount`, `incrtime`, `ExtendedCost`, `type`) values('200025','0','64859','0','0','3549','1');
insert into `npc_vendor` (`entry`, `slot`, `item`, `maxcount`, `incrtime`, `ExtendedCost`, `type`) values('200025','0','64861','0','0','3552','1');
insert into `npc_vendor` (`entry`, `slot`, `item`, `maxcount`, `incrtime`, `ExtendedCost`, `type`) values('200025','0','64862','0','0','3163','1');
insert into `npc_vendor` (`entry`, `slot`, `item`, `maxcount`, `incrtime`, `ExtendedCost`, `type`) values('200025','0','64863','0','0','3163','1');
insert into `npc_vendor` (`entry`, `slot`, `item`, `maxcount`, `incrtime`, `ExtendedCost`, `type`) values('200025','0','64864','0','0','3163','1');
insert into `npc_vendor` (`entry`, `slot`, `item`, `maxcount`, `incrtime`, `ExtendedCost`, `type`) values('200025','0','64865','0','0','3163','1');
insert into `npc_vendor` (`entry`, `slot`, `item`, `maxcount`, `incrtime`, `ExtendedCost`, `type`) values('200025','0','64866','0','0','3163','1');
insert into `npc_vendor` (`entry`, `slot`, `item`, `maxcount`, `incrtime`, `ExtendedCost`, `type`) values('200025','0','64867','0','0','3163','1');
insert into `npc_vendor` (`entry`, `slot`, `item`, `maxcount`, `incrtime`, `ExtendedCost`, `type`) values('200025','0','64868','0','0','3163','1');
insert into `npc_vendor` (`entry`, `slot`, `item`, `maxcount`, `incrtime`, `ExtendedCost`, `type`) values('200025','0','64869','0','0','3163','1');
insert into `npc_vendor` (`entry`, `slot`, `item`, `maxcount`, `incrtime`, `ExtendedCost`, `type`) values('200025','0','64870','0','0','3163','1');
insert into `npc_vendor` (`entry`, `slot`, `item`, `maxcount`, `incrtime`, `ExtendedCost`, `type`) values('200025','0','64871','0','0','3552','1');
insert into `npc_vendor` (`entry`, `slot`, `item`, `maxcount`, `incrtime`, `ExtendedCost`, `type`) values('200025','0','64872','0','0','3344','1');
insert into `npc_vendor` (`entry`, `slot`, `item`, `maxcount`, `incrtime`, `ExtendedCost`, `type`) values('200025','0','64873','0','0','3344','1');
insert into `npc_vendor` (`entry`, `slot`, `item`, `maxcount`, `incrtime`, `ExtendedCost`, `type`) values('200025','0','64874','0','0','3163','1');
insert into `npc_vendor` (`entry`, `slot`, `item`, `maxcount`, `incrtime`, `ExtendedCost`, `type`) values('200025','0','64875','0','0','3162','1');
insert into `npc_vendor` (`entry`, `slot`, `item`, `maxcount`, `incrtime`, `ExtendedCost`, `type`) values('200025','0','64876','0','0','3162','1');
insert into `npc_vendor` (`entry`, `slot`, `item`, `maxcount`, `incrtime`, `ExtendedCost`, `type`) values('200025','0','64877','0','0','3162','1');
insert into `npc_vendor` (`entry`, `slot`, `item`, `maxcount`, `incrtime`, `ExtendedCost`, `type`) values('200025','0','64878','0','0','3163','1');
insert into `npc_vendor` (`entry`, `slot`, `item`, `maxcount`, `incrtime`, `ExtendedCost`, `type`) values('200025','0','68768','0','0','3376','1');
insert into `npc_vendor` (`entry`, `slot`, `item`, `maxcount`, `incrtime`, `ExtendedCost`, `type`) values('200025','0','68769','0','0','3376','1');
insert into `npc_vendor` (`entry`, `slot`, `item`, `maxcount`, `incrtime`, `ExtendedCost`, `type`) values('200025','0','68770','0','0','3376','1');
insert into `npc_vendor` (`entry`, `slot`, `item`, `maxcount`, `incrtime`, `ExtendedCost`, `type`) values('200025','0','68772','0','0','3381','1');
insert into `npc_vendor` (`entry`, `slot`, `item`, `maxcount`, `incrtime`, `ExtendedCost`, `type`) values('200025','0','68773','0','0','3381','1');
insert into `npc_vendor` (`entry`, `slot`, `item`, `maxcount`, `incrtime`, `ExtendedCost`, `type`) values('200025','0','68774','0','0','3381','1');
insert into `npc_vendor` (`entry`, `slot`, `item`, `maxcount`, `incrtime`, `ExtendedCost`, `type`) values('210025','0','64681','0','0','3344','1');
insert into `npc_vendor` (`entry`, `slot`, `item`, `maxcount`, `incrtime`, `ExtendedCost`, `type`) values('210025','0','64682','0','0','3344','1');
insert into `npc_vendor` (`entry`, `slot`, `item`, `maxcount`, `incrtime`, `ExtendedCost`, `type`) values('210025','0','64683','0','0','3344','1');
insert into `npc_vendor` (`entry`, `slot`, `item`, `maxcount`, `incrtime`, `ExtendedCost`, `type`) values('210025','0','64684','0','0','3344','1');
insert into `npc_vendor` (`entry`, `slot`, `item`, `maxcount`, `incrtime`, `ExtendedCost`, `type`) values('210025','0','64685','0','0','3344','1');
insert into `npc_vendor` (`entry`, `slot`, `item`, `maxcount`, `incrtime`, `ExtendedCost`, `type`) values('210025','0','64686','0','0','3344','1');
insert into `npc_vendor` (`entry`, `slot`, `item`, `maxcount`, `incrtime`, `ExtendedCost`, `type`) values('210025','0','64687','0','0','3163','1');
insert into `npc_vendor` (`entry`, `slot`, `item`, `maxcount`, `incrtime`, `ExtendedCost`, `type`) values('210025','0','64688','0','0','3163','1');
insert into `npc_vendor` (`entry`, `slot`, `item`, `maxcount`, `incrtime`, `ExtendedCost`, `type`) values('210025','0','64689','0','0','3163','1');
insert into `npc_vendor` (`entry`, `slot`, `item`, `maxcount`, `incrtime`, `ExtendedCost`, `type`) values('210025','0','64690','0','0','3344','1');
insert into `npc_vendor` (`entry`, `slot`, `item`, `maxcount`, `incrtime`, `ExtendedCost`, `type`) values('210025','0','64691','0','0','3344','1');
insert into `npc_vendor` (`entry`, `slot`, `item`, `maxcount`, `incrtime`, `ExtendedCost`, `type`) values('210025','0','64692','0','0','3344','1');
insert into `npc_vendor` (`entry`, `slot`, `item`, `maxcount`, `incrtime`, `ExtendedCost`, `type`) values('210025','0','64693','0','0','3551','1');
insert into `npc_vendor` (`entry`, `slot`, `item`, `maxcount`, `incrtime`, `ExtendedCost`, `type`) values('210025','0','64694','0','0','3552','1');
insert into `npc_vendor` (`entry`, `slot`, `item`, `maxcount`, `incrtime`, `ExtendedCost`, `type`) values('210025','0','64695','0','0','3550','1');
insert into `npc_vendor` (`entry`, `slot`, `item`, `maxcount`, `incrtime`, `ExtendedCost`, `type`) values('210025','0','64696','0','0','3163','1');
insert into `npc_vendor` (`entry`, `slot`, `item`, `maxcount`, `incrtime`, `ExtendedCost`, `type`) values('210025','0','64697','0','0','3163','1');
insert into `npc_vendor` (`entry`, `slot`, `item`, `maxcount`, `incrtime`, `ExtendedCost`, `type`) values('210025','0','64698','0','0','3344','1');
insert into `npc_vendor` (`entry`, `slot`, `item`, `maxcount`, `incrtime`, `ExtendedCost`, `type`) values('210025','0','64699','0','0','3344','1');
insert into `npc_vendor` (`entry`, `slot`, `item`, `maxcount`, `incrtime`, `ExtendedCost`, `type`) values('210025','0','64700','0','0','3549','1');
insert into `npc_vendor` (`entry`, `slot`, `item`, `maxcount`, `incrtime`, `ExtendedCost`, `type`) values('210025','0','64701','0','0','3550','1');
insert into `npc_vendor` (`entry`, `slot`, `item`, `maxcount`, `incrtime`, `ExtendedCost`, `type`) values('210025','0','64702','0','0','3163','1');
insert into `npc_vendor` (`entry`, `slot`, `item`, `maxcount`, `incrtime`, `ExtendedCost`, `type`) values('210025','0','64703','0','0','3163','1');
insert into `npc_vendor` (`entry`, `slot`, `item`, `maxcount`, `incrtime`, `ExtendedCost`, `type`) values('210025','0','64704','0','0','3344','1');
insert into `npc_vendor` (`entry`, `slot`, `item`, `maxcount`, `incrtime`, `ExtendedCost`, `type`) values('210025','0','64705','0','0','3344','1');
insert into `npc_vendor` (`entry`, `slot`, `item`, `maxcount`, `incrtime`, `ExtendedCost`, `type`) values('210025','0','64706','0','0','3344','1');
insert into `npc_vendor` (`entry`, `slot`, `item`, `maxcount`, `incrtime`, `ExtendedCost`, `type`) values('210025','0','64707','0','0','3344','1');
insert into `npc_vendor` (`entry`, `slot`, `item`, `maxcount`, `incrtime`, `ExtendedCost`, `type`) values('210025','0','64708','0','0','3162','1');
insert into `npc_vendor` (`entry`, `slot`, `item`, `maxcount`, `incrtime`, `ExtendedCost`, `type`) values('210025','0','64709','0','0','3163','1');
insert into `npc_vendor` (`entry`, `slot`, `item`, `maxcount`, `incrtime`, `ExtendedCost`, `type`) values('210025','0','64710','0','0','3162','1');
insert into `npc_vendor` (`entry`, `slot`, `item`, `maxcount`, `incrtime`, `ExtendedCost`, `type`) values('210025','0','64711','0','0','3162','1');
insert into `npc_vendor` (`entry`, `slot`, `item`, `maxcount`, `incrtime`, `ExtendedCost`, `type`) values('210025','0','64712','0','0','3163','1');
insert into `npc_vendor` (`entry`, `slot`, `item`, `maxcount`, `incrtime`, `ExtendedCost`, `type`) values('210025','0','64713','0','0','3344','1');
insert into `npc_vendor` (`entry`, `slot`, `item`, `maxcount`, `incrtime`, `ExtendedCost`, `type`) values('210025','0','64714','0','0','3344','1');
insert into `npc_vendor` (`entry`, `slot`, `item`, `maxcount`, `incrtime`, `ExtendedCost`, `type`) values('210025','0','64715','0','0','3163','1');
insert into `npc_vendor` (`entry`, `slot`, `item`, `maxcount`, `incrtime`, `ExtendedCost`, `type`) values('210025','0','64716','0','0','3163','1');
insert into `npc_vendor` (`entry`, `slot`, `item`, `maxcount`, `incrtime`, `ExtendedCost`, `type`) values('210025','0','64717','0','0','3549','1');
insert into `npc_vendor` (`entry`, `slot`, `item`, `maxcount`, `incrtime`, `ExtendedCost`, `type`) values('210025','0','64718','0','0','3344','1');
insert into `npc_vendor` (`entry`, `slot`, `item`, `maxcount`, `incrtime`, `ExtendedCost`, `type`) values('210025','0','64719','0','0','3344','1');
insert into `npc_vendor` (`entry`, `slot`, `item`, `maxcount`, `incrtime`, `ExtendedCost`, `type`) values('210025','0','64720','0','0','3163','1');
insert into `npc_vendor` (`entry`, `slot`, `item`, `maxcount`, `incrtime`, `ExtendedCost`, `type`) values('210025','0','64721','0','0','3163','1');
insert into `npc_vendor` (`entry`, `slot`, `item`, `maxcount`, `incrtime`, `ExtendedCost`, `type`) values('210025','0','64722','0','0','3163','1');
insert into `npc_vendor` (`entry`, `slot`, `item`, `maxcount`, `incrtime`, `ExtendedCost`, `type`) values('210025','0','64723','0','0','3344','1');
insert into `npc_vendor` (`entry`, `slot`, `item`, `maxcount`, `incrtime`, `ExtendedCost`, `type`) values('210025','0','64724','0','0','3344','1');
insert into `npc_vendor` (`entry`, `slot`, `item`, `maxcount`, `incrtime`, `ExtendedCost`, `type`) values('210025','0','64725','0','0','3344','1');
insert into `npc_vendor` (`entry`, `slot`, `item`, `maxcount`, `incrtime`, `ExtendedCost`, `type`) values('210025','0','64726','0','0','3550','1');
insert into `npc_vendor` (`entry`, `slot`, `item`, `maxcount`, `incrtime`, `ExtendedCost`, `type`) values('210025','0','64727','0','0','3163','1');
insert into `npc_vendor` (`entry`, `slot`, `item`, `maxcount`, `incrtime`, `ExtendedCost`, `type`) values('210025','0','64728','0','0','3162','1');
insert into `npc_vendor` (`entry`, `slot`, `item`, `maxcount`, `incrtime`, `ExtendedCost`, `type`) values('210025','0','64729','0','0','3162','1');
insert into `npc_vendor` (`entry`, `slot`, `item`, `maxcount`, `incrtime`, `ExtendedCost`, `type`) values('210025','0','64730','0','0','3162','1');
insert into `npc_vendor` (`entry`, `slot`, `item`, `maxcount`, `incrtime`, `ExtendedCost`, `type`) values('210025','0','64731','0','0','3163','1');
insert into `npc_vendor` (`entry`, `slot`, `item`, `maxcount`, `incrtime`, `ExtendedCost`, `type`) values('210025','0','64732','0','0','3344','1');
insert into `npc_vendor` (`entry`, `slot`, `item`, `maxcount`, `incrtime`, `ExtendedCost`, `type`) values('210025','0','64733','0','0','3344','1');
insert into `npc_vendor` (`entry`, `slot`, `item`, `maxcount`, `incrtime`, `ExtendedCost`, `type`) values('210025','0','64734','0','0','3344','1');
insert into `npc_vendor` (`entry`, `slot`, `item`, `maxcount`, `incrtime`, `ExtendedCost`, `type`) values('210025','0','64735','0','0','3162','1');
insert into `npc_vendor` (`entry`, `slot`, `item`, `maxcount`, `incrtime`, `ExtendedCost`, `type`) values('210025','0','64736','0','0','3163','1');
insert into `npc_vendor` (`entry`, `slot`, `item`, `maxcount`, `incrtime`, `ExtendedCost`, `type`) values('210025','0','64737','0','0','3162','1');
insert into `npc_vendor` (`entry`, `slot`, `item`, `maxcount`, `incrtime`, `ExtendedCost`, `type`) values('210025','0','64738','0','0','3162','1');
insert into `npc_vendor` (`entry`, `slot`, `item`, `maxcount`, `incrtime`, `ExtendedCost`, `type`) values('210025','0','64739','0','0','3163','1');
insert into `npc_vendor` (`entry`, `slot`, `item`, `maxcount`, `incrtime`, `ExtendedCost`, `type`) values('210025','0','64740','0','0','3163','1');
insert into `npc_vendor` (`entry`, `slot`, `item`, `maxcount`, `incrtime`, `ExtendedCost`, `type`) values('210025','0','64741','0','0','3163','1');
insert into `npc_vendor` (`entry`, `slot`, `item`, `maxcount`, `incrtime`, `ExtendedCost`, `type`) values('210025','0','64742','0','0','3163','1');
insert into `npc_vendor` (`entry`, `slot`, `item`, `maxcount`, `incrtime`, `ExtendedCost`, `type`) values('210025','0','64743','0','0','3551','1');
insert into `npc_vendor` (`entry`, `slot`, `item`, `maxcount`, `incrtime`, `ExtendedCost`, `type`) values('210025','0','64744','0','0','3550','1');
insert into `npc_vendor` (`entry`, `slot`, `item`, `maxcount`, `incrtime`, `ExtendedCost`, `type`) values('210025','0','64745','0','0','3163','1');
insert into `npc_vendor` (`entry`, `slot`, `item`, `maxcount`, `incrtime`, `ExtendedCost`, `type`) values('210025','0','64746','0','0','3162','1');
insert into `npc_vendor` (`entry`, `slot`, `item`, `maxcount`, `incrtime`, `ExtendedCost`, `type`) values('210025','0','64747','0','0','3163','1');
insert into `npc_vendor` (`entry`, `slot`, `item`, `maxcount`, `incrtime`, `ExtendedCost`, `type`) values('210025','0','64748','0','0','3162','1');
insert into `npc_vendor` (`entry`, `slot`, `item`, `maxcount`, `incrtime`, `ExtendedCost`, `type`) values('210025','0','64749','0','0','3162','1');
insert into `npc_vendor` (`entry`, `slot`, `item`, `maxcount`, `incrtime`, `ExtendedCost`, `type`) values('210025','0','64750','0','0','3163','1');
insert into `npc_vendor` (`entry`, `slot`, `item`, `maxcount`, `incrtime`, `ExtendedCost`, `type`) values('210025','0','64751','0','0','3163','1');
insert into `npc_vendor` (`entry`, `slot`, `item`, `maxcount`, `incrtime`, `ExtendedCost`, `type`) values('210025','0','64752','0','0','3549','1');
insert into `npc_vendor` (`entry`, `slot`, `item`, `maxcount`, `incrtime`, `ExtendedCost`, `type`) values('210025','0','64753','0','0','3163','1');
insert into `npc_vendor` (`entry`, `slot`, `item`, `maxcount`, `incrtime`, `ExtendedCost`, `type`) values('210025','0','64754','0','0','3163','1');
insert into `npc_vendor` (`entry`, `slot`, `item`, `maxcount`, `incrtime`, `ExtendedCost`, `type`) values('210025','0','64755','0','0','3550','1');
insert into `npc_vendor` (`entry`, `slot`, `item`, `maxcount`, `incrtime`, `ExtendedCost`, `type`) values('210025','0','64756','0','0','3163','1');
insert into `npc_vendor` (`entry`, `slot`, `item`, `maxcount`, `incrtime`, `ExtendedCost`, `type`) values('210025','0','64757','0','0','3163','1');
insert into `npc_vendor` (`entry`, `slot`, `item`, `maxcount`, `incrtime`, `ExtendedCost`, `type`) values('210025','0','64758','0','0','3549','1');
insert into `npc_vendor` (`entry`, `slot`, `item`, `maxcount`, `incrtime`, `ExtendedCost`, `type`) values('210025','0','64759','0','0','3552','1');
insert into `npc_vendor` (`entry`, `slot`, `item`, `maxcount`, `incrtime`, `ExtendedCost`, `type`) values('210025','0','64760','0','0','3550','1');
insert into `npc_vendor` (`entry`, `slot`, `item`, `maxcount`, `incrtime`, `ExtendedCost`, `type`) values('210025','0','64761','0','0','3163','1');
insert into `npc_vendor` (`entry`, `slot`, `item`, `maxcount`, `incrtime`, `ExtendedCost`, `type`) values('210025','0','64762','0','0','3163','1');
insert into `npc_vendor` (`entry`, `slot`, `item`, `maxcount`, `incrtime`, `ExtendedCost`, `type`) values('210025','0','64763','0','0','3163','1');
insert into `npc_vendor` (`entry`, `slot`, `item`, `maxcount`, `incrtime`, `ExtendedCost`, `type`) values('210025','0','64764','0','0','3163','1');
insert into `npc_vendor` (`entry`, `slot`, `item`, `maxcount`, `incrtime`, `ExtendedCost`, `type`) values('210025','0','64765','0','0','3162','1');
insert into `npc_vendor` (`entry`, `slot`, `item`, `maxcount`, `incrtime`, `ExtendedCost`, `type`) values('210025','0','64766','0','0','3162','1');
insert into `npc_vendor` (`entry`, `slot`, `item`, `maxcount`, `incrtime`, `ExtendedCost`, `type`) values('210025','0','64767','0','0','3162','1');
insert into `npc_vendor` (`entry`, `slot`, `item`, `maxcount`, `incrtime`, `ExtendedCost`, `type`) values('210025','0','64768','0','0','3163','1');
insert into `npc_vendor` (`entry`, `slot`, `item`, `maxcount`, `incrtime`, `ExtendedCost`, `type`) values('210025','0','64769','0','0','3163','1');
insert into `npc_vendor` (`entry`, `slot`, `item`, `maxcount`, `incrtime`, `ExtendedCost`, `type`) values('210025','0','64770','0','0','3162','1');
insert into `npc_vendor` (`entry`, `slot`, `item`, `maxcount`, `incrtime`, `ExtendedCost`, `type`) values('210025','0','64771','0','0','3162','1');
insert into `npc_vendor` (`entry`, `slot`, `item`, `maxcount`, `incrtime`, `ExtendedCost`, `type`) values('210025','0','64772','0','0','3163','1');
insert into `npc_vendor` (`entry`, `slot`, `item`, `maxcount`, `incrtime`, `ExtendedCost`, `type`) values('210025','0','64773','0','0','3162','1');
insert into `npc_vendor` (`entry`, `slot`, `item`, `maxcount`, `incrtime`, `ExtendedCost`, `type`) values('210025','0','64774','0','0','3551','1');
insert into `npc_vendor` (`entry`, `slot`, `item`, `maxcount`, `incrtime`, `ExtendedCost`, `type`) values('210025','0','64775','0','0','3551','1');
insert into `npc_vendor` (`entry`, `slot`, `item`, `maxcount`, `incrtime`, `ExtendedCost`, `type`) values('210025','0','64776','0','0','3162','1');
insert into `npc_vendor` (`entry`, `slot`, `item`, `maxcount`, `incrtime`, `ExtendedCost`, `type`) values('210025','0','64777','0','0','3163','1');
insert into `npc_vendor` (`entry`, `slot`, `item`, `maxcount`, `incrtime`, `ExtendedCost`, `type`) values('210025','0','64778','0','0','3162','1');
insert into `npc_vendor` (`entry`, `slot`, `item`, `maxcount`, `incrtime`, `ExtendedCost`, `type`) values('210025','0','64779','0','0','3162','1');
insert into `npc_vendor` (`entry`, `slot`, `item`, `maxcount`, `incrtime`, `ExtendedCost`, `type`) values('210025','0','64780','0','0','3163','1');
insert into `npc_vendor` (`entry`, `slot`, `item`, `maxcount`, `incrtime`, `ExtendedCost`, `type`) values('210025','0','64781','0','0','3163','1');
insert into `npc_vendor` (`entry`, `slot`, `item`, `maxcount`, `incrtime`, `ExtendedCost`, `type`) values('210025','0','64782','0','0','3163','1');
insert into `npc_vendor` (`entry`, `slot`, `item`, `maxcount`, `incrtime`, `ExtendedCost`, `type`) values('210025','0','64783','0','0','3550','1');
insert into `npc_vendor` (`entry`, `slot`, `item`, `maxcount`, `incrtime`, `ExtendedCost`, `type`) values('210025','0','64784','0','0','3162','1');
insert into `npc_vendor` (`entry`, `slot`, `item`, `maxcount`, `incrtime`, `ExtendedCost`, `type`) values('210025','0','64785','0','0','3163','1');
insert into `npc_vendor` (`entry`, `slot`, `item`, `maxcount`, `incrtime`, `ExtendedCost`, `type`) values('210025','0','64786','0','0','3162','1');
insert into `npc_vendor` (`entry`, `slot`, `item`, `maxcount`, `incrtime`, `ExtendedCost`, `type`) values('210025','0','64787','0','0','3162','1');
insert into `npc_vendor` (`entry`, `slot`, `item`, `maxcount`, `incrtime`, `ExtendedCost`, `type`) values('210025','0','64788','0','0','3163','1');
insert into `npc_vendor` (`entry`, `slot`, `item`, `maxcount`, `incrtime`, `ExtendedCost`, `type`) values('210025','0','64789','0','0','3163','1');
insert into `npc_vendor` (`entry`, `slot`, `item`, `maxcount`, `incrtime`, `ExtendedCost`, `type`) values('210025','0','64792','0','0','3163','1');
insert into `npc_vendor` (`entry`, `slot`, `item`, `maxcount`, `incrtime`, `ExtendedCost`, `type`) values('210025','0','64794','0','0','3163','1');
insert into `npc_vendor` (`entry`, `slot`, `item`, `maxcount`, `incrtime`, `ExtendedCost`, `type`) values('210025','0','64795','0','0','3163','1');
insert into `npc_vendor` (`entry`, `slot`, `item`, `maxcount`, `incrtime`, `ExtendedCost`, `type`) values('210025','0','64796','0','0','3162','1');
insert into `npc_vendor` (`entry`, `slot`, `item`, `maxcount`, `incrtime`, `ExtendedCost`, `type`) values('210025','0','64797','0','0','3162','1');
insert into `npc_vendor` (`entry`, `slot`, `item`, `maxcount`, `incrtime`, `ExtendedCost`, `type`) values('210025','0','64798','0','0','3163','1');
insert into `npc_vendor` (`entry`, `slot`, `item`, `maxcount`, `incrtime`, `ExtendedCost`, `type`) values('210025','0','64799','0','0','3162','1');
insert into `npc_vendor` (`entry`, `slot`, `item`, `maxcount`, `incrtime`, `ExtendedCost`, `type`) values('210025','0','64800','0','0','3344','1');
insert into `npc_vendor` (`entry`, `slot`, `item`, `maxcount`, `incrtime`, `ExtendedCost`, `type`) values('210025','0','64801','0','0','3344','1');
insert into `npc_vendor` (`entry`, `slot`, `item`, `maxcount`, `incrtime`, `ExtendedCost`, `type`) values('210025','0','64802','0','0','3162','1');
insert into `npc_vendor` (`entry`, `slot`, `item`, `maxcount`, `incrtime`, `ExtendedCost`, `type`) values('210025','0','64803','0','0','3163','1');
insert into `npc_vendor` (`entry`, `slot`, `item`, `maxcount`, `incrtime`, `ExtendedCost`, `type`) values('210025','0','64804','0','0','3162','1');
insert into `npc_vendor` (`entry`, `slot`, `item`, `maxcount`, `incrtime`, `ExtendedCost`, `type`) values('210025','0','64805','0','0','3162','1');
insert into `npc_vendor` (`entry`, `slot`, `item`, `maxcount`, `incrtime`, `ExtendedCost`, `type`) values('210025','0','64806','0','0','3163','1');
insert into `npc_vendor` (`entry`, `slot`, `item`, `maxcount`, `incrtime`, `ExtendedCost`, `type`) values('210025','0','64807','0','0','3344','1');
insert into `npc_vendor` (`entry`, `slot`, `item`, `maxcount`, `incrtime`, `ExtendedCost`, `type`) values('210025','0','64808','0','0','3344','1');
insert into `npc_vendor` (`entry`, `slot`, `item`, `maxcount`, `incrtime`, `ExtendedCost`, `type`) values('210025','0','64809','0','0','3344','1');
insert into `npc_vendor` (`entry`, `slot`, `item`, `maxcount`, `incrtime`, `ExtendedCost`, `type`) values('210025','0','64810','0','0','3550','1');
insert into `npc_vendor` (`entry`, `slot`, `item`, `maxcount`, `incrtime`, `ExtendedCost`, `type`) values('210025','0','64811','0','0','3162','1');
insert into `npc_vendor` (`entry`, `slot`, `item`, `maxcount`, `incrtime`, `ExtendedCost`, `type`) values('210025','0','64812','0','0','3163','1');
insert into `npc_vendor` (`entry`, `slot`, `item`, `maxcount`, `incrtime`, `ExtendedCost`, `type`) values('210025','0','64813','0','0','3162','1');
insert into `npc_vendor` (`entry`, `slot`, `item`, `maxcount`, `incrtime`, `ExtendedCost`, `type`) values('210025','0','64814','0','0','3162','1');
insert into `npc_vendor` (`entry`, `slot`, `item`, `maxcount`, `incrtime`, `ExtendedCost`, `type`) values('210025','0','64815','0','0','3163','1');
insert into `npc_vendor` (`entry`, `slot`, `item`, `maxcount`, `incrtime`, `ExtendedCost`, `type`) values('210025','0','64816','0','0','3549','1');
insert into `npc_vendor` (`entry`, `slot`, `item`, `maxcount`, `incrtime`, `ExtendedCost`, `type`) values('210025','0','64817','0','0','3549','1');
insert into `npc_vendor` (`entry`, `slot`, `item`, `maxcount`, `incrtime`, `ExtendedCost`, `type`) values('210025','0','64818','0','0','3551','1');
insert into `npc_vendor` (`entry`, `slot`, `item`, `maxcount`, `incrtime`, `ExtendedCost`, `type`) values('210025','0','64819','0','0','3166','1');
insert into `npc_vendor` (`entry`, `slot`, `item`, `maxcount`, `incrtime`, `ExtendedCost`, `type`) values('210025','0','64820','0','0','3166','1');
insert into `npc_vendor` (`entry`, `slot`, `item`, `maxcount`, `incrtime`, `ExtendedCost`, `type`) values('210025','0','64821','0','0','3166','1');
insert into `npc_vendor` (`entry`, `slot`, `item`, `maxcount`, `incrtime`, `ExtendedCost`, `type`) values('210025','0','64822','0','0','3166','1');
insert into `npc_vendor` (`entry`, `slot`, `item`, `maxcount`, `incrtime`, `ExtendedCost`, `type`) values('210025','0','64823','0','0','3551','1');
insert into `npc_vendor` (`entry`, `slot`, `item`, `maxcount`, `incrtime`, `ExtendedCost`, `type`) values('210025','0','64824','0','0','3550','1');
insert into `npc_vendor` (`entry`, `slot`, `item`, `maxcount`, `incrtime`, `ExtendedCost`, `type`) values('210025','0','64825','0','0','3549','1');
insert into `npc_vendor` (`entry`, `slot`, `item`, `maxcount`, `incrtime`, `ExtendedCost`, `type`) values('210025','0','64826','0','0','3549','1');
insert into `npc_vendor` (`entry`, `slot`, `item`, `maxcount`, `incrtime`, `ExtendedCost`, `type`) values('210025','0','64827','0','0','3162','1');
insert into `npc_vendor` (`entry`, `slot`, `item`, `maxcount`, `incrtime`, `ExtendedCost`, `type`) values('210025','0','64828','0','0','3163','1');
insert into `npc_vendor` (`entry`, `slot`, `item`, `maxcount`, `incrtime`, `ExtendedCost`, `type`) values('210025','0','64829','0','0','3162','1');
insert into `npc_vendor` (`entry`, `slot`, `item`, `maxcount`, `incrtime`, `ExtendedCost`, `type`) values('210025','0','64830','0','0','3162','1');
insert into `npc_vendor` (`entry`, `slot`, `item`, `maxcount`, `incrtime`, `ExtendedCost`, `type`) values('210025','0','64831','0','0','3163','1');
insert into `npc_vendor` (`entry`, `slot`, `item`, `maxcount`, `incrtime`, `ExtendedCost`, `type`) values('210025','0','64832','0','0','3344','1');
insert into `npc_vendor` (`entry`, `slot`, `item`, `maxcount`, `incrtime`, `ExtendedCost`, `type`) values('210025','0','64833','0','0','3344','1');
insert into `npc_vendor` (`entry`, `slot`, `item`, `maxcount`, `incrtime`, `ExtendedCost`, `type`) values('210025','0','64834','0','0','3163','1');
insert into `npc_vendor` (`entry`, `slot`, `item`, `maxcount`, `incrtime`, `ExtendedCost`, `type`) values('210025','0','64835','0','0','3163','1');
insert into `npc_vendor` (`entry`, `slot`, `item`, `maxcount`, `incrtime`, `ExtendedCost`, `type`) values('210025','0','64836','0','0','3163','1');
insert into `npc_vendor` (`entry`, `slot`, `item`, `maxcount`, `incrtime`, `ExtendedCost`, `type`) values('210025','0','64837','0','0','3163','1');
insert into `npc_vendor` (`entry`, `slot`, `item`, `maxcount`, `incrtime`, `ExtendedCost`, `type`) values('210025','0','64838','0','0','3163','1');
insert into `npc_vendor` (`entry`, `slot`, `item`, `maxcount`, `incrtime`, `ExtendedCost`, `type`) values('210025','0','64839','0','0','3162','1');
insert into `npc_vendor` (`entry`, `slot`, `item`, `maxcount`, `incrtime`, `ExtendedCost`, `type`) values('210025','0','64840','0','0','3162','1');
insert into `npc_vendor` (`entry`, `slot`, `item`, `maxcount`, `incrtime`, `ExtendedCost`, `type`) values('210025','0','64841','0','0','3163','1');
insert into `npc_vendor` (`entry`, `slot`, `item`, `maxcount`, `incrtime`, `ExtendedCost`, `type`) values('210025','0','64842','0','0','3162','1');
insert into `npc_vendor` (`entry`, `slot`, `item`, `maxcount`, `incrtime`, `ExtendedCost`, `type`) values('210025','0','64843','0','0','3162','1');
insert into `npc_vendor` (`entry`, `slot`, `item`, `maxcount`, `incrtime`, `ExtendedCost`, `type`) values('210025','0','64844','0','0','3163','1');
insert into `npc_vendor` (`entry`, `slot`, `item`, `maxcount`, `incrtime`, `ExtendedCost`, `type`) values('210025','0','64845','0','0','3162','1');
insert into `npc_vendor` (`entry`, `slot`, `item`, `maxcount`, `incrtime`, `ExtendedCost`, `type`) values('210025','0','64846','0','0','3162','1');
insert into `npc_vendor` (`entry`, `slot`, `item`, `maxcount`, `incrtime`, `ExtendedCost`, `type`) values('210025','0','64847','0','0','3163','1');
insert into `npc_vendor` (`entry`, `slot`, `item`, `maxcount`, `incrtime`, `ExtendedCost`, `type`) values('210025','0','64848','0','0','3549','1');
insert into `npc_vendor` (`entry`, `slot`, `item`, `maxcount`, `incrtime`, `ExtendedCost`, `type`) values('210025','0','64849','0','0','3551','1');
insert into `npc_vendor` (`entry`, `slot`, `item`, `maxcount`, `incrtime`, `ExtendedCost`, `type`) values('210025','0','64850','0','0','3551','1');
insert into `npc_vendor` (`entry`, `slot`, `item`, `maxcount`, `incrtime`, `ExtendedCost`, `type`) values('210025','0','64851','0','0','3344','1');
insert into `npc_vendor` (`entry`, `slot`, `item`, `maxcount`, `incrtime`, `ExtendedCost`, `type`) values('210025','0','64852','0','0','3344','1');
insert into `npc_vendor` (`entry`, `slot`, `item`, `maxcount`, `incrtime`, `ExtendedCost`, `type`) values('210025','0','64853','0','0','3163','1');
insert into `npc_vendor` (`entry`, `slot`, `item`, `maxcount`, `incrtime`, `ExtendedCost`, `type`) values('210025','0','64854','0','0','3162','1');
insert into `npc_vendor` (`entry`, `slot`, `item`, `maxcount`, `incrtime`, `ExtendedCost`, `type`) values('210025','0','64855','0','0','3163','1');
insert into `npc_vendor` (`entry`, `slot`, `item`, `maxcount`, `incrtime`, `ExtendedCost`, `type`) values('210025','0','64856','0','0','3162','1');
insert into `npc_vendor` (`entry`, `slot`, `item`, `maxcount`, `incrtime`, `ExtendedCost`, `type`) values('210025','0','64857','0','0','3162','1');
insert into `npc_vendor` (`entry`, `slot`, `item`, `maxcount`, `incrtime`, `ExtendedCost`, `type`) values('210025','0','64858','0','0','3549','1');
insert into `npc_vendor` (`entry`, `slot`, `item`, `maxcount`, `incrtime`, `ExtendedCost`, `type`) values('210025','0','64859','0','0','3549','1');
insert into `npc_vendor` (`entry`, `slot`, `item`, `maxcount`, `incrtime`, `ExtendedCost`, `type`) values('210025','0','64861','0','0','3552','1');
insert into `npc_vendor` (`entry`, `slot`, `item`, `maxcount`, `incrtime`, `ExtendedCost`, `type`) values('210025','0','64862','0','0','3163','1');
insert into `npc_vendor` (`entry`, `slot`, `item`, `maxcount`, `incrtime`, `ExtendedCost`, `type`) values('210025','0','64863','0','0','3163','1');
insert into `npc_vendor` (`entry`, `slot`, `item`, `maxcount`, `incrtime`, `ExtendedCost`, `type`) values('210025','0','64864','0','0','3163','1');
insert into `npc_vendor` (`entry`, `slot`, `item`, `maxcount`, `incrtime`, `ExtendedCost`, `type`) values('210025','0','64865','0','0','3163','1');
insert into `npc_vendor` (`entry`, `slot`, `item`, `maxcount`, `incrtime`, `ExtendedCost`, `type`) values('210025','0','64866','0','0','3163','1');
insert into `npc_vendor` (`entry`, `slot`, `item`, `maxcount`, `incrtime`, `ExtendedCost`, `type`) values('210025','0','64867','0','0','3163','1');
insert into `npc_vendor` (`entry`, `slot`, `item`, `maxcount`, `incrtime`, `ExtendedCost`, `type`) values('210025','0','64868','0','0','3163','1');
insert into `npc_vendor` (`entry`, `slot`, `item`, `maxcount`, `incrtime`, `ExtendedCost`, `type`) values('210025','0','64869','0','0','3163','1');
insert into `npc_vendor` (`entry`, `slot`, `item`, `maxcount`, `incrtime`, `ExtendedCost`, `type`) values('210025','0','64870','0','0','3163','1');
insert into `npc_vendor` (`entry`, `slot`, `item`, `maxcount`, `incrtime`, `ExtendedCost`, `type`) values('210025','0','64871','0','0','3552','1');
insert into `npc_vendor` (`entry`, `slot`, `item`, `maxcount`, `incrtime`, `ExtendedCost`, `type`) values('210025','0','64872','0','0','3344','1');
insert into `npc_vendor` (`entry`, `slot`, `item`, `maxcount`, `incrtime`, `ExtendedCost`, `type`) values('210025','0','64873','0','0','3344','1');
insert into `npc_vendor` (`entry`, `slot`, `item`, `maxcount`, `incrtime`, `ExtendedCost`, `type`) values('210025','0','64874','0','0','3163','1');
insert into `npc_vendor` (`entry`, `slot`, `item`, `maxcount`, `incrtime`, `ExtendedCost`, `type`) values('210025','0','64875','0','0','3162','1');
insert into `npc_vendor` (`entry`, `slot`, `item`, `maxcount`, `incrtime`, `ExtendedCost`, `type`) values('210025','0','64876','0','0','3162','1');
insert into `npc_vendor` (`entry`, `slot`, `item`, `maxcount`, `incrtime`, `ExtendedCost`, `type`) values('210025','0','64877','0','0','3162','1');
insert into `npc_vendor` (`entry`, `slot`, `item`, `maxcount`, `incrtime`, `ExtendedCost`, `type`) values('210025','0','64878','0','0','3163','1');
insert into `npc_vendor` (`entry`, `slot`, `item`, `maxcount`, `incrtime`, `ExtendedCost`, `type`) values('210025','0','68768','0','0','3376','1');
insert into `npc_vendor` (`entry`, `slot`, `item`, `maxcount`, `incrtime`, `ExtendedCost`, `type`) values('210025','0','68769','0','0','3376','1');
insert into `npc_vendor` (`entry`, `slot`, `item`, `maxcount`, `incrtime`, `ExtendedCost`, `type`) values('210025','0','68770','0','0','3376','1');
insert into `npc_vendor` (`entry`, `slot`, `item`, `maxcount`, `incrtime`, `ExtendedCost`, `type`) values('210025','0','68772','0','0','3381','1');
insert into `npc_vendor` (`entry`, `slot`, `item`, `maxcount`, `incrtime`, `ExtendedCost`, `type`) values('210025','0','68773','0','0','3381','1');
insert into `npc_vendor` (`entry`, `slot`, `item`, `maxcount`, `incrtime`, `ExtendedCost`, `type`) values('210025','0','68774','0','0','3381','1');
insert into `npc_vendor` (`entry`, `slot`, `item`, `maxcount`, `incrtime`, `ExtendedCost`, `type`) values('442450','25','58180','0','0','3556','1');
insert into `npc_vendor` (`entry`, `slot`, `item`, `maxcount`, `incrtime`, `ExtendedCost`, `type`) values('442450','28','58181','0','0','3556','1');
insert into `npc_vendor` (`entry`, `slot`, `item`, `maxcount`, `incrtime`, `ExtendedCost`, `type`) values('442450','27','58182','0','0','3556','1');
insert into `npc_vendor` (`entry`, `slot`, `item`, `maxcount`, `incrtime`, `ExtendedCost`, `type`) values('442450','26','58183','0','0','3556','1');
insert into `npc_vendor` (`entry`, `slot`, `item`, `maxcount`, `incrtime`, `ExtendedCost`, `type`) values('442450','25','58184','0','0','3556','1');
insert into `npc_vendor` (`entry`, `slot`, `item`, `maxcount`, `incrtime`, `ExtendedCost`, `type`) values('442450','18','58185','0','0','3555','1');
insert into `npc_vendor` (`entry`, `slot`, `item`, `maxcount`, `incrtime`, `ExtendedCost`, `type`) values('442450','17','58187','0','0','3555','1');
insert into `npc_vendor` (`entry`, `slot`, `item`, `maxcount`, `incrtime`, `ExtendedCost`, `type`) values('442450','16','58188','0','0','3555','1');
insert into `npc_vendor` (`entry`, `slot`, `item`, `maxcount`, `incrtime`, `ExtendedCost`, `type`) values('442450','15','58189','0','0','3555','1');
insert into `npc_vendor` (`entry`, `slot`, `item`, `maxcount`, `incrtime`, `ExtendedCost`, `type`) values('442450','2','58190','0','0','3555','1');
insert into `npc_vendor` (`entry`, `slot`, `item`, `maxcount`, `incrtime`, `ExtendedCost`, `type`) values('442450','5','58191','0','0','3555','1');
insert into `npc_vendor` (`entry`, `slot`, `item`, `maxcount`, `incrtime`, `ExtendedCost`, `type`) values('442450','4','58192','0','0','3555','1');
insert into `npc_vendor` (`entry`, `slot`, `item`, `maxcount`, `incrtime`, `ExtendedCost`, `type`) values('442450','3','58193','0','0','3555','1');
insert into `npc_vendor` (`entry`, `slot`, `item`, `maxcount`, `incrtime`, `ExtendedCost`, `type`) values('442450','1','58194','0','0','3555','1');
insert into `npc_vendor` (`entry`, `slot`, `item`, `maxcount`, `incrtime`, `ExtendedCost`, `type`) values('442450','14','58195','0','0','3556','1');
insert into `npc_vendor` (`entry`, `slot`, `item`, `maxcount`, `incrtime`, `ExtendedCost`, `type`) values('442450','13','58197','0','0','3556','1');
insert into `npc_vendor` (`entry`, `slot`, `item`, `maxcount`, `incrtime`, `ExtendedCost`, `type`) values('442450','12','58198','0','0','3556','1');
insert into `npc_vendor` (`entry`, `slot`, `item`, `maxcount`, `incrtime`, `ExtendedCost`, `type`) values('442450','11','58199','0','0','3556','1');
insert into `npc_vendor` (`entry`, `slot`, `item`, `maxcount`, `incrtime`, `ExtendedCost`, `type`) values('442450','10','58481','0','0','3556','1');
insert into `npc_vendor` (`entry`, `slot`, `item`, `maxcount`, `incrtime`, `ExtendedCost`, `type`) values('442450','9','58482','0','0','3556','1');
insert into `npc_vendor` (`entry`, `slot`, `item`, `maxcount`, `incrtime`, `ExtendedCost`, `type`) values('442450','8','58484','0','0','3556','1');
insert into `npc_vendor` (`entry`, `slot`, `item`, `maxcount`, `incrtime`, `ExtendedCost`, `type`) values('442450','7','58485','0','0','3556','1');
insert into `npc_vendor` (`entry`, `slot`, `item`, `maxcount`, `incrtime`, `ExtendedCost`, `type`) values('442450','6','58486','0','0','3556','1');
insert into `npc_vendor` (`entry`, `slot`, `item`, `maxcount`, `incrtime`, `ExtendedCost`, `type`) values('442450','31','60243','0','0','3049','1');
insert into `npc_vendor` (`entry`, `slot`, `item`, `maxcount`, `incrtime`, `ExtendedCost`, `type`) values('442450','33','60244','0','0','3557','1');
insert into `npc_vendor` (`entry`, `slot`, `item`, `maxcount`, `incrtime`, `ExtendedCost`, `type`) values('442450','32','60245','0','0','3557','1');
insert into `npc_vendor` (`entry`, `slot`, `item`, `maxcount`, `incrtime`, `ExtendedCost`, `type`) values('442450','34','60246','0','0','3043','1');
insert into `npc_vendor` (`entry`, `slot`, `item`, `maxcount`, `incrtime`, `ExtendedCost`, `type`) values('442450','30','60247','0','0','3556','1');
insert into `npc_vendor` (`entry`, `slot`, `item`, `maxcount`, `incrtime`, `ExtendedCost`, `type`) values('442450','30','60248','0','0','3556','1');
insert into `npc_vendor` (`entry`, `slot`, `item`, `maxcount`, `incrtime`, `ExtendedCost`, `type`) values('442450','31','60249','0','0','3050','1');
insert into `npc_vendor` (`entry`, `slot`, `item`, `maxcount`, `incrtime`, `ExtendedCost`, `type`) values('442450','32','60250','0','0','3557','1');
insert into `npc_vendor` (`entry`, `slot`, `item`, `maxcount`, `incrtime`, `ExtendedCost`, `type`) values('442450','33','60251','0','0','3557','1');
insert into `npc_vendor` (`entry`, `slot`, `item`, `maxcount`, `incrtime`, `ExtendedCost`, `type`) values('442450','34','60252','0','0','3044','1');
insert into `npc_vendor` (`entry`, `slot`, `item`, `maxcount`, `incrtime`, `ExtendedCost`, `type`) values('442450','38','60253','0','0','3044','1');
insert into `npc_vendor` (`entry`, `slot`, `item`, `maxcount`, `incrtime`, `ExtendedCost`, `type`) values('442450','36','60254','0','0','3557','1');
insert into `npc_vendor` (`entry`, `slot`, `item`, `maxcount`, `incrtime`, `ExtendedCost`, `type`) values('442450','35','60255','0','0','3557','1');
insert into `npc_vendor` (`entry`, `slot`, `item`, `maxcount`, `incrtime`, `ExtendedCost`, `type`) values('442450','33','60256','0','0','3050','1');
insert into `npc_vendor` (`entry`, `slot`, `item`, `maxcount`, `incrtime`, `ExtendedCost`, `type`) values('442450','31','60257','0','0','3556','1');
insert into `npc_vendor` (`entry`, `slot`, `item`, `maxcount`, `incrtime`, `ExtendedCost`, `type`) values('442450','32','60258','0','0','3050','1');
insert into `npc_vendor` (`entry`, `slot`, `item`, `maxcount`, `incrtime`, `ExtendedCost`, `type`) values('442450','37','60259','0','0','3557','1');
insert into `npc_vendor` (`entry`, `slot`, `item`, `maxcount`, `incrtime`, `ExtendedCost`, `type`) values('442450','34','60261','0','0','3557','1');
insert into `npc_vendor` (`entry`, `slot`, `item`, `maxcount`, `incrtime`, `ExtendedCost`, `type`) values('442450','39','60262','0','0','3044','1');
insert into `npc_vendor` (`entry`, `slot`, `item`, `maxcount`, `incrtime`, `ExtendedCost`, `type`) values('442450','30','60275','0','0','3556','1');
insert into `npc_vendor` (`entry`, `slot`, `item`, `maxcount`, `incrtime`, `ExtendedCost`, `type`) values('442450','40','60276','0','0','3557','1');
insert into `npc_vendor` (`entry`, `slot`, `item`, `maxcount`, `incrtime`, `ExtendedCost`, `type`) values('442450','34','60277','0','0','3049','1');
insert into `npc_vendor` (`entry`, `slot`, `item`, `maxcount`, `incrtime`, `ExtendedCost`, `type`) values('442450','36','60278','0','0','3557','1');
insert into `npc_vendor` (`entry`, `slot`, `item`, `maxcount`, `incrtime`, `ExtendedCost`, `type`) values('442450','42','60279','0','0','3043','1');
insert into `npc_vendor` (`entry`, `slot`, `item`, `maxcount`, `incrtime`, `ExtendedCost`, `type`) values('442450','30','60280','0','0','3556','1');
insert into `npc_vendor` (`entry`, `slot`, `item`, `maxcount`, `incrtime`, `ExtendedCost`, `type`) values('442450','39','60281','0','0','3557','1');
insert into `npc_vendor` (`entry`, `slot`, `item`, `maxcount`, `incrtime`, `ExtendedCost`, `type`) values('442450','33','60282','0','0','3049','1');
insert into `npc_vendor` (`entry`, `slot`, `item`, `maxcount`, `incrtime`, `ExtendedCost`, `type`) values('442450','38','60283','0','0','3557','1');
insert into `npc_vendor` (`entry`, `slot`, `item`, `maxcount`, `incrtime`, `ExtendedCost`, `type`) values('442450','44','60284','0','0','3043','1');
insert into `npc_vendor` (`entry`, `slot`, `item`, `maxcount`, `incrtime`, `ExtendedCost`, `type`) values('442450','32','60285','0','0','3556','1');
insert into `npc_vendor` (`entry`, `slot`, `item`, `maxcount`, `incrtime`, `ExtendedCost`, `type`) values('442450','35','60286','0','0','3049','1');
insert into `npc_vendor` (`entry`, `slot`, `item`, `maxcount`, `incrtime`, `ExtendedCost`, `type`) values('442450','41','60287','0','0','3557','1');
insert into `npc_vendor` (`entry`, `slot`, `item`, `maxcount`, `incrtime`, `ExtendedCost`, `type`) values('442450','37','60288','0','0','3557','1');
insert into `npc_vendor` (`entry`, `slot`, `item`, `maxcount`, `incrtime`, `ExtendedCost`, `type`) values('442450','43','60289','0','0','3043','1');
insert into `npc_vendor` (`entry`, `slot`, `item`, `maxcount`, `incrtime`, `ExtendedCost`, `type`) values('442450','31','60290','0','0','3556','1');
insert into `npc_vendor` (`entry`, `slot`, `item`, `maxcount`, `incrtime`, `ExtendedCost`, `type`) values('442450','31','60298','0','0','3556','1');
insert into `npc_vendor` (`entry`, `slot`, `item`, `maxcount`, `incrtime`, `ExtendedCost`, `type`) values('442450','32','60299','0','0','3049','1');
insert into `npc_vendor` (`entry`, `slot`, `item`, `maxcount`, `incrtime`, `ExtendedCost`, `type`) values('442450','33','60300','0','0','3557','1');
insert into `npc_vendor` (`entry`, `slot`, `item`, `maxcount`, `incrtime`, `ExtendedCost`, `type`) values('442450','30','60301','0','0','3557','1');
insert into `npc_vendor` (`entry`, `slot`, `item`, `maxcount`, `incrtime`, `ExtendedCost`, `type`) values('442450','34','60302','0','0','3043','1');
insert into `npc_vendor` (`entry`, `slot`, `item`, `maxcount`, `incrtime`, `ExtendedCost`, `type`) values('442450','32','60303','0','0','3051','1');
insert into `npc_vendor` (`entry`, `slot`, `item`, `maxcount`, `incrtime`, `ExtendedCost`, `type`) values('442450','30','60304','0','0','3557','1');
insert into `npc_vendor` (`entry`, `slot`, `item`, `maxcount`, `incrtime`, `ExtendedCost`, `type`) values('442450','33','60305','0','0','3557','1');
insert into `npc_vendor` (`entry`, `slot`, `item`, `maxcount`, `incrtime`, `ExtendedCost`, `type`) values('442450','34','60306','0','0','3045','1');
insert into `npc_vendor` (`entry`, `slot`, `item`, `maxcount`, `incrtime`, `ExtendedCost`, `type`) values('442450','31','60307','0','0','3556','1');
insert into `npc_vendor` (`entry`, `slot`, `item`, `maxcount`, `incrtime`, `ExtendedCost`, `type`) values('442450','38','60308','0','0','3051','1');
insert into `npc_vendor` (`entry`, `slot`, `item`, `maxcount`, `incrtime`, `ExtendedCost`, `type`) values('442450','31','60309','0','0','3557','1');
insert into `npc_vendor` (`entry`, `slot`, `item`, `maxcount`, `incrtime`, `ExtendedCost`, `type`) values('442450','41','60310','0','0','3557','1');
insert into `npc_vendor` (`entry`, `slot`, `item`, `maxcount`, `incrtime`, `ExtendedCost`, `type`) values('442450','44','60311','0','0','3045','1');
insert into `npc_vendor` (`entry`, `slot`, `item`, `maxcount`, `incrtime`, `ExtendedCost`, `type`) values('442450','35','60312','0','0','3556','1');
insert into `npc_vendor` (`entry`, `slot`, `item`, `maxcount`, `incrtime`, `ExtendedCost`, `type`) values('442450','32','60313','0','0','3557','1');
insert into `npc_vendor` (`entry`, `slot`, `item`, `maxcount`, `incrtime`, `ExtendedCost`, `type`) values('442450','34','60314','0','0','3556','1');
insert into `npc_vendor` (`entry`, `slot`, `item`, `maxcount`, `incrtime`, `ExtendedCost`, `type`) values('442450','37','60315','0','0','3051','1');
insert into `npc_vendor` (`entry`, `slot`, `item`, `maxcount`, `incrtime`, `ExtendedCost`, `type`) values('442450','40','60316','0','0','3557','1');
insert into `npc_vendor` (`entry`, `slot`, `item`, `maxcount`, `incrtime`, `ExtendedCost`, `type`) values('442450','43','60317','0','0','3045','1');
insert into `npc_vendor` (`entry`, `slot`, `item`, `maxcount`, `incrtime`, `ExtendedCost`, `type`) values('442450','30','60318','0','0','3557','1');
insert into `npc_vendor` (`entry`, `slot`, `item`, `maxcount`, `incrtime`, `ExtendedCost`, `type`) values('442450','33','60319','0','0','3556','1');
insert into `npc_vendor` (`entry`, `slot`, `item`, `maxcount`, `incrtime`, `ExtendedCost`, `type`) values('442450','36','60320','0','0','3051','1');
insert into `npc_vendor` (`entry`, `slot`, `item`, `maxcount`, `incrtime`, `ExtendedCost`, `type`) values('442450','39','60321','0','0','3557','1');
insert into `npc_vendor` (`entry`, `slot`, `item`, `maxcount`, `incrtime`, `ExtendedCost`, `type`) values('442450','42','60322','0','0','3045','1');
insert into `npc_vendor` (`entry`, `slot`, `item`, `maxcount`, `incrtime`, `ExtendedCost`, `type`) values('442450','31','60323','0','0','3557','1');
insert into `npc_vendor` (`entry`, `slot`, `item`, `maxcount`, `incrtime`, `ExtendedCost`, `type`) values('442450','37','60324','0','0','3557','1');
insert into `npc_vendor` (`entry`, `slot`, `item`, `maxcount`, `incrtime`, `ExtendedCost`, `type`) values('442450','35','60325','0','0','3051','1');
insert into `npc_vendor` (`entry`, `slot`, `item`, `maxcount`, `incrtime`, `ExtendedCost`, `type`) values('442450','33','60326','0','0','3556','1');
insert into `npc_vendor` (`entry`, `slot`, `item`, `maxcount`, `incrtime`, `ExtendedCost`, `type`) values('442450','39','60327','0','0','3045','1');
insert into `npc_vendor` (`entry`, `slot`, `item`, `maxcount`, `incrtime`, `ExtendedCost`, `type`) values('442450','34','60328','0','0','3051','1');
insert into `npc_vendor` (`entry`, `slot`, `item`, `maxcount`, `incrtime`, `ExtendedCost`, `type`) values('442450','30','60329','0','0','3557','1');
insert into `npc_vendor` (`entry`, `slot`, `item`, `maxcount`, `incrtime`, `ExtendedCost`, `type`) values('442450','36','60330','0','0','3557','1');
insert into `npc_vendor` (`entry`, `slot`, `item`, `maxcount`, `incrtime`, `ExtendedCost`, `type`) values('442450','38','60331','0','0','3045','1');
insert into `npc_vendor` (`entry`, `slot`, `item`, `maxcount`, `incrtime`, `ExtendedCost`, `type`) values('442450','32','60332','0','0','3556','1');
insert into `npc_vendor` (`entry`, `slot`, `item`, `maxcount`, `incrtime`, `ExtendedCost`, `type`) values('442450','31','60339','0','0','3557','1');
insert into `npc_vendor` (`entry`, `slot`, `item`, `maxcount`, `incrtime`, `ExtendedCost`, `type`) values('442450','33','60340','0','0','3556','1');
insert into `npc_vendor` (`entry`, `slot`, `item`, `maxcount`, `incrtime`, `ExtendedCost`, `type`) values('442450','35','60341','0','0','3049','1');
insert into `npc_vendor` (`entry`, `slot`, `item`, `maxcount`, `incrtime`, `ExtendedCost`, `type`) values('442450','37','60342','0','0','3557','1');
insert into `npc_vendor` (`entry`, `slot`, `item`, `maxcount`, `incrtime`, `ExtendedCost`, `type`) values('442450','39','60343','0','0','3043','1');
insert into `npc_vendor` (`entry`, `slot`, `item`, `maxcount`, `incrtime`, `ExtendedCost`, `type`) values('442450','32','60344','0','0','3557','1');
insert into `npc_vendor` (`entry`, `slot`, `item`, `maxcount`, `incrtime`, `ExtendedCost`, `type`) values('442450','35','60345','0','0','3556','1');
insert into `npc_vendor` (`entry`, `slot`, `item`, `maxcount`, `incrtime`, `ExtendedCost`, `type`) values('442450','38','60346','0','0','3050','1');
insert into `npc_vendor` (`entry`, `slot`, `item`, `maxcount`, `incrtime`, `ExtendedCost`, `type`) values('442450','41','60347','0','0','3557','1');
insert into `npc_vendor` (`entry`, `slot`, `item`, `maxcount`, `incrtime`, `ExtendedCost`, `type`) values('442450','44','60348','0','0','3044','1');
insert into `npc_vendor` (`entry`, `slot`, `item`, `maxcount`, `incrtime`, `ExtendedCost`, `type`) values('442450','30','60349','0','0','3557','1');
insert into `npc_vendor` (`entry`, `slot`, `item`, `maxcount`, `incrtime`, `ExtendedCost`, `type`) values('442450','32','60350','0','0','3556','1');
insert into `npc_vendor` (`entry`, `slot`, `item`, `maxcount`, `incrtime`, `ExtendedCost`, `type`) values('442450','34','60351','0','0','3049','1');
insert into `npc_vendor` (`entry`, `slot`, `item`, `maxcount`, `incrtime`, `ExtendedCost`, `type`) values('442450','36','60352','0','0','3557','1');
insert into `npc_vendor` (`entry`, `slot`, `item`, `maxcount`, `incrtime`, `ExtendedCost`, `type`) values('442450','38','60353','0','0','3043','1');
insert into `npc_vendor` (`entry`, `slot`, `item`, `maxcount`, `incrtime`, `ExtendedCost`, `type`) values('442450','31','60354','0','0','3557','1');
insert into `npc_vendor` (`entry`, `slot`, `item`, `maxcount`, `incrtime`, `ExtendedCost`, `type`) values('442450','34','60355','0','0','3556','1');
insert into `npc_vendor` (`entry`, `slot`, `item`, `maxcount`, `incrtime`, `ExtendedCost`, `type`) values('442450','37','60356','0','0','3050','1');
insert into `npc_vendor` (`entry`, `slot`, `item`, `maxcount`, `incrtime`, `ExtendedCost`, `type`) values('442450','40','60357','0','0','3557','1');
insert into `npc_vendor` (`entry`, `slot`, `item`, `maxcount`, `incrtime`, `ExtendedCost`, `type`) values('442450','43','60358','0','0','3044','1');
insert into `npc_vendor` (`entry`, `slot`, `item`, `maxcount`, `incrtime`, `ExtendedCost`, `type`) values('442450','36','60359','0','0','3050','1');
insert into `npc_vendor` (`entry`, `slot`, `item`, `maxcount`, `incrtime`, `ExtendedCost`, `type`) values('442450','30','60360','0','0','3557','1');
insert into `npc_vendor` (`entry`, `slot`, `item`, `maxcount`, `incrtime`, `ExtendedCost`, `type`) values('442450','39','60361','0','0','3557','1');
insert into `npc_vendor` (`entry`, `slot`, `item`, `maxcount`, `incrtime`, `ExtendedCost`, `type`) values('442450','42','60362','0','0','3044','1');
insert into `npc_vendor` (`entry`, `slot`, `item`, `maxcount`, `incrtime`, `ExtendedCost`, `type`) values('442450','33','60363','0','0','3556','1');
insert into `npc_vendor` (`entry`, `slot`, `item`, `maxcount`, `incrtime`, `ExtendedCost`, `type`) values('442450','24','64671','0','0','3553','1');
insert into `npc_vendor` (`entry`, `slot`, `item`, `maxcount`, `incrtime`, `ExtendedCost`, `type`) values('442450','23','64672','0','0','3553','1');
insert into `npc_vendor` (`entry`, `slot`, `item`, `maxcount`, `incrtime`, `ExtendedCost`, `type`) values('442450','22','64673','0','0','3553','1');
insert into `npc_vendor` (`entry`, `slot`, `item`, `maxcount`, `incrtime`, `ExtendedCost`, `type`) values('442450','21','64674','0','0','3553','1');
insert into `npc_vendor` (`entry`, `slot`, `item`, `maxcount`, `incrtime`, `ExtendedCost`, `type`) values('442450','20','64676','0','0','3553','1');
insert into `npc_vendor` (`entry`, `slot`, `item`, `maxcount`, `incrtime`, `ExtendedCost`, `type`) values('442450','48','65000','0','0','3329','1');
insert into `npc_vendor` (`entry`, `slot`, `item`, `maxcount`, `incrtime`, `ExtendedCost`, `type`) values('442450','48','65001','0','0','3329','1');
insert into `npc_vendor` (`entry`, `slot`, `item`, `maxcount`, `incrtime`, `ExtendedCost`, `type`) values('442450','48','65002','0','0','3329','1');
insert into `npc_vendor` (`entry`, `slot`, `item`, `maxcount`, `incrtime`, `ExtendedCost`, `type`) values('442450','46','65087','0','0','3329','1');
insert into `npc_vendor` (`entry`, `slot`, `item`, `maxcount`, `incrtime`, `ExtendedCost`, `type`) values('442450','46','65088','0','0','3329','1');
insert into `npc_vendor` (`entry`, `slot`, `item`, `maxcount`, `incrtime`, `ExtendedCost`, `type`) values('442450','46','65089','0','0','3329','1');
insert into `npc_vendor` (`entry`, `slot`, `item`, `maxcount`, `incrtime`, `ExtendedCost`, `type`) values('442450','50','65179','0','0','3085','1');
insert into `npc_vendor` (`entry`, `slot`, `item`, `maxcount`, `incrtime`, `ExtendedCost`, `type`) values('442450','51','65180','0','0','3145','1');
insert into `npc_vendor` (`entry`, `slot`, `item`, `maxcount`, `incrtime`, `ExtendedCost`, `type`) values('442450','52','65181','0','0','3054','1');
insert into `npc_vendor` (`entry`, `slot`, `item`, `maxcount`, `incrtime`, `ExtendedCost`, `type`) values('442450','53','65182','0','0','3113','1');
insert into `npc_vendor` (`entry`, `slot`, `item`, `maxcount`, `incrtime`, `ExtendedCost`, `type`) values('442450','54','65183','0','0','3046','1');
insert into `npc_vendor` (`entry`, `slot`, `item`, `maxcount`, `incrtime`, `ExtendedCost`, `type`) values('442450','55','65184','0','0','3084','1');
insert into `npc_vendor` (`entry`, `slot`, `item`, `maxcount`, `incrtime`, `ExtendedCost`, `type`) values('442450','56','65185','0','0','3146','1');
insert into `npc_vendor` (`entry`, `slot`, `item`, `maxcount`, `incrtime`, `ExtendedCost`, `type`) values('442450','57','65186','0','0','3054','1');
insert into `npc_vendor` (`entry`, `slot`, `item`, `maxcount`, `incrtime`, `ExtendedCost`, `type`) values('442450','58','65187','0','0','3112','1');
insert into `npc_vendor` (`entry`, `slot`, `item`, `maxcount`, `incrtime`, `ExtendedCost`, `type`) values('442450','59','65188','0','0','3046','1');
insert into `npc_vendor` (`entry`, `slot`, `item`, `maxcount`, `incrtime`, `ExtendedCost`, `type`) values('442450','50','65189','0','0','3147','1');
insert into `npc_vendor` (`entry`, `slot`, `item`, `maxcount`, `incrtime`, `ExtendedCost`, `type`) values('442450','51','65190','0','0','3054','1');
insert into `npc_vendor` (`entry`, `slot`, `item`, `maxcount`, `incrtime`, `ExtendedCost`, `type`) values('442450','52','65191','0','0','3111','1');
insert into `npc_vendor` (`entry`, `slot`, `item`, `maxcount`, `incrtime`, `ExtendedCost`, `type`) values('442450','53','65192','0','0','3093','1');
insert into `npc_vendor` (`entry`, `slot`, `item`, `maxcount`, `incrtime`, `ExtendedCost`, `type`) values('442450','54','65193','0','0','3046','1');
insert into `npc_vendor` (`entry`, `slot`, `item`, `maxcount`, `incrtime`, `ExtendedCost`, `type`) values('442450','55','65194','0','0','3148','1');
insert into `npc_vendor` (`entry`, `slot`, `item`, `maxcount`, `incrtime`, `ExtendedCost`, `type`) values('442450','56','65195','0','0','3054','1');
insert into `npc_vendor` (`entry`, `slot`, `item`, `maxcount`, `incrtime`, `ExtendedCost`, `type`) values('442450','57','65196','0','0','3110','1');
insert into `npc_vendor` (`entry`, `slot`, `item`, `maxcount`, `incrtime`, `ExtendedCost`, `type`) values('442450','58','65197','0','0','3092','1');
insert into `npc_vendor` (`entry`, `slot`, `item`, `maxcount`, `incrtime`, `ExtendedCost`, `type`) values('442450','59','65198','0','0','3046','1');
insert into `npc_vendor` (`entry`, `slot`, `item`, `maxcount`, `incrtime`, `ExtendedCost`, `type`) values('442450','60','65199','0','0','3149','1');
insert into `npc_vendor` (`entry`, `slot`, `item`, `maxcount`, `incrtime`, `ExtendedCost`, `type`) values('442450','61','65200','0','0','3054','1');
insert into `npc_vendor` (`entry`, `slot`, `item`, `maxcount`, `incrtime`, `ExtendedCost`, `type`) values('442450','62','65201','0','0','3109','1');
insert into `npc_vendor` (`entry`, `slot`, `item`, `maxcount`, `incrtime`, `ExtendedCost`, `type`) values('442450','63','65202','0','0','3091','1');
insert into `npc_vendor` (`entry`, `slot`, `item`, `maxcount`, `incrtime`, `ExtendedCost`, `type`) values('442450','64','65203','0','0','3046','1');
insert into `npc_vendor` (`entry`, `slot`, `item`, `maxcount`, `incrtime`, `ExtendedCost`, `type`) values('442450','50','65204','0','0','3083','1');
insert into `npc_vendor` (`entry`, `slot`, `item`, `maxcount`, `incrtime`, `ExtendedCost`, `type`) values('442450','51','65205','0','0','3150','1');
insert into `npc_vendor` (`entry`, `slot`, `item`, `maxcount`, `incrtime`, `ExtendedCost`, `type`) values('442450','52','65206','0','0','3056','1');
insert into `npc_vendor` (`entry`, `slot`, `item`, `maxcount`, `incrtime`, `ExtendedCost`, `type`) values('442450','53','65207','0','0','3108','1');
insert into `npc_vendor` (`entry`, `slot`, `item`, `maxcount`, `incrtime`, `ExtendedCost`, `type`) values('442450','54','65208','0','0','3048','1');
insert into `npc_vendor` (`entry`, `slot`, `item`, `maxcount`, `incrtime`, `ExtendedCost`, `type`) values('442450','46','65209','0','0','3151','1');
insert into `npc_vendor` (`entry`, `slot`, `item`, `maxcount`, `incrtime`, `ExtendedCost`, `type`) values('442450','47','65210','0','0','3054','1');
insert into `npc_vendor` (`entry`, `slot`, `item`, `maxcount`, `incrtime`, `ExtendedCost`, `type`) values('442450','48','65211','0','0','3107','1');
insert into `npc_vendor` (`entry`, `slot`, `item`, `maxcount`, `incrtime`, `ExtendedCost`, `type`) values('442450','49','65212','0','0','3090','1');
insert into `npc_vendor` (`entry`, `slot`, `item`, `maxcount`, `incrtime`, `ExtendedCost`, `type`) values('442450','50','65213','0','0','3046','1');
insert into `npc_vendor` (`entry`, `slot`, `item`, `maxcount`, `incrtime`, `ExtendedCost`, `type`) values('442450','50','65214','0','0','3082','1');
insert into `npc_vendor` (`entry`, `slot`, `item`, `maxcount`, `incrtime`, `ExtendedCost`, `type`) values('442450','51','65215','0','0','3152','1');
insert into `npc_vendor` (`entry`, `slot`, `item`, `maxcount`, `incrtime`, `ExtendedCost`, `type`) values('442450','52','65216','0','0','3055','1');
insert into `npc_vendor` (`entry`, `slot`, `item`, `maxcount`, `incrtime`, `ExtendedCost`, `type`) values('442450','53','65217','0','0','3106','1');
insert into `npc_vendor` (`entry`, `slot`, `item`, `maxcount`, `incrtime`, `ExtendedCost`, `type`) values('442450','54','65218','0','0','3047','1');
insert into `npc_vendor` (`entry`, `slot`, `item`, `maxcount`, `incrtime`, `ExtendedCost`, `type`) values('442450','55','65219','0','0','3081','1');
insert into `npc_vendor` (`entry`, `slot`, `item`, `maxcount`, `incrtime`, `ExtendedCost`, `type`) values('442450','56','65220','0','0','3153','1');
insert into `npc_vendor` (`entry`, `slot`, `item`, `maxcount`, `incrtime`, `ExtendedCost`, `type`) values('442450','57','65221','0','0','3055','1');
insert into `npc_vendor` (`entry`, `slot`, `item`, `maxcount`, `incrtime`, `ExtendedCost`, `type`) values('442450','58','65222','0','0','3105','1');
insert into `npc_vendor` (`entry`, `slot`, `item`, `maxcount`, `incrtime`, `ExtendedCost`, `type`) values('442450','59','65223','0','0','3047','1');
insert into `npc_vendor` (`entry`, `slot`, `item`, `maxcount`, `incrtime`, `ExtendedCost`, `type`) values('442450','60','65224','0','0','3080','1');
insert into `npc_vendor` (`entry`, `slot`, `item`, `maxcount`, `incrtime`, `ExtendedCost`, `type`) values('442450','61','65225','0','0','3154','1');
insert into `npc_vendor` (`entry`, `slot`, `item`, `maxcount`, `incrtime`, `ExtendedCost`, `type`) values('442450','62','65226','0','0','3055','1');
insert into `npc_vendor` (`entry`, `slot`, `item`, `maxcount`, `incrtime`, `ExtendedCost`, `type`) values('442450','63','65227','0','0','3104','1');
insert into `npc_vendor` (`entry`, `slot`, `item`, `maxcount`, `incrtime`, `ExtendedCost`, `type`) values('442450','64','65228','0','0','3047','1');
insert into `npc_vendor` (`entry`, `slot`, `item`, `maxcount`, `incrtime`, `ExtendedCost`, `type`) values('442450','50','65229','0','0','3155','1');
insert into `npc_vendor` (`entry`, `slot`, `item`, `maxcount`, `incrtime`, `ExtendedCost`, `type`) values('442450','51','65230','0','0','3055','1');
insert into `npc_vendor` (`entry`, `slot`, `item`, `maxcount`, `incrtime`, `ExtendedCost`, `type`) values('442450','52','65231','0','0','3103','1');
insert into `npc_vendor` (`entry`, `slot`, `item`, `maxcount`, `incrtime`, `ExtendedCost`, `type`) values('442450','53','65232','0','0','3089','1');
insert into `npc_vendor` (`entry`, `slot`, `item`, `maxcount`, `incrtime`, `ExtendedCost`, `type`) values('442450','54','65233','0','0','3047','1');
insert into `npc_vendor` (`entry`, `slot`, `item`, `maxcount`, `incrtime`, `ExtendedCost`, `type`) values('442450','55','65234','0','0','3156','1');
insert into `npc_vendor` (`entry`, `slot`, `item`, `maxcount`, `incrtime`, `ExtendedCost`, `type`) values('442450','56','65235','0','0','3055','1');
insert into `npc_vendor` (`entry`, `slot`, `item`, `maxcount`, `incrtime`, `ExtendedCost`, `type`) values('442450','57','65236','0','0','3102','1');
insert into `npc_vendor` (`entry`, `slot`, `item`, `maxcount`, `incrtime`, `ExtendedCost`, `type`) values('442450','58','65237','0','0','3088','1');
insert into `npc_vendor` (`entry`, `slot`, `item`, `maxcount`, `incrtime`, `ExtendedCost`, `type`) values('442450','59','65238','0','0','3047','1');
insert into `npc_vendor` (`entry`, `slot`, `item`, `maxcount`, `incrtime`, `ExtendedCost`, `type`) values('442450','41','65239','0','0','3079','1');
insert into `npc_vendor` (`entry`, `slot`, `item`, `maxcount`, `incrtime`, `ExtendedCost`, `type`) values('442450','42','65240','0','0','3157','1');
insert into `npc_vendor` (`entry`, `slot`, `item`, `maxcount`, `incrtime`, `ExtendedCost`, `type`) values('442450','43','65241','0','0','3054','1');
insert into `npc_vendor` (`entry`, `slot`, `item`, `maxcount`, `incrtime`, `ExtendedCost`, `type`) values('442450','44','65242','0','0','3101','1');
insert into `npc_vendor` (`entry`, `slot`, `item`, `maxcount`, `incrtime`, `ExtendedCost`, `type`) values('442450','45','65243','0','0','3046','1');
insert into `npc_vendor` (`entry`, `slot`, `item`, `maxcount`, `incrtime`, `ExtendedCost`, `type`) values('442450','50','65244','0','0','3078','1');
insert into `npc_vendor` (`entry`, `slot`, `item`, `maxcount`, `incrtime`, `ExtendedCost`, `type`) values('442450','51','65245','0','0','3158','1');
insert into `npc_vendor` (`entry`, `slot`, `item`, `maxcount`, `incrtime`, `ExtendedCost`, `type`) values('442450','52','65246','0','0','3056','1');
insert into `npc_vendor` (`entry`, `slot`, `item`, `maxcount`, `incrtime`, `ExtendedCost`, `type`) values('442450','53','65247','0','0','3100','1');
insert into `npc_vendor` (`entry`, `slot`, `item`, `maxcount`, `incrtime`, `ExtendedCost`, `type`) values('442450','54','65248','0','0','3048','1');
insert into `npc_vendor` (`entry`, `slot`, `item`, `maxcount`, `incrtime`, `ExtendedCost`, `type`) values('442450','55','65249','0','0','3077','1');
insert into `npc_vendor` (`entry`, `slot`, `item`, `maxcount`, `incrtime`, `ExtendedCost`, `type`) values('442450','56','65250','0','0','3159','1');
insert into `npc_vendor` (`entry`, `slot`, `item`, `maxcount`, `incrtime`, `ExtendedCost`, `type`) values('442450','57','65251','0','0','3056','1');
insert into `npc_vendor` (`entry`, `slot`, `item`, `maxcount`, `incrtime`, `ExtendedCost`, `type`) values('442450','58','65252','0','0','3099','1');
insert into `npc_vendor` (`entry`, `slot`, `item`, `maxcount`, `incrtime`, `ExtendedCost`, `type`) values('442450','59','65253','0','0','3048','1');
insert into `npc_vendor` (`entry`, `slot`, `item`, `maxcount`, `incrtime`, `ExtendedCost`, `type`) values('442450','60','65254','0','0','3076','1');
insert into `npc_vendor` (`entry`, `slot`, `item`, `maxcount`, `incrtime`, `ExtendedCost`, `type`) values('442450','61','65255','0','0','3144','1');
insert into `npc_vendor` (`entry`, `slot`, `item`, `maxcount`, `incrtime`, `ExtendedCost`, `type`) values('442450','62','65256','0','0','3056','1');
insert into `npc_vendor` (`entry`, `slot`, `item`, `maxcount`, `incrtime`, `ExtendedCost`, `type`) values('442450','63','65257','0','0','3098','1');
insert into `npc_vendor` (`entry`, `slot`, `item`, `maxcount`, `incrtime`, `ExtendedCost`, `type`) values('442450','64','65258','0','0','3048','1');
insert into `npc_vendor` (`entry`, `slot`, `item`, `maxcount`, `incrtime`, `ExtendedCost`, `type`) values('442450','50','65259','0','0','3143','1');
insert into `npc_vendor` (`entry`, `slot`, `item`, `maxcount`, `incrtime`, `ExtendedCost`, `type`) values('442450','51','65260','0','0','3055','1');
insert into `npc_vendor` (`entry`, `slot`, `item`, `maxcount`, `incrtime`, `ExtendedCost`, `type`) values('442450','52','65261','0','0','3116','1');
insert into `npc_vendor` (`entry`, `slot`, `item`, `maxcount`, `incrtime`, `ExtendedCost`, `type`) values('442450','53','65262','0','0','3094','1');
insert into `npc_vendor` (`entry`, `slot`, `item`, `maxcount`, `incrtime`, `ExtendedCost`, `type`) values('442450','54','65263','0','0','3047','1');
insert into `npc_vendor` (`entry`, `slot`, `item`, `maxcount`, `incrtime`, `ExtendedCost`, `type`) values('442450','45','65264','0','0','3087','1');
insert into `npc_vendor` (`entry`, `slot`, `item`, `maxcount`, `incrtime`, `ExtendedCost`, `type`) values('442450','46','65265','0','0','3160','1');
insert into `npc_vendor` (`entry`, `slot`, `item`, `maxcount`, `incrtime`, `ExtendedCost`, `type`) values('442450','47','65266','0','0','3056','1');
insert into `npc_vendor` (`entry`, `slot`, `item`, `maxcount`, `incrtime`, `ExtendedCost`, `type`) values('442450','48','65267','0','0','3115','1');
insert into `npc_vendor` (`entry`, `slot`, `item`, `maxcount`, `incrtime`, `ExtendedCost`, `type`) values('442450','49','65268','0','0','3048','1');
insert into `npc_vendor` (`entry`, `slot`, `item`, `maxcount`, `incrtime`, `ExtendedCost`, `type`) values('442450','50','65269','0','0','3086','1');
insert into `npc_vendor` (`entry`, `slot`, `item`, `maxcount`, `incrtime`, `ExtendedCost`, `type`) values('442450','51','65270','0','0','3161','1');
insert into `npc_vendor` (`entry`, `slot`, `item`, `maxcount`, `incrtime`, `ExtendedCost`, `type`) values('442450','52','65271','0','0','3056','1');
insert into `npc_vendor` (`entry`, `slot`, `item`, `maxcount`, `incrtime`, `ExtendedCost`, `type`) values('442450','53','65272','0','0','3114','1');
insert into `npc_vendor` (`entry`, `slot`, `item`, `maxcount`, `incrtime`, `ExtendedCost`, `type`) values('442450','54','65273','0','0','3048','1');
insert into `npc_vendor` (`entry`, `slot`, `item`, `maxcount`, `incrtime`, `ExtendedCost`, `type`) values('442450','45','67423','0','0','3329','1');
insert into `npc_vendor` (`entry`, `slot`, `item`, `maxcount`, `incrtime`, `ExtendedCost`, `type`) values('442450','45','67424','0','0','3329','1');
insert into `npc_vendor` (`entry`, `slot`, `item`, `maxcount`, `incrtime`, `ExtendedCost`, `type`) values('442450','45','67425','0','0','3329','1');
insert into `npc_vendor` (`entry`, `slot`, `item`, `maxcount`, `incrtime`, `ExtendedCost`, `type`) values('442450','48','67426','0','0','3329','1');
insert into `npc_vendor` (`entry`, `slot`, `item`, `maxcount`, `incrtime`, `ExtendedCost`, `type`) values('442450','49','67427','0','0','3329','1');
insert into `npc_vendor` (`entry`, `slot`, `item`, `maxcount`, `incrtime`, `ExtendedCost`, `type`) values('442450','49','67428','0','0','3329','1');
insert into `npc_vendor` (`entry`, `slot`, `item`, `maxcount`, `incrtime`, `ExtendedCost`, `type`) values('442450','47','67429','0','0','3329','1');
insert into `npc_vendor` (`entry`, `slot`, `item`, `maxcount`, `incrtime`, `ExtendedCost`, `type`) values('442450','47','67430','0','0','3329','1');
insert into `npc_vendor` (`entry`, `slot`, `item`, `maxcount`, `incrtime`, `ExtendedCost`, `type`) values('442450','47','67431','0','0','3329','1');
insert into `npc_vendor` (`entry`, `slot`, `item`, `maxcount`, `incrtime`, `ExtendedCost`, `type`) values('442450','19','68812','0','0','3555','1');
insert into `npc_vendor` (`entry`, `slot`, `item`, `maxcount`, `incrtime`, `ExtendedCost`, `type`) values('442460','0','57913','0','0','3039','1');
insert into `npc_vendor` (`entry`, `slot`, `item`, `maxcount`, `incrtime`, `ExtendedCost`, `type`) values('442460','0','57914','0','0','3039','1');
insert into `npc_vendor` (`entry`, `slot`, `item`, `maxcount`, `incrtime`, `ExtendedCost`, `type`) values('442460','0','57915','0','0','3039','1');
insert into `npc_vendor` (`entry`, `slot`, `item`, `maxcount`, `incrtime`, `ExtendedCost`, `type`) values('442460','0','57916','0','0','3039','1');
insert into `npc_vendor` (`entry`, `slot`, `item`, `maxcount`, `incrtime`, `ExtendedCost`, `type`) values('442460','0','57917','0','0','3039','1');
insert into `npc_vendor` (`entry`, `slot`, `item`, `maxcount`, `incrtime`, `ExtendedCost`, `type`) values('442460','0','57918','0','0','3039','1');
insert into `npc_vendor` (`entry`, `slot`, `item`, `maxcount`, `incrtime`, `ExtendedCost`, `type`) values('442460','0','57919','0','0','3039','1');
insert into `npc_vendor` (`entry`, `slot`, `item`, `maxcount`, `incrtime`, `ExtendedCost`, `type`) values('442460','0','57921','0','0','3039','1');
insert into `npc_vendor` (`entry`, `slot`, `item`, `maxcount`, `incrtime`, `ExtendedCost`, `type`) values('442460','0','57922','0','0','3039','1');
insert into `npc_vendor` (`entry`, `slot`, `item`, `maxcount`, `incrtime`, `ExtendedCost`, `type`) values('442460','0','57923','0','0','3041','1');
insert into `npc_vendor` (`entry`, `slot`, `item`, `maxcount`, `incrtime`, `ExtendedCost`, `type`) values('442460','0','57924','0','0','3041','1');
insert into `npc_vendor` (`entry`, `slot`, `item`, `maxcount`, `incrtime`, `ExtendedCost`, `type`) values('442460','0','57925','0','0','3041','1');
insert into `npc_vendor` (`entry`, `slot`, `item`, `maxcount`, `incrtime`, `ExtendedCost`, `type`) values('442460','0','57926','0','0','3041','1');
insert into `npc_vendor` (`entry`, `slot`, `item`, `maxcount`, `incrtime`, `ExtendedCost`, `type`) values('442460','0','57927','0','0','3041','1');
insert into `npc_vendor` (`entry`, `slot`, `item`, `maxcount`, `incrtime`, `ExtendedCost`, `type`) values('442460','0','57928','0','0','3041','1');
insert into `npc_vendor` (`entry`, `slot`, `item`, `maxcount`, `incrtime`, `ExtendedCost`, `type`) values('442460','0','57929','0','0','3041','1');
insert into `npc_vendor` (`entry`, `slot`, `item`, `maxcount`, `incrtime`, `ExtendedCost`, `type`) values('442460','0','57930','0','0','3040','1');
insert into `npc_vendor` (`entry`, `slot`, `item`, `maxcount`, `incrtime`, `ExtendedCost`, `type`) values('442460','0','57931','0','0','3040','1');
insert into `npc_vendor` (`entry`, `slot`, `item`, `maxcount`, `incrtime`, `ExtendedCost`, `type`) values('442460','0','57932','0','0','3040','1');
insert into `npc_vendor` (`entry`, `slot`, `item`, `maxcount`, `incrtime`, `ExtendedCost`, `type`) values('442460','0','57933','0','0','3040','1');
insert into `npc_vendor` (`entry`, `slot`, `item`, `maxcount`, `incrtime`, `ExtendedCost`, `type`) values('442460','0','57934','0','0','3040','1');
insert into `npc_vendor` (`entry`, `slot`, `item`, `maxcount`, `incrtime`, `ExtendedCost`, `type`) values('442460','0','58096','0','0','3038','1');
insert into `npc_vendor` (`entry`, `slot`, `item`, `maxcount`, `incrtime`, `ExtendedCost`, `type`) values('442460','0','58097','0','0','3038','1');
insert into `npc_vendor` (`entry`, `slot`, `item`, `maxcount`, `incrtime`, `ExtendedCost`, `type`) values('442460','0','58098','0','0','3038','1');
insert into `npc_vendor` (`entry`, `slot`, `item`, `maxcount`, `incrtime`, `ExtendedCost`, `type`) values('442460','0','58099','0','0','3039','1');
insert into `npc_vendor` (`entry`, `slot`, `item`, `maxcount`, `incrtime`, `ExtendedCost`, `type`) values('442460','0','58100','0','0','3039','1');
insert into `npc_vendor` (`entry`, `slot`, `item`, `maxcount`, `incrtime`, `ExtendedCost`, `type`) values('442460','0','58101','0','0','3038','1');
insert into `npc_vendor` (`entry`, `slot`, `item`, `maxcount`, `incrtime`, `ExtendedCost`, `type`) values('442460','0','58102','0','0','3038','1');
insert into `npc_vendor` (`entry`, `slot`, `item`, `maxcount`, `incrtime`, `ExtendedCost`, `type`) values('442460','0','58103','0','0','3038','1');
insert into `npc_vendor` (`entry`, `slot`, `item`, `maxcount`, `incrtime`, `ExtendedCost`, `type`) values('442460','0','58104','0','0','3039','1');
insert into `npc_vendor` (`entry`, `slot`, `item`, `maxcount`, `incrtime`, `ExtendedCost`, `type`) values('442460','0','58105','0','0','3039','1');
insert into `npc_vendor` (`entry`, `slot`, `item`, `maxcount`, `incrtime`, `ExtendedCost`, `type`) values('442460','0','58106','0','0','3038','1');
insert into `npc_vendor` (`entry`, `slot`, `item`, `maxcount`, `incrtime`, `ExtendedCost`, `type`) values('442460','0','58107','0','0','3038','1');
insert into `npc_vendor` (`entry`, `slot`, `item`, `maxcount`, `incrtime`, `ExtendedCost`, `type`) values('442460','0','58108','0','0','3038','1');
insert into `npc_vendor` (`entry`, `slot`, `item`, `maxcount`, `incrtime`, `ExtendedCost`, `type`) values('442460','0','58109','0','0','3039','1');
insert into `npc_vendor` (`entry`, `slot`, `item`, `maxcount`, `incrtime`, `ExtendedCost`, `type`) values('442460','0','58110','0','0','3039','1');
insert into `npc_vendor` (`entry`, `slot`, `item`, `maxcount`, `incrtime`, `ExtendedCost`, `type`) values('442460','0','58121','0','0','3038','1');
insert into `npc_vendor` (`entry`, `slot`, `item`, `maxcount`, `incrtime`, `ExtendedCost`, `type`) values('442460','0','58122','0','0','3038','1');
insert into `npc_vendor` (`entry`, `slot`, `item`, `maxcount`, `incrtime`, `ExtendedCost`, `type`) values('442460','0','58123','0','0','3038','1');
insert into `npc_vendor` (`entry`, `slot`, `item`, `maxcount`, `incrtime`, `ExtendedCost`, `type`) values('442460','0','58124','0','0','3039','1');
insert into `npc_vendor` (`entry`, `slot`, `item`, `maxcount`, `incrtime`, `ExtendedCost`, `type`) values('442460','0','58125','0','0','3039','1');
insert into `npc_vendor` (`entry`, `slot`, `item`, `maxcount`, `incrtime`, `ExtendedCost`, `type`) values('442460','0','58126','0','0','3038','1');
insert into `npc_vendor` (`entry`, `slot`, `item`, `maxcount`, `incrtime`, `ExtendedCost`, `type`) values('442460','0','58127','0','0','3038','1');
insert into `npc_vendor` (`entry`, `slot`, `item`, `maxcount`, `incrtime`, `ExtendedCost`, `type`) values('442460','0','58128','0','0','3038','1');
insert into `npc_vendor` (`entry`, `slot`, `item`, `maxcount`, `incrtime`, `ExtendedCost`, `type`) values('442460','0','58129','0','0','3039','1');
insert into `npc_vendor` (`entry`, `slot`, `item`, `maxcount`, `incrtime`, `ExtendedCost`, `type`) values('442460','0','58130','0','0','3039','1');
insert into `npc_vendor` (`entry`, `slot`, `item`, `maxcount`, `incrtime`, `ExtendedCost`, `type`) values('442460','0','58131','0','0','3038','1');
insert into `npc_vendor` (`entry`, `slot`, `item`, `maxcount`, `incrtime`, `ExtendedCost`, `type`) values('442460','0','58132','0','0','3038','1');
insert into `npc_vendor` (`entry`, `slot`, `item`, `maxcount`, `incrtime`, `ExtendedCost`, `type`) values('442460','0','58133','0','0','3038','1');
insert into `npc_vendor` (`entry`, `slot`, `item`, `maxcount`, `incrtime`, `ExtendedCost`, `type`) values('442460','0','58134','0','0','3039','1');
insert into `npc_vendor` (`entry`, `slot`, `item`, `maxcount`, `incrtime`, `ExtendedCost`, `type`) values('442460','0','58138','0','0','3039','1');
insert into `npc_vendor` (`entry`, `slot`, `item`, `maxcount`, `incrtime`, `ExtendedCost`, `type`) values('442460','0','58139','0','0','3038','1');
insert into `npc_vendor` (`entry`, `slot`, `item`, `maxcount`, `incrtime`, `ExtendedCost`, `type`) values('442460','0','58140','0','0','3038','1');
insert into `npc_vendor` (`entry`, `slot`, `item`, `maxcount`, `incrtime`, `ExtendedCost`, `type`) values('442460','0','58150','0','0','3038','1');
insert into `npc_vendor` (`entry`, `slot`, `item`, `maxcount`, `incrtime`, `ExtendedCost`, `type`) values('442460','0','58151','0','0','3039','1');
insert into `npc_vendor` (`entry`, `slot`, `item`, `maxcount`, `incrtime`, `ExtendedCost`, `type`) values('442460','0','58152','0','0','3039','1');
insert into `npc_vendor` (`entry`, `slot`, `item`, `maxcount`, `incrtime`, `ExtendedCost`, `type`) values('442460','0','58153','0','0','3038','1');
insert into `npc_vendor` (`entry`, `slot`, `item`, `maxcount`, `incrtime`, `ExtendedCost`, `type`) values('442460','0','58154','0','0','3038','1');
insert into `npc_vendor` (`entry`, `slot`, `item`, `maxcount`, `incrtime`, `ExtendedCost`, `type`) values('442460','0','58155','0','0','3038','1');
insert into `npc_vendor` (`entry`, `slot`, `item`, `maxcount`, `incrtime`, `ExtendedCost`, `type`) values('442460','0','58157','0','0','3039','1');
insert into `npc_vendor` (`entry`, `slot`, `item`, `maxcount`, `incrtime`, `ExtendedCost`, `type`) values('442460','0','58158','0','0','3039','1');
insert into `npc_vendor` (`entry`, `slot`, `item`, `maxcount`, `incrtime`, `ExtendedCost`, `type`) values('442460','0','58159','0','0','3038','1');
insert into `npc_vendor` (`entry`, `slot`, `item`, `maxcount`, `incrtime`, `ExtendedCost`, `type`) values('442460','0','58160','0','0','3038','1');
insert into `npc_vendor` (`entry`, `slot`, `item`, `maxcount`, `incrtime`, `ExtendedCost`, `type`) values('442460','0','58161','0','0','3038','1');
insert into `npc_vendor` (`entry`, `slot`, `item`, `maxcount`, `incrtime`, `ExtendedCost`, `type`) values('442460','0','58162','0','0','3039','1');
insert into `npc_vendor` (`entry`, `slot`, `item`, `maxcount`, `incrtime`, `ExtendedCost`, `type`) values('442460','0','58163','0','0','3039','1');
insert into `npc_vendor` (`entry`, `slot`, `item`, `maxcount`, `incrtime`, `ExtendedCost`, `type`) values('465550','0','57913','0','0','3039','1');
insert into `npc_vendor` (`entry`, `slot`, `item`, `maxcount`, `incrtime`, `ExtendedCost`, `type`) values('465550','0','57914','0','0','3039','1');
insert into `npc_vendor` (`entry`, `slot`, `item`, `maxcount`, `incrtime`, `ExtendedCost`, `type`) values('465550','0','57915','0','0','3039','1');
insert into `npc_vendor` (`entry`, `slot`, `item`, `maxcount`, `incrtime`, `ExtendedCost`, `type`) values('465550','0','57916','0','0','3039','1');
insert into `npc_vendor` (`entry`, `slot`, `item`, `maxcount`, `incrtime`, `ExtendedCost`, `type`) values('465550','0','57917','0','0','3039','1');
insert into `npc_vendor` (`entry`, `slot`, `item`, `maxcount`, `incrtime`, `ExtendedCost`, `type`) values('465550','0','57918','0','0','3039','1');
insert into `npc_vendor` (`entry`, `slot`, `item`, `maxcount`, `incrtime`, `ExtendedCost`, `type`) values('465550','0','57919','0','0','3039','1');
insert into `npc_vendor` (`entry`, `slot`, `item`, `maxcount`, `incrtime`, `ExtendedCost`, `type`) values('465550','0','57921','0','0','3039','1');
insert into `npc_vendor` (`entry`, `slot`, `item`, `maxcount`, `incrtime`, `ExtendedCost`, `type`) values('465550','0','57922','0','0','3039','1');
insert into `npc_vendor` (`entry`, `slot`, `item`, `maxcount`, `incrtime`, `ExtendedCost`, `type`) values('465550','0','57923','0','0','3041','1');
insert into `npc_vendor` (`entry`, `slot`, `item`, `maxcount`, `incrtime`, `ExtendedCost`, `type`) values('465550','0','57924','0','0','3041','1');
insert into `npc_vendor` (`entry`, `slot`, `item`, `maxcount`, `incrtime`, `ExtendedCost`, `type`) values('465550','0','57925','0','0','3041','1');
insert into `npc_vendor` (`entry`, `slot`, `item`, `maxcount`, `incrtime`, `ExtendedCost`, `type`) values('465550','0','57926','0','0','3041','1');
insert into `npc_vendor` (`entry`, `slot`, `item`, `maxcount`, `incrtime`, `ExtendedCost`, `type`) values('465550','0','57927','0','0','3041','1');
insert into `npc_vendor` (`entry`, `slot`, `item`, `maxcount`, `incrtime`, `ExtendedCost`, `type`) values('465550','0','57928','0','0','3041','1');
insert into `npc_vendor` (`entry`, `slot`, `item`, `maxcount`, `incrtime`, `ExtendedCost`, `type`) values('465550','0','57929','0','0','3041','1');
insert into `npc_vendor` (`entry`, `slot`, `item`, `maxcount`, `incrtime`, `ExtendedCost`, `type`) values('465550','0','57930','0','0','3040','1');
insert into `npc_vendor` (`entry`, `slot`, `item`, `maxcount`, `incrtime`, `ExtendedCost`, `type`) values('465550','0','57931','0','0','3040','1');
insert into `npc_vendor` (`entry`, `slot`, `item`, `maxcount`, `incrtime`, `ExtendedCost`, `type`) values('465550','0','57932','0','0','3040','1');
insert into `npc_vendor` (`entry`, `slot`, `item`, `maxcount`, `incrtime`, `ExtendedCost`, `type`) values('465550','0','57933','0','0','3040','1');
insert into `npc_vendor` (`entry`, `slot`, `item`, `maxcount`, `incrtime`, `ExtendedCost`, `type`) values('465550','0','57934','0','0','3040','1');
insert into `npc_vendor` (`entry`, `slot`, `item`, `maxcount`, `incrtime`, `ExtendedCost`, `type`) values('465550','0','58096','0','0','3038','1');
insert into `npc_vendor` (`entry`, `slot`, `item`, `maxcount`, `incrtime`, `ExtendedCost`, `type`) values('465550','0','58097','0','0','3038','1');
insert into `npc_vendor` (`entry`, `slot`, `item`, `maxcount`, `incrtime`, `ExtendedCost`, `type`) values('465550','0','58098','0','0','3038','1');
insert into `npc_vendor` (`entry`, `slot`, `item`, `maxcount`, `incrtime`, `ExtendedCost`, `type`) values('465550','0','58099','0','0','3039','1');
insert into `npc_vendor` (`entry`, `slot`, `item`, `maxcount`, `incrtime`, `ExtendedCost`, `type`) values('465550','0','58100','0','0','3039','1');
insert into `npc_vendor` (`entry`, `slot`, `item`, `maxcount`, `incrtime`, `ExtendedCost`, `type`) values('465550','0','58101','0','0','3038','1');
insert into `npc_vendor` (`entry`, `slot`, `item`, `maxcount`, `incrtime`, `ExtendedCost`, `type`) values('465550','0','58102','0','0','3038','1');
insert into `npc_vendor` (`entry`, `slot`, `item`, `maxcount`, `incrtime`, `ExtendedCost`, `type`) values('465550','0','58103','0','0','3038','1');
insert into `npc_vendor` (`entry`, `slot`, `item`, `maxcount`, `incrtime`, `ExtendedCost`, `type`) values('465550','0','58104','0','0','3039','1');
insert into `npc_vendor` (`entry`, `slot`, `item`, `maxcount`, `incrtime`, `ExtendedCost`, `type`) values('465550','0','58105','0','0','3039','1');
insert into `npc_vendor` (`entry`, `slot`, `item`, `maxcount`, `incrtime`, `ExtendedCost`, `type`) values('465550','0','58106','0','0','3038','1');
insert into `npc_vendor` (`entry`, `slot`, `item`, `maxcount`, `incrtime`, `ExtendedCost`, `type`) values('465550','0','58107','0','0','3038','1');
insert into `npc_vendor` (`entry`, `slot`, `item`, `maxcount`, `incrtime`, `ExtendedCost`, `type`) values('465550','0','58108','0','0','3038','1');
insert into `npc_vendor` (`entry`, `slot`, `item`, `maxcount`, `incrtime`, `ExtendedCost`, `type`) values('465550','0','58109','0','0','3039','1');
insert into `npc_vendor` (`entry`, `slot`, `item`, `maxcount`, `incrtime`, `ExtendedCost`, `type`) values('465550','0','58110','0','0','3039','1');
insert into `npc_vendor` (`entry`, `slot`, `item`, `maxcount`, `incrtime`, `ExtendedCost`, `type`) values('465550','0','58121','0','0','3038','1');
insert into `npc_vendor` (`entry`, `slot`, `item`, `maxcount`, `incrtime`, `ExtendedCost`, `type`) values('465550','0','58122','0','0','3038','1');
insert into `npc_vendor` (`entry`, `slot`, `item`, `maxcount`, `incrtime`, `ExtendedCost`, `type`) values('465550','0','58123','0','0','3038','1');
insert into `npc_vendor` (`entry`, `slot`, `item`, `maxcount`, `incrtime`, `ExtendedCost`, `type`) values('465550','0','58124','0','0','3039','1');
insert into `npc_vendor` (`entry`, `slot`, `item`, `maxcount`, `incrtime`, `ExtendedCost`, `type`) values('465550','0','58125','0','0','3039','1');
insert into `npc_vendor` (`entry`, `slot`, `item`, `maxcount`, `incrtime`, `ExtendedCost`, `type`) values('465550','0','58126','0','0','3038','1');
insert into `npc_vendor` (`entry`, `slot`, `item`, `maxcount`, `incrtime`, `ExtendedCost`, `type`) values('465550','0','58127','0','0','3038','1');
insert into `npc_vendor` (`entry`, `slot`, `item`, `maxcount`, `incrtime`, `ExtendedCost`, `type`) values('465550','0','58128','0','0','3038','1');
insert into `npc_vendor` (`entry`, `slot`, `item`, `maxcount`, `incrtime`, `ExtendedCost`, `type`) values('465550','0','58129','0','0','3039','1');
insert into `npc_vendor` (`entry`, `slot`, `item`, `maxcount`, `incrtime`, `ExtendedCost`, `type`) values('465550','0','58130','0','0','3039','1');
insert into `npc_vendor` (`entry`, `slot`, `item`, `maxcount`, `incrtime`, `ExtendedCost`, `type`) values('465550','0','58131','0','0','3038','1');
insert into `npc_vendor` (`entry`, `slot`, `item`, `maxcount`, `incrtime`, `ExtendedCost`, `type`) values('465550','0','58132','0','0','3038','1');
insert into `npc_vendor` (`entry`, `slot`, `item`, `maxcount`, `incrtime`, `ExtendedCost`, `type`) values('465550','0','58133','0','0','3038','1');
insert into `npc_vendor` (`entry`, `slot`, `item`, `maxcount`, `incrtime`, `ExtendedCost`, `type`) values('465550','0','58134','0','0','3039','1');
insert into `npc_vendor` (`entry`, `slot`, `item`, `maxcount`, `incrtime`, `ExtendedCost`, `type`) values('465550','0','58138','0','0','3039','1');
insert into `npc_vendor` (`entry`, `slot`, `item`, `maxcount`, `incrtime`, `ExtendedCost`, `type`) values('465550','0','58139','0','0','3038','1');
insert into `npc_vendor` (`entry`, `slot`, `item`, `maxcount`, `incrtime`, `ExtendedCost`, `type`) values('465550','0','58140','0','0','3038','1');
insert into `npc_vendor` (`entry`, `slot`, `item`, `maxcount`, `incrtime`, `ExtendedCost`, `type`) values('465550','0','58150','0','0','3038','1');
insert into `npc_vendor` (`entry`, `slot`, `item`, `maxcount`, `incrtime`, `ExtendedCost`, `type`) values('465550','0','58151','0','0','3039','1');
insert into `npc_vendor` (`entry`, `slot`, `item`, `maxcount`, `incrtime`, `ExtendedCost`, `type`) values('465550','0','58152','0','0','3039','1');
insert into `npc_vendor` (`entry`, `slot`, `item`, `maxcount`, `incrtime`, `ExtendedCost`, `type`) values('465550','0','58153','0','0','3038','1');
insert into `npc_vendor` (`entry`, `slot`, `item`, `maxcount`, `incrtime`, `ExtendedCost`, `type`) values('465550','0','58154','0','0','3038','1');
insert into `npc_vendor` (`entry`, `slot`, `item`, `maxcount`, `incrtime`, `ExtendedCost`, `type`) values('465550','0','58155','0','0','3038','1');
insert into `npc_vendor` (`entry`, `slot`, `item`, `maxcount`, `incrtime`, `ExtendedCost`, `type`) values('465550','0','58157','0','0','3039','1');
insert into `npc_vendor` (`entry`, `slot`, `item`, `maxcount`, `incrtime`, `ExtendedCost`, `type`) values('465550','0','58158','0','0','3039','1');
insert into `npc_vendor` (`entry`, `slot`, `item`, `maxcount`, `incrtime`, `ExtendedCost`, `type`) values('465550','0','58159','0','0','3038','1');
insert into `npc_vendor` (`entry`, `slot`, `item`, `maxcount`, `incrtime`, `ExtendedCost`, `type`) values('465550','0','58160','0','0','3038','1');
insert into `npc_vendor` (`entry`, `slot`, `item`, `maxcount`, `incrtime`, `ExtendedCost`, `type`) values('465550','0','58161','0','0','3038','1');
insert into `npc_vendor` (`entry`, `slot`, `item`, `maxcount`, `incrtime`, `ExtendedCost`, `type`) values('465550','0','58162','0','0','3039','1');
insert into `npc_vendor` (`entry`, `slot`, `item`, `maxcount`, `incrtime`, `ExtendedCost`, `type`) values('465550','0','58163','0','0','3039','1');
insert into `npc_vendor` (`entry`, `slot`, `item`, `maxcount`, `incrtime`, `ExtendedCost`, `type`) values('465560','29','58180','0','0','3556','1');
insert into `npc_vendor` (`entry`, `slot`, `item`, `maxcount`, `incrtime`, `ExtendedCost`, `type`) values('465560','28','58181','0','0','3556','1');
insert into `npc_vendor` (`entry`, `slot`, `item`, `maxcount`, `incrtime`, `ExtendedCost`, `type`) values('465560','27','58182','0','0','3556','1');
insert into `npc_vendor` (`entry`, `slot`, `item`, `maxcount`, `incrtime`, `ExtendedCost`, `type`) values('465560','26','58183','0','0','3556','1');
insert into `npc_vendor` (`entry`, `slot`, `item`, `maxcount`, `incrtime`, `ExtendedCost`, `type`) values('465560','25','58184','0','0','3556','1');
insert into `npc_vendor` (`entry`, `slot`, `item`, `maxcount`, `incrtime`, `ExtendedCost`, `type`) values('465560','18','58185','0','0','3555','1');
insert into `npc_vendor` (`entry`, `slot`, `item`, `maxcount`, `incrtime`, `ExtendedCost`, `type`) values('465560','17','58187','0','0','3555','1');
insert into `npc_vendor` (`entry`, `slot`, `item`, `maxcount`, `incrtime`, `ExtendedCost`, `type`) values('465560','16','58188','0','0','3555','1');
insert into `npc_vendor` (`entry`, `slot`, `item`, `maxcount`, `incrtime`, `ExtendedCost`, `type`) values('465560','15','58189','0','0','3555','1');
insert into `npc_vendor` (`entry`, `slot`, `item`, `maxcount`, `incrtime`, `ExtendedCost`, `type`) values('465560','2','58190','0','0','3555','1');
insert into `npc_vendor` (`entry`, `slot`, `item`, `maxcount`, `incrtime`, `ExtendedCost`, `type`) values('465560','5','58191','0','0','3555','1');
insert into `npc_vendor` (`entry`, `slot`, `item`, `maxcount`, `incrtime`, `ExtendedCost`, `type`) values('465560','4','58192','0','0','3555','1');
insert into `npc_vendor` (`entry`, `slot`, `item`, `maxcount`, `incrtime`, `ExtendedCost`, `type`) values('465560','3','58193','0','0','3555','1');
insert into `npc_vendor` (`entry`, `slot`, `item`, `maxcount`, `incrtime`, `ExtendedCost`, `type`) values('465560','1','58194','0','0','3555','1');
insert into `npc_vendor` (`entry`, `slot`, `item`, `maxcount`, `incrtime`, `ExtendedCost`, `type`) values('465560','14','58195','0','0','3556','1');
insert into `npc_vendor` (`entry`, `slot`, `item`, `maxcount`, `incrtime`, `ExtendedCost`, `type`) values('465560','13','58197','0','0','3556','1');
insert into `npc_vendor` (`entry`, `slot`, `item`, `maxcount`, `incrtime`, `ExtendedCost`, `type`) values('465560','12','58198','0','0','3556','1');
insert into `npc_vendor` (`entry`, `slot`, `item`, `maxcount`, `incrtime`, `ExtendedCost`, `type`) values('465560','11','58199','0','0','3556','1');
insert into `npc_vendor` (`entry`, `slot`, `item`, `maxcount`, `incrtime`, `ExtendedCost`, `type`) values('465560','10','58481','0','0','3556','1');
insert into `npc_vendor` (`entry`, `slot`, `item`, `maxcount`, `incrtime`, `ExtendedCost`, `type`) values('465560','9','58482','0','0','3556','1');
insert into `npc_vendor` (`entry`, `slot`, `item`, `maxcount`, `incrtime`, `ExtendedCost`, `type`) values('465560','8','58484','0','0','3556','1');
insert into `npc_vendor` (`entry`, `slot`, `item`, `maxcount`, `incrtime`, `ExtendedCost`, `type`) values('465560','7','58485','0','0','3556','1');
insert into `npc_vendor` (`entry`, `slot`, `item`, `maxcount`, `incrtime`, `ExtendedCost`, `type`) values('465560','6','58486','0','0','3556','1');
insert into `npc_vendor` (`entry`, `slot`, `item`, `maxcount`, `incrtime`, `ExtendedCost`, `type`) values('465560','31','60243','0','0','3049','1');
insert into `npc_vendor` (`entry`, `slot`, `item`, `maxcount`, `incrtime`, `ExtendedCost`, `type`) values('465560','33','60244','0','0','3557','1');
insert into `npc_vendor` (`entry`, `slot`, `item`, `maxcount`, `incrtime`, `ExtendedCost`, `type`) values('465560','32','60245','0','0','3557','1');
insert into `npc_vendor` (`entry`, `slot`, `item`, `maxcount`, `incrtime`, `ExtendedCost`, `type`) values('465560','34','60246','0','0','3043','1');
insert into `npc_vendor` (`entry`, `slot`, `item`, `maxcount`, `incrtime`, `ExtendedCost`, `type`) values('465560','30','60247','0','0','3556','1');
insert into `npc_vendor` (`entry`, `slot`, `item`, `maxcount`, `incrtime`, `ExtendedCost`, `type`) values('465560','30','60248','0','0','3556','1');
insert into `npc_vendor` (`entry`, `slot`, `item`, `maxcount`, `incrtime`, `ExtendedCost`, `type`) values('465560','31','60249','0','0','3050','1');
insert into `npc_vendor` (`entry`, `slot`, `item`, `maxcount`, `incrtime`, `ExtendedCost`, `type`) values('465560','32','60250','0','0','3557','1');
insert into `npc_vendor` (`entry`, `slot`, `item`, `maxcount`, `incrtime`, `ExtendedCost`, `type`) values('465560','33','60251','0','0','3557','1');
insert into `npc_vendor` (`entry`, `slot`, `item`, `maxcount`, `incrtime`, `ExtendedCost`, `type`) values('465560','34','60252','0','0','3044','1');
insert into `npc_vendor` (`entry`, `slot`, `item`, `maxcount`, `incrtime`, `ExtendedCost`, `type`) values('465560','38','60253','0','0','3044','1');
insert into `npc_vendor` (`entry`, `slot`, `item`, `maxcount`, `incrtime`, `ExtendedCost`, `type`) values('465560','36','60254','0','0','3557','1');
insert into `npc_vendor` (`entry`, `slot`, `item`, `maxcount`, `incrtime`, `ExtendedCost`, `type`) values('465560','35','60255','0','0','3557','1');
insert into `npc_vendor` (`entry`, `slot`, `item`, `maxcount`, `incrtime`, `ExtendedCost`, `type`) values('465560','33','60256','0','0','3050','1');
insert into `npc_vendor` (`entry`, `slot`, `item`, `maxcount`, `incrtime`, `ExtendedCost`, `type`) values('465560','31','60257','0','0','3556','1');
insert into `npc_vendor` (`entry`, `slot`, `item`, `maxcount`, `incrtime`, `ExtendedCost`, `type`) values('465560','32','60258','0','0','3050','1');
insert into `npc_vendor` (`entry`, `slot`, `item`, `maxcount`, `incrtime`, `ExtendedCost`, `type`) values('465560','37','60259','0','0','3557','1');
insert into `npc_vendor` (`entry`, `slot`, `item`, `maxcount`, `incrtime`, `ExtendedCost`, `type`) values('465560','34','60261','0','0','3557','1');
insert into `npc_vendor` (`entry`, `slot`, `item`, `maxcount`, `incrtime`, `ExtendedCost`, `type`) values('465560','39','60262','0','0','3044','1');
insert into `npc_vendor` (`entry`, `slot`, `item`, `maxcount`, `incrtime`, `ExtendedCost`, `type`) values('465560','30','60275','0','0','3556','1');
insert into `npc_vendor` (`entry`, `slot`, `item`, `maxcount`, `incrtime`, `ExtendedCost`, `type`) values('465560','40','60276','0','0','3557','1');
insert into `npc_vendor` (`entry`, `slot`, `item`, `maxcount`, `incrtime`, `ExtendedCost`, `type`) values('465560','34','60277','0','0','3049','1');
insert into `npc_vendor` (`entry`, `slot`, `item`, `maxcount`, `incrtime`, `ExtendedCost`, `type`) values('465560','36','60278','0','0','3557','1');
insert into `npc_vendor` (`entry`, `slot`, `item`, `maxcount`, `incrtime`, `ExtendedCost`, `type`) values('465560','42','60279','0','0','3043','1');
insert into `npc_vendor` (`entry`, `slot`, `item`, `maxcount`, `incrtime`, `ExtendedCost`, `type`) values('465560','30','60280','0','0','3556','1');
insert into `npc_vendor` (`entry`, `slot`, `item`, `maxcount`, `incrtime`, `ExtendedCost`, `type`) values('465560','39','60281','0','0','3557','1');
insert into `npc_vendor` (`entry`, `slot`, `item`, `maxcount`, `incrtime`, `ExtendedCost`, `type`) values('465560','33','60282','0','0','3049','1');
insert into `npc_vendor` (`entry`, `slot`, `item`, `maxcount`, `incrtime`, `ExtendedCost`, `type`) values('465560','38','60283','0','0','3557','1');
insert into `npc_vendor` (`entry`, `slot`, `item`, `maxcount`, `incrtime`, `ExtendedCost`, `type`) values('465560','44','60284','0','0','3043','1');
insert into `npc_vendor` (`entry`, `slot`, `item`, `maxcount`, `incrtime`, `ExtendedCost`, `type`) values('465560','32','60285','0','0','3556','1');
insert into `npc_vendor` (`entry`, `slot`, `item`, `maxcount`, `incrtime`, `ExtendedCost`, `type`) values('465560','35','60286','0','0','3049','1');
insert into `npc_vendor` (`entry`, `slot`, `item`, `maxcount`, `incrtime`, `ExtendedCost`, `type`) values('465560','41','60287','0','0','3557','1');
insert into `npc_vendor` (`entry`, `slot`, `item`, `maxcount`, `incrtime`, `ExtendedCost`, `type`) values('465560','37','60288','0','0','3557','1');
insert into `npc_vendor` (`entry`, `slot`, `item`, `maxcount`, `incrtime`, `ExtendedCost`, `type`) values('465560','43','60289','0','0','3043','1');
insert into `npc_vendor` (`entry`, `slot`, `item`, `maxcount`, `incrtime`, `ExtendedCost`, `type`) values('465560','31','60290','0','0','3556','1');
insert into `npc_vendor` (`entry`, `slot`, `item`, `maxcount`, `incrtime`, `ExtendedCost`, `type`) values('465560','31','60298','0','0','3556','1');
insert into `npc_vendor` (`entry`, `slot`, `item`, `maxcount`, `incrtime`, `ExtendedCost`, `type`) values('465560','32','60299','0','0','3049','1');
insert into `npc_vendor` (`entry`, `slot`, `item`, `maxcount`, `incrtime`, `ExtendedCost`, `type`) values('465560','33','60300','0','0','3557','1');
insert into `npc_vendor` (`entry`, `slot`, `item`, `maxcount`, `incrtime`, `ExtendedCost`, `type`) values('465560','30','60301','0','0','3557','1');
insert into `npc_vendor` (`entry`, `slot`, `item`, `maxcount`, `incrtime`, `ExtendedCost`, `type`) values('465560','34','60302','0','0','3043','1');
insert into `npc_vendor` (`entry`, `slot`, `item`, `maxcount`, `incrtime`, `ExtendedCost`, `type`) values('465560','32','60303','0','0','3051','1');
insert into `npc_vendor` (`entry`, `slot`, `item`, `maxcount`, `incrtime`, `ExtendedCost`, `type`) values('465560','30','60304','0','0','3557','1');
insert into `npc_vendor` (`entry`, `slot`, `item`, `maxcount`, `incrtime`, `ExtendedCost`, `type`) values('465560','33','60305','0','0','3557','1');
insert into `npc_vendor` (`entry`, `slot`, `item`, `maxcount`, `incrtime`, `ExtendedCost`, `type`) values('465560','34','60306','0','0','3045','1');
insert into `npc_vendor` (`entry`, `slot`, `item`, `maxcount`, `incrtime`, `ExtendedCost`, `type`) values('465560','31','60307','0','0','3556','1');
insert into `npc_vendor` (`entry`, `slot`, `item`, `maxcount`, `incrtime`, `ExtendedCost`, `type`) values('465560','38','60308','0','0','3051','1');
insert into `npc_vendor` (`entry`, `slot`, `item`, `maxcount`, `incrtime`, `ExtendedCost`, `type`) values('465560','31','60309','0','0','3557','1');
insert into `npc_vendor` (`entry`, `slot`, `item`, `maxcount`, `incrtime`, `ExtendedCost`, `type`) values('465560','41','60310','0','0','3557','1');
insert into `npc_vendor` (`entry`, `slot`, `item`, `maxcount`, `incrtime`, `ExtendedCost`, `type`) values('465560','44','60311','0','0','3045','1');
insert into `npc_vendor` (`entry`, `slot`, `item`, `maxcount`, `incrtime`, `ExtendedCost`, `type`) values('465560','35','60312','0','0','3556','1');
insert into `npc_vendor` (`entry`, `slot`, `item`, `maxcount`, `incrtime`, `ExtendedCost`, `type`) values('465560','32','60313','0','0','3557','1');
insert into `npc_vendor` (`entry`, `slot`, `item`, `maxcount`, `incrtime`, `ExtendedCost`, `type`) values('465560','34','60314','0','0','3556','1');
insert into `npc_vendor` (`entry`, `slot`, `item`, `maxcount`, `incrtime`, `ExtendedCost`, `type`) values('465560','37','60315','0','0','3051','1');
insert into `npc_vendor` (`entry`, `slot`, `item`, `maxcount`, `incrtime`, `ExtendedCost`, `type`) values('465560','40','60316','0','0','3557','1');
insert into `npc_vendor` (`entry`, `slot`, `item`, `maxcount`, `incrtime`, `ExtendedCost`, `type`) values('465560','43','60317','0','0','3045','1');
insert into `npc_vendor` (`entry`, `slot`, `item`, `maxcount`, `incrtime`, `ExtendedCost`, `type`) values('465560','30','60318','0','0','3557','1');
insert into `npc_vendor` (`entry`, `slot`, `item`, `maxcount`, `incrtime`, `ExtendedCost`, `type`) values('465560','33','60319','0','0','3556','1');
insert into `npc_vendor` (`entry`, `slot`, `item`, `maxcount`, `incrtime`, `ExtendedCost`, `type`) values('465560','36','60320','0','0','3051','1');
insert into `npc_vendor` (`entry`, `slot`, `item`, `maxcount`, `incrtime`, `ExtendedCost`, `type`) values('465560','39','60321','0','0','3557','1');
insert into `npc_vendor` (`entry`, `slot`, `item`, `maxcount`, `incrtime`, `ExtendedCost`, `type`) values('465560','42','60322','0','0','3045','1');
insert into `npc_vendor` (`entry`, `slot`, `item`, `maxcount`, `incrtime`, `ExtendedCost`, `type`) values('465560','31','60323','0','0','3557','1');
insert into `npc_vendor` (`entry`, `slot`, `item`, `maxcount`, `incrtime`, `ExtendedCost`, `type`) values('465560','37','60324','0','0','3557','1');
insert into `npc_vendor` (`entry`, `slot`, `item`, `maxcount`, `incrtime`, `ExtendedCost`, `type`) values('465560','35','60325','0','0','3051','1');
insert into `npc_vendor` (`entry`, `slot`, `item`, `maxcount`, `incrtime`, `ExtendedCost`, `type`) values('465560','33','60326','0','0','3556','1');
insert into `npc_vendor` (`entry`, `slot`, `item`, `maxcount`, `incrtime`, `ExtendedCost`, `type`) values('465560','39','60327','0','0','3045','1');
insert into `npc_vendor` (`entry`, `slot`, `item`, `maxcount`, `incrtime`, `ExtendedCost`, `type`) values('465560','34','60328','0','0','3051','1');
insert into `npc_vendor` (`entry`, `slot`, `item`, `maxcount`, `incrtime`, `ExtendedCost`, `type`) values('465560','30','60329','0','0','3557','1');
insert into `npc_vendor` (`entry`, `slot`, `item`, `maxcount`, `incrtime`, `ExtendedCost`, `type`) values('465560','36','60330','0','0','3557','1');
insert into `npc_vendor` (`entry`, `slot`, `item`, `maxcount`, `incrtime`, `ExtendedCost`, `type`) values('465560','38','60331','0','0','3045','1');
insert into `npc_vendor` (`entry`, `slot`, `item`, `maxcount`, `incrtime`, `ExtendedCost`, `type`) values('465560','32','60332','0','0','3556','1');
insert into `npc_vendor` (`entry`, `slot`, `item`, `maxcount`, `incrtime`, `ExtendedCost`, `type`) values('465560','31','60339','0','0','3557','1');
insert into `npc_vendor` (`entry`, `slot`, `item`, `maxcount`, `incrtime`, `ExtendedCost`, `type`) values('465560','33','60340','0','0','3556','1');
insert into `npc_vendor` (`entry`, `slot`, `item`, `maxcount`, `incrtime`, `ExtendedCost`, `type`) values('465560','35','60341','0','0','3049','1');
insert into `npc_vendor` (`entry`, `slot`, `item`, `maxcount`, `incrtime`, `ExtendedCost`, `type`) values('465560','37','60342','0','0','3557','1');
insert into `npc_vendor` (`entry`, `slot`, `item`, `maxcount`, `incrtime`, `ExtendedCost`, `type`) values('465560','39','60343','0','0','3043','1');
insert into `npc_vendor` (`entry`, `slot`, `item`, `maxcount`, `incrtime`, `ExtendedCost`, `type`) values('465560','32','60344','0','0','3557','1');
insert into `npc_vendor` (`entry`, `slot`, `item`, `maxcount`, `incrtime`, `ExtendedCost`, `type`) values('465560','35','60345','0','0','3556','1');
insert into `npc_vendor` (`entry`, `slot`, `item`, `maxcount`, `incrtime`, `ExtendedCost`, `type`) values('465560','38','60346','0','0','3050','1');
insert into `npc_vendor` (`entry`, `slot`, `item`, `maxcount`, `incrtime`, `ExtendedCost`, `type`) values('465560','41','60347','0','0','3557','1');
insert into `npc_vendor` (`entry`, `slot`, `item`, `maxcount`, `incrtime`, `ExtendedCost`, `type`) values('465560','44','60348','0','0','3044','1');
insert into `npc_vendor` (`entry`, `slot`, `item`, `maxcount`, `incrtime`, `ExtendedCost`, `type`) values('465560','30','60349','0','0','3557','1');
insert into `npc_vendor` (`entry`, `slot`, `item`, `maxcount`, `incrtime`, `ExtendedCost`, `type`) values('465560','32','60350','0','0','3556','1');
insert into `npc_vendor` (`entry`, `slot`, `item`, `maxcount`, `incrtime`, `ExtendedCost`, `type`) values('465560','34','60351','0','0','3049','1');
insert into `npc_vendor` (`entry`, `slot`, `item`, `maxcount`, `incrtime`, `ExtendedCost`, `type`) values('465560','36','60352','0','0','3557','1');
insert into `npc_vendor` (`entry`, `slot`, `item`, `maxcount`, `incrtime`, `ExtendedCost`, `type`) values('465560','38','60353','0','0','3043','1');
insert into `npc_vendor` (`entry`, `slot`, `item`, `maxcount`, `incrtime`, `ExtendedCost`, `type`) values('465560','31','60354','0','0','3557','1');
insert into `npc_vendor` (`entry`, `slot`, `item`, `maxcount`, `incrtime`, `ExtendedCost`, `type`) values('465560','34','60355','0','0','3556','1');
insert into `npc_vendor` (`entry`, `slot`, `item`, `maxcount`, `incrtime`, `ExtendedCost`, `type`) values('465560','37','60356','0','0','3050','1');
insert into `npc_vendor` (`entry`, `slot`, `item`, `maxcount`, `incrtime`, `ExtendedCost`, `type`) values('465560','40','60357','0','0','3557','1');
insert into `npc_vendor` (`entry`, `slot`, `item`, `maxcount`, `incrtime`, `ExtendedCost`, `type`) values('465560','43','60358','0','0','3044','1');
insert into `npc_vendor` (`entry`, `slot`, `item`, `maxcount`, `incrtime`, `ExtendedCost`, `type`) values('465560','36','60359','0','0','3050','1');
insert into `npc_vendor` (`entry`, `slot`, `item`, `maxcount`, `incrtime`, `ExtendedCost`, `type`) values('465560','30','60360','0','0','3557','1');
insert into `npc_vendor` (`entry`, `slot`, `item`, `maxcount`, `incrtime`, `ExtendedCost`, `type`) values('465560','39','60361','0','0','3557','1');
insert into `npc_vendor` (`entry`, `slot`, `item`, `maxcount`, `incrtime`, `ExtendedCost`, `type`) values('465560','42','60362','0','0','3044','1');
insert into `npc_vendor` (`entry`, `slot`, `item`, `maxcount`, `incrtime`, `ExtendedCost`, `type`) values('465560','33','60363','0','0','3556','1');
insert into `npc_vendor` (`entry`, `slot`, `item`, `maxcount`, `incrtime`, `ExtendedCost`, `type`) values('465560','24','64671','0','0','3553','1');
insert into `npc_vendor` (`entry`, `slot`, `item`, `maxcount`, `incrtime`, `ExtendedCost`, `type`) values('465560','23','64672','0','0','3553','1');
insert into `npc_vendor` (`entry`, `slot`, `item`, `maxcount`, `incrtime`, `ExtendedCost`, `type`) values('465560','22','64673','0','0','3553','1');
insert into `npc_vendor` (`entry`, `slot`, `item`, `maxcount`, `incrtime`, `ExtendedCost`, `type`) values('465560','21','64674','0','0','3553','1');
insert into `npc_vendor` (`entry`, `slot`, `item`, `maxcount`, `incrtime`, `ExtendedCost`, `type`) values('465560','20','64676','0','0','3553','1');
insert into `npc_vendor` (`entry`, `slot`, `item`, `maxcount`, `incrtime`, `ExtendedCost`, `type`) values('465560','48','65000','0','0','3329','1');
insert into `npc_vendor` (`entry`, `slot`, `item`, `maxcount`, `incrtime`, `ExtendedCost`, `type`) values('465560','48','65001','0','0','3329','1');
insert into `npc_vendor` (`entry`, `slot`, `item`, `maxcount`, `incrtime`, `ExtendedCost`, `type`) values('465560','48','65002','0','0','3329','1');
insert into `npc_vendor` (`entry`, `slot`, `item`, `maxcount`, `incrtime`, `ExtendedCost`, `type`) values('465560','46','65087','0','0','3329','1');
insert into `npc_vendor` (`entry`, `slot`, `item`, `maxcount`, `incrtime`, `ExtendedCost`, `type`) values('465560','46','65088','0','0','3329','1');
insert into `npc_vendor` (`entry`, `slot`, `item`, `maxcount`, `incrtime`, `ExtendedCost`, `type`) values('465560','46','65089','0','0','3329','1');
insert into `npc_vendor` (`entry`, `slot`, `item`, `maxcount`, `incrtime`, `ExtendedCost`, `type`) values('465560','50','65179','0','0','3085','1');
insert into `npc_vendor` (`entry`, `slot`, `item`, `maxcount`, `incrtime`, `ExtendedCost`, `type`) values('465560','51','65180','0','0','3145','1');
insert into `npc_vendor` (`entry`, `slot`, `item`, `maxcount`, `incrtime`, `ExtendedCost`, `type`) values('465560','52','65181','0','0','3054','1');
insert into `npc_vendor` (`entry`, `slot`, `item`, `maxcount`, `incrtime`, `ExtendedCost`, `type`) values('465560','53','65182','0','0','3113','1');
insert into `npc_vendor` (`entry`, `slot`, `item`, `maxcount`, `incrtime`, `ExtendedCost`, `type`) values('465560','54','65183','0','0','3046','1');
insert into `npc_vendor` (`entry`, `slot`, `item`, `maxcount`, `incrtime`, `ExtendedCost`, `type`) values('465560','55','65184','0','0','3084','1');
insert into `npc_vendor` (`entry`, `slot`, `item`, `maxcount`, `incrtime`, `ExtendedCost`, `type`) values('465560','56','65185','0','0','3146','1');
insert into `npc_vendor` (`entry`, `slot`, `item`, `maxcount`, `incrtime`, `ExtendedCost`, `type`) values('465560','57','65186','0','0','3054','1');
insert into `npc_vendor` (`entry`, `slot`, `item`, `maxcount`, `incrtime`, `ExtendedCost`, `type`) values('465560','58','65187','0','0','3112','1');
insert into `npc_vendor` (`entry`, `slot`, `item`, `maxcount`, `incrtime`, `ExtendedCost`, `type`) values('465560','59','65188','0','0','3046','1');
insert into `npc_vendor` (`entry`, `slot`, `item`, `maxcount`, `incrtime`, `ExtendedCost`, `type`) values('465560','50','65189','0','0','3147','1');
insert into `npc_vendor` (`entry`, `slot`, `item`, `maxcount`, `incrtime`, `ExtendedCost`, `type`) values('465560','51','65190','0','0','3054','1');
insert into `npc_vendor` (`entry`, `slot`, `item`, `maxcount`, `incrtime`, `ExtendedCost`, `type`) values('465560','52','65191','0','0','3111','1');
insert into `npc_vendor` (`entry`, `slot`, `item`, `maxcount`, `incrtime`, `ExtendedCost`, `type`) values('465560','53','65192','0','0','3093','1');
insert into `npc_vendor` (`entry`, `slot`, `item`, `maxcount`, `incrtime`, `ExtendedCost`, `type`) values('465560','54','65193','0','0','3046','1');
insert into `npc_vendor` (`entry`, `slot`, `item`, `maxcount`, `incrtime`, `ExtendedCost`, `type`) values('465560','55','65194','0','0','3148','1');
insert into `npc_vendor` (`entry`, `slot`, `item`, `maxcount`, `incrtime`, `ExtendedCost`, `type`) values('465560','56','65195','0','0','3054','1');
insert into `npc_vendor` (`entry`, `slot`, `item`, `maxcount`, `incrtime`, `ExtendedCost`, `type`) values('465560','57','65196','0','0','3110','1');
insert into `npc_vendor` (`entry`, `slot`, `item`, `maxcount`, `incrtime`, `ExtendedCost`, `type`) values('465560','58','65197','0','0','3092','1');
insert into `npc_vendor` (`entry`, `slot`, `item`, `maxcount`, `incrtime`, `ExtendedCost`, `type`) values('465560','59','65198','0','0','3046','1');
insert into `npc_vendor` (`entry`, `slot`, `item`, `maxcount`, `incrtime`, `ExtendedCost`, `type`) values('465560','60','65199','0','0','3149','1');
insert into `npc_vendor` (`entry`, `slot`, `item`, `maxcount`, `incrtime`, `ExtendedCost`, `type`) values('465560','61','65200','0','0','3054','1');
insert into `npc_vendor` (`entry`, `slot`, `item`, `maxcount`, `incrtime`, `ExtendedCost`, `type`) values('465560','62','65201','0','0','3109','1');
insert into `npc_vendor` (`entry`, `slot`, `item`, `maxcount`, `incrtime`, `ExtendedCost`, `type`) values('465560','63','65202','0','0','3091','1');
insert into `npc_vendor` (`entry`, `slot`, `item`, `maxcount`, `incrtime`, `ExtendedCost`, `type`) values('465560','64','65203','0','0','3046','1');
insert into `npc_vendor` (`entry`, `slot`, `item`, `maxcount`, `incrtime`, `ExtendedCost`, `type`) values('465560','50','65204','0','0','3083','1');
insert into `npc_vendor` (`entry`, `slot`, `item`, `maxcount`, `incrtime`, `ExtendedCost`, `type`) values('465560','51','65205','0','0','3150','1');
insert into `npc_vendor` (`entry`, `slot`, `item`, `maxcount`, `incrtime`, `ExtendedCost`, `type`) values('465560','52','65206','0','0','3056','1');
insert into `npc_vendor` (`entry`, `slot`, `item`, `maxcount`, `incrtime`, `ExtendedCost`, `type`) values('465560','53','65207','0','0','3108','1');
insert into `npc_vendor` (`entry`, `slot`, `item`, `maxcount`, `incrtime`, `ExtendedCost`, `type`) values('465560','54','65208','0','0','3048','1');
insert into `npc_vendor` (`entry`, `slot`, `item`, `maxcount`, `incrtime`, `ExtendedCost`, `type`) values('465560','46','65209','0','0','3151','1');
insert into `npc_vendor` (`entry`, `slot`, `item`, `maxcount`, `incrtime`, `ExtendedCost`, `type`) values('465560','47','65210','0','0','3054','1');
insert into `npc_vendor` (`entry`, `slot`, `item`, `maxcount`, `incrtime`, `ExtendedCost`, `type`) values('465560','48','65211','0','0','3107','1');
insert into `npc_vendor` (`entry`, `slot`, `item`, `maxcount`, `incrtime`, `ExtendedCost`, `type`) values('465560','49','65212','0','0','3090','1');
insert into `npc_vendor` (`entry`, `slot`, `item`, `maxcount`, `incrtime`, `ExtendedCost`, `type`) values('465560','50','65213','0','0','3046','1');
insert into `npc_vendor` (`entry`, `slot`, `item`, `maxcount`, `incrtime`, `ExtendedCost`, `type`) values('465560','50','65214','0','0','3082','1');
insert into `npc_vendor` (`entry`, `slot`, `item`, `maxcount`, `incrtime`, `ExtendedCost`, `type`) values('465560','51','65215','0','0','3152','1');
insert into `npc_vendor` (`entry`, `slot`, `item`, `maxcount`, `incrtime`, `ExtendedCost`, `type`) values('465560','52','65216','0','0','3055','1');
insert into `npc_vendor` (`entry`, `slot`, `item`, `maxcount`, `incrtime`, `ExtendedCost`, `type`) values('465560','53','65217','0','0','3106','1');
insert into `npc_vendor` (`entry`, `slot`, `item`, `maxcount`, `incrtime`, `ExtendedCost`, `type`) values('465560','54','65218','0','0','3047','1');
insert into `npc_vendor` (`entry`, `slot`, `item`, `maxcount`, `incrtime`, `ExtendedCost`, `type`) values('465560','55','65219','0','0','3081','1');
insert into `npc_vendor` (`entry`, `slot`, `item`, `maxcount`, `incrtime`, `ExtendedCost`, `type`) values('465560','56','65220','0','0','3153','1');
insert into `npc_vendor` (`entry`, `slot`, `item`, `maxcount`, `incrtime`, `ExtendedCost`, `type`) values('465560','57','65221','0','0','3055','1');
insert into `npc_vendor` (`entry`, `slot`, `item`, `maxcount`, `incrtime`, `ExtendedCost`, `type`) values('465560','58','65222','0','0','3105','1');
insert into `npc_vendor` (`entry`, `slot`, `item`, `maxcount`, `incrtime`, `ExtendedCost`, `type`) values('465560','59','65223','0','0','3047','1');
insert into `npc_vendor` (`entry`, `slot`, `item`, `maxcount`, `incrtime`, `ExtendedCost`, `type`) values('465560','60','65224','0','0','3080','1');
insert into `npc_vendor` (`entry`, `slot`, `item`, `maxcount`, `incrtime`, `ExtendedCost`, `type`) values('465560','61','65225','0','0','3154','1');
insert into `npc_vendor` (`entry`, `slot`, `item`, `maxcount`, `incrtime`, `ExtendedCost`, `type`) values('465560','62','65226','0','0','3055','1');
insert into `npc_vendor` (`entry`, `slot`, `item`, `maxcount`, `incrtime`, `ExtendedCost`, `type`) values('465560','63','65227','0','0','3104','1');
insert into `npc_vendor` (`entry`, `slot`, `item`, `maxcount`, `incrtime`, `ExtendedCost`, `type`) values('465560','64','65228','0','0','3047','1');
insert into `npc_vendor` (`entry`, `slot`, `item`, `maxcount`, `incrtime`, `ExtendedCost`, `type`) values('465560','50','65229','0','0','3155','1');
insert into `npc_vendor` (`entry`, `slot`, `item`, `maxcount`, `incrtime`, `ExtendedCost`, `type`) values('465560','51','65230','0','0','3055','1');
insert into `npc_vendor` (`entry`, `slot`, `item`, `maxcount`, `incrtime`, `ExtendedCost`, `type`) values('465560','52','65231','0','0','3103','1');
insert into `npc_vendor` (`entry`, `slot`, `item`, `maxcount`, `incrtime`, `ExtendedCost`, `type`) values('465560','53','65232','0','0','3089','1');
insert into `npc_vendor` (`entry`, `slot`, `item`, `maxcount`, `incrtime`, `ExtendedCost`, `type`) values('465560','54','65233','0','0','3047','1');
insert into `npc_vendor` (`entry`, `slot`, `item`, `maxcount`, `incrtime`, `ExtendedCost`, `type`) values('465560','55','65234','0','0','3156','1');
insert into `npc_vendor` (`entry`, `slot`, `item`, `maxcount`, `incrtime`, `ExtendedCost`, `type`) values('465560','56','65235','0','0','3055','1');
insert into `npc_vendor` (`entry`, `slot`, `item`, `maxcount`, `incrtime`, `ExtendedCost`, `type`) values('465560','57','65236','0','0','3102','1');
insert into `npc_vendor` (`entry`, `slot`, `item`, `maxcount`, `incrtime`, `ExtendedCost`, `type`) values('465560','58','65237','0','0','3088','1');
insert into `npc_vendor` (`entry`, `slot`, `item`, `maxcount`, `incrtime`, `ExtendedCost`, `type`) values('465560','59','65238','0','0','3047','1');
insert into `npc_vendor` (`entry`, `slot`, `item`, `maxcount`, `incrtime`, `ExtendedCost`, `type`) values('465560','41','65239','0','0','3079','1');
insert into `npc_vendor` (`entry`, `slot`, `item`, `maxcount`, `incrtime`, `ExtendedCost`, `type`) values('465560','42','65240','0','0','3157','1');
insert into `npc_vendor` (`entry`, `slot`, `item`, `maxcount`, `incrtime`, `ExtendedCost`, `type`) values('465560','43','65241','0','0','3054','1');
insert into `npc_vendor` (`entry`, `slot`, `item`, `maxcount`, `incrtime`, `ExtendedCost`, `type`) values('465560','44','65242','0','0','3101','1');
insert into `npc_vendor` (`entry`, `slot`, `item`, `maxcount`, `incrtime`, `ExtendedCost`, `type`) values('465560','45','65243','0','0','3046','1');
insert into `npc_vendor` (`entry`, `slot`, `item`, `maxcount`, `incrtime`, `ExtendedCost`, `type`) values('465560','50','65244','0','0','3078','1');
insert into `npc_vendor` (`entry`, `slot`, `item`, `maxcount`, `incrtime`, `ExtendedCost`, `type`) values('465560','51','65245','0','0','3158','1');
insert into `npc_vendor` (`entry`, `slot`, `item`, `maxcount`, `incrtime`, `ExtendedCost`, `type`) values('465560','52','65246','0','0','3056','1');
insert into `npc_vendor` (`entry`, `slot`, `item`, `maxcount`, `incrtime`, `ExtendedCost`, `type`) values('465560','53','65247','0','0','3100','1');
insert into `npc_vendor` (`entry`, `slot`, `item`, `maxcount`, `incrtime`, `ExtendedCost`, `type`) values('465560','54','65248','0','0','3048','1');
insert into `npc_vendor` (`entry`, `slot`, `item`, `maxcount`, `incrtime`, `ExtendedCost`, `type`) values('465560','55','65249','0','0','3077','1');
insert into `npc_vendor` (`entry`, `slot`, `item`, `maxcount`, `incrtime`, `ExtendedCost`, `type`) values('465560','56','65250','0','0','3159','1');
insert into `npc_vendor` (`entry`, `slot`, `item`, `maxcount`, `incrtime`, `ExtendedCost`, `type`) values('465560','57','65251','0','0','3056','1');
insert into `npc_vendor` (`entry`, `slot`, `item`, `maxcount`, `incrtime`, `ExtendedCost`, `type`) values('465560','58','65252','0','0','3099','1');
insert into `npc_vendor` (`entry`, `slot`, `item`, `maxcount`, `incrtime`, `ExtendedCost`, `type`) values('465560','59','65253','0','0','3048','1');
insert into `npc_vendor` (`entry`, `slot`, `item`, `maxcount`, `incrtime`, `ExtendedCost`, `type`) values('465560','60','65254','0','0','3076','1');
insert into `npc_vendor` (`entry`, `slot`, `item`, `maxcount`, `incrtime`, `ExtendedCost`, `type`) values('465560','61','65255','0','0','3144','1');
insert into `npc_vendor` (`entry`, `slot`, `item`, `maxcount`, `incrtime`, `ExtendedCost`, `type`) values('465560','62','65256','0','0','3056','1');
insert into `npc_vendor` (`entry`, `slot`, `item`, `maxcount`, `incrtime`, `ExtendedCost`, `type`) values('465560','63','65257','0','0','3098','1');
insert into `npc_vendor` (`entry`, `slot`, `item`, `maxcount`, `incrtime`, `ExtendedCost`, `type`) values('465560','64','65258','0','0','3048','1');
insert into `npc_vendor` (`entry`, `slot`, `item`, `maxcount`, `incrtime`, `ExtendedCost`, `type`) values('465560','50','65259','0','0','3143','1');
insert into `npc_vendor` (`entry`, `slot`, `item`, `maxcount`, `incrtime`, `ExtendedCost`, `type`) values('465560','51','65260','0','0','3055','1');
insert into `npc_vendor` (`entry`, `slot`, `item`, `maxcount`, `incrtime`, `ExtendedCost`, `type`) values('465560','52','65261','0','0','3116','1');
insert into `npc_vendor` (`entry`, `slot`, `item`, `maxcount`, `incrtime`, `ExtendedCost`, `type`) values('465560','53','65262','0','0','3094','1');
insert into `npc_vendor` (`entry`, `slot`, `item`, `maxcount`, `incrtime`, `ExtendedCost`, `type`) values('465560','54','65263','0','0','3047','1');
insert into `npc_vendor` (`entry`, `slot`, `item`, `maxcount`, `incrtime`, `ExtendedCost`, `type`) values('465560','45','65264','0','0','3087','1');
insert into `npc_vendor` (`entry`, `slot`, `item`, `maxcount`, `incrtime`, `ExtendedCost`, `type`) values('465560','46','65265','0','0','3160','1');
insert into `npc_vendor` (`entry`, `slot`, `item`, `maxcount`, `incrtime`, `ExtendedCost`, `type`) values('465560','47','65266','0','0','3056','1');
insert into `npc_vendor` (`entry`, `slot`, `item`, `maxcount`, `incrtime`, `ExtendedCost`, `type`) values('465560','48','65267','0','0','3115','1');
insert into `npc_vendor` (`entry`, `slot`, `item`, `maxcount`, `incrtime`, `ExtendedCost`, `type`) values('465560','49','65268','0','0','3048','1');
insert into `npc_vendor` (`entry`, `slot`, `item`, `maxcount`, `incrtime`, `ExtendedCost`, `type`) values('465560','50','65269','0','0','3086','1');
insert into `npc_vendor` (`entry`, `slot`, `item`, `maxcount`, `incrtime`, `ExtendedCost`, `type`) values('465560','51','65270','0','0','3161','1');
insert into `npc_vendor` (`entry`, `slot`, `item`, `maxcount`, `incrtime`, `ExtendedCost`, `type`) values('465560','52','65271','0','0','3056','1');
insert into `npc_vendor` (`entry`, `slot`, `item`, `maxcount`, `incrtime`, `ExtendedCost`, `type`) values('465560','53','65272','0','0','3114','1');
insert into `npc_vendor` (`entry`, `slot`, `item`, `maxcount`, `incrtime`, `ExtendedCost`, `type`) values('465560','54','65273','0','0','3048','1');
insert into `npc_vendor` (`entry`, `slot`, `item`, `maxcount`, `incrtime`, `ExtendedCost`, `type`) values('465560','45','67423','0','0','3329','1');
insert into `npc_vendor` (`entry`, `slot`, `item`, `maxcount`, `incrtime`, `ExtendedCost`, `type`) values('465560','45','67424','0','0','3329','1');
insert into `npc_vendor` (`entry`, `slot`, `item`, `maxcount`, `incrtime`, `ExtendedCost`, `type`) values('465560','45','67425','0','0','3329','1');
insert into `npc_vendor` (`entry`, `slot`, `item`, `maxcount`, `incrtime`, `ExtendedCost`, `type`) values('465560','48','67426','0','0','3329','1');
insert into `npc_vendor` (`entry`, `slot`, `item`, `maxcount`, `incrtime`, `ExtendedCost`, `type`) values('465560','49','67427','0','0','3329','1');
insert into `npc_vendor` (`entry`, `slot`, `item`, `maxcount`, `incrtime`, `ExtendedCost`, `type`) values('465560','49','67428','0','0','3329','1');
insert into `npc_vendor` (`entry`, `slot`, `item`, `maxcount`, `incrtime`, `ExtendedCost`, `type`) values('465560','47','67429','0','0','3329','1');
insert into `npc_vendor` (`entry`, `slot`, `item`, `maxcount`, `incrtime`, `ExtendedCost`, `type`) values('465560','47','67430','0','0','3329','1');
insert into `npc_vendor` (`entry`, `slot`, `item`, `maxcount`, `incrtime`, `ExtendedCost`, `type`) values('465560','47','67431','0','0','3329','1');
insert into `npc_vendor` (`entry`, `slot`, `item`, `maxcount`, `incrtime`, `ExtendedCost`, `type`) values('465560','19','68812','0','0','3555','1');
