INSERT INTO `creature_involvedrelation`(`id`,`quest`) VALUES (500085, 1100016);
INSERT INTO `creature_involvedrelation`(`id`,`quest`) VALUES (500085, 1100017);
INSERT INTO `creature_involvedrelation`(`id`,`quest`) VALUES (500085, 1100018);
INSERT INTO `creature_involvedrelation`(`id`,`quest`) VALUES (500085, 1100019);
INSERT INTO `creature_involvedrelation`(`id`,`quest`) VALUES (500085, 1100020);
INSERT INTO `creature_questrelation`(`id`,`quest`) VALUES (500085, 1100016);
INSERT INTO `creature_questrelation`(`id`,`quest`) VALUES (500085, 1100017);
INSERT INTO `creature_questrelation`(`id`,`quest`) VALUES (500085, 1100018);
INSERT INTO `creature_questrelation`(`id`,`quest`) VALUES (500085, 1100019);
INSERT INTO `creature_questrelation`(`id`,`quest`) VALUES (500085, 1100020);
REPLACE INTO `quest_template` (`Id`, `Method`, `Level`, `MinLevel`, `MaxLevel`, `ZoneOrSort`, `Type`, `SuggestedPlayers`, `LimitTime`, `RequiredClasses`, `RequiredRaces`, `RequiredSkillId`, `RequiredSkillPoints`, `RequiredFactionId1`, `RequiredFactionId2`, `RequiredFactionValue1`, `RequiredFactionValue2`, `RequiredMinRepFaction`, `RequiredMaxRepFaction`, `RequiredMinRepValue`, `RequiredMaxRepValue`, `PrevQuestId`, `NextQuestId`, `ExclusiveGroup`, `NextQuestIdChain`, `RewardXPId`, `RewardOrRequiredMoney`, `RewardMoneyMaxLevel`, `RewardSpell`, `RewardSpellCast`, `RewardHonor`, `RewardHonorMultiplier`, `RewardMailTemplateId`, `RewardMailDelay`, `SourceItemId`, `SourceItemCount`, `SourceSpellId`, `Flags`, `SpecialFlags`, `MinimapTargetMark`, `RewardTitleId`, `RequiredPlayerKills`, `RewardTalents`, `RewardArenaPoints`, `RewardSkillId`, `RewardSkillPoints`, `RewardReputationMask`, `QuestGiverPortrait`, `QuestTurnInPortrait`, `RewardItemId1`, `RewardItemId2`, `RewardItemId3`, `RewardItemId4`, `RewardItemCount1`, `RewardItemCount2`, `RewardItemCount3`, `RewardItemCount4`, `RewardChoiceItemId1`, `RewardChoiceItemId2`, `RewardChoiceItemId3`, `RewardChoiceItemId4`, `RewardChoiceItemId5`, `RewardChoiceItemId6`, `RewardChoiceItemCount1`, `RewardChoiceItemCount2`, `RewardChoiceItemCount3`, `RewardChoiceItemCount4`, `RewardChoiceItemCount5`, `RewardChoiceItemCount6`, `RewardFactionId1`, `RewardFactionId2`, `RewardFactionId3`, `RewardFactionId4`, `RewardFactionId5`, `RewardFactionValueId1`, `RewardFactionValueId2`, `RewardFactionValueId3`, `RewardFactionValueId4`, `RewardFactionValueId5`, `RewardFactionValueIdOverride1`, `RewardFactionValueIdOverride2`, `RewardFactionValueIdOverride3`, `RewardFactionValueIdOverride4`, `RewardFactionValueIdOverride5`, `PointMapId`, `PointX`, `PointY`, `PointOption`, `Title`, `Objectives`, `Details`, `EndText`, `OfferRewardText`, `RequestItemsText`, `CompletedText`, `RequiredNpcOrGo1`, `RequiredNpcOrGo2`, `RequiredNpcOrGo3`, `RequiredNpcOrGo4`, `RequiredNpcOrGoCount1`, `RequiredNpcOrGoCount2`, `RequiredNpcOrGoCount3`, `RequiredNpcOrGoCount4`, `RequiredSourceItemId1`, `RequiredSourceItemId2`, `RequiredSourceItemId3`, `RequiredSourceItemId4`, `RequiredSourceItemCount1`, `RequiredSourceItemCount2`, `RequiredSourceItemCount3`, `RequiredSourceItemCount4`, `RequiredItemId1`, `RequiredItemId2`, `RequiredItemId3`, `RequiredItemId4`, `RequiredItemId5`, `RequiredItemId6`, `RequiredItemCount1`, `RequiredItemCount2`, `RequiredItemCount3`, `RequiredItemCount4`, `RequiredItemCount5`, `RequiredItemCount6`, `RequiredSpell`, `RequiredSpellCast1`, `RequiredSpellCast2`, `RequiredSpellCast3`, `RequiredSpellCast4`, `ObjectiveText1`, `ObjectiveText2`, `ObjectiveText3`, `ObjectiveText4`, `RewardCurrencyId1`, `RewardCurrencyId2`, `RewardCurrencyId3`, `RewardCurrencyId4`, `RewardCurrencyCount1`, `RewardCurrencyCount2`, `RewardCurrencyCount3`, `RewardCurrencyCount4`, `RequiredCurrencyId1`, `RequiredCurrencyId2`, `RequiredCurrencyId3`, `RequiredCurrencyId4`, `RequiredCurrencyCount1`, `RequiredCurrencyCount2`, `RequiredCurrencyCount3`, `RequiredCurrencyCount4`, `QuestGiverTextWindow`, `QuestGiverTargetName`, `QuestTurnTextWindow`, `QuestTurnTargetName`, `SoundAccept`, `SoundTurnIn`, `DetailsEmote1`, `DetailsEmote2`, `DetailsEmote3`, `DetailsEmote4`, `DetailsEmoteDelay1`, `DetailsEmoteDelay2`, `DetailsEmoteDelay3`, `DetailsEmoteDelay4`, `EmoteOnIncomplete`, `EmoteOnComplete`, `OfferRewardEmote1`, `OfferRewardEmote2`, `OfferRewardEmote3`, `OfferRewardEmote4`, `OfferRewardEmoteDelay1`, `OfferRewardEmoteDelay2`, `OfferRewardEmoteDelay3`, `OfferRewardEmoteDelay4`, `WDBVerified`) VALUES('1100016','2','85','85','0','0','81','10','0','0','0','0','0','0','0','0','0','0','0','0','0','0','0','0','0','0','282000','832800','0','0','0','1','0','0','0','0','0','32832','0','0','0','0','0','0','0','0','0','0','0','0','0','0','0','0','0','0','0','0','0','0','0','0','0','0','0','0','0','0','0','0','0','0','0','0','0','0','0','0','0','0','0','0','0','0','0','0','0','0','Desactivar las defensas','Desactiva el sistema de defensa Omnitron','Las defensas de la guarida de Alanegra deben caer, nos estan impidiendo el paso. Acaba con Magmatron y sus ensamblajes.','','Bien hecho camarada','','','42178','0','0','0','1','0','0','0','0','0','0','0','0','0','0','0','0','0','0','0','0','0','0','0','0','0','0','0','0','0','0','0','0','Sistemas de Defensa Omnitron','','','','396','395','0','0','125','125','0','0','0','0','0','0','0','0','0','0',NULL,NULL,NULL,NULL,'890','878','0','0','0','0','0','0','0','0','6','5','4','0','0','0','0','0','0','0','1');
REPLACE INTO `quest_template` (`Id`, `Method`, `Level`, `MinLevel`, `MaxLevel`, `ZoneOrSort`, `Type`, `SuggestedPlayers`, `LimitTime`, `RequiredClasses`, `RequiredRaces`, `RequiredSkillId`, `RequiredSkillPoints`, `RequiredFactionId1`, `RequiredFactionId2`, `RequiredFactionValue1`, `RequiredFactionValue2`, `RequiredMinRepFaction`, `RequiredMaxRepFaction`, `RequiredMinRepValue`, `RequiredMaxRepValue`, `PrevQuestId`, `NextQuestId`, `ExclusiveGroup`, `NextQuestIdChain`, `RewardXPId`, `RewardOrRequiredMoney`, `RewardMoneyMaxLevel`, `RewardSpell`, `RewardSpellCast`, `RewardHonor`, `RewardHonorMultiplier`, `RewardMailTemplateId`, `RewardMailDelay`, `SourceItemId`, `SourceItemCount`, `SourceSpellId`, `Flags`, `SpecialFlags`, `MinimapTargetMark`, `RewardTitleId`, `RequiredPlayerKills`, `RewardTalents`, `RewardArenaPoints`, `RewardSkillId`, `RewardSkillPoints`, `RewardReputationMask`, `QuestGiverPortrait`, `QuestTurnInPortrait`, `RewardItemId1`, `RewardItemId2`, `RewardItemId3`, `RewardItemId4`, `RewardItemCount1`, `RewardItemCount2`, `RewardItemCount3`, `RewardItemCount4`, `RewardChoiceItemId1`, `RewardChoiceItemId2`, `RewardChoiceItemId3`, `RewardChoiceItemId4`, `RewardChoiceItemId5`, `RewardChoiceItemId6`, `RewardChoiceItemCount1`, `RewardChoiceItemCount2`, `RewardChoiceItemCount3`, `RewardChoiceItemCount4`, `RewardChoiceItemCount5`, `RewardChoiceItemCount6`, `RewardFactionId1`, `RewardFactionId2`, `RewardFactionId3`, `RewardFactionId4`, `RewardFactionId5`, `RewardFactionValueId1`, `RewardFactionValueId2`, `RewardFactionValueId3`, `RewardFactionValueId4`, `RewardFactionValueId5`, `RewardFactionValueIdOverride1`, `RewardFactionValueIdOverride2`, `RewardFactionValueIdOverride3`, `RewardFactionValueIdOverride4`, `RewardFactionValueIdOverride5`, `PointMapId`, `PointX`, `PointY`, `PointOption`, `Title`, `Objectives`, `Details`, `EndText`, `OfferRewardText`, `RequestItemsText`, `CompletedText`, `RequiredNpcOrGo1`, `RequiredNpcOrGo2`, `RequiredNpcOrGo3`, `RequiredNpcOrGo4`, `RequiredNpcOrGoCount1`, `RequiredNpcOrGoCount2`, `RequiredNpcOrGoCount3`, `RequiredNpcOrGoCount4`, `RequiredSourceItemId1`, `RequiredSourceItemId2`, `RequiredSourceItemId3`, `RequiredSourceItemId4`, `RequiredSourceItemCount1`, `RequiredSourceItemCount2`, `RequiredSourceItemCount3`, `RequiredSourceItemCount4`, `RequiredItemId1`, `RequiredItemId2`, `RequiredItemId3`, `RequiredItemId4`, `RequiredItemId5`, `RequiredItemId6`, `RequiredItemCount1`, `RequiredItemCount2`, `RequiredItemCount3`, `RequiredItemCount4`, `RequiredItemCount5`, `RequiredItemCount6`, `RequiredSpell`, `RequiredSpellCast1`, `RequiredSpellCast2`, `RequiredSpellCast3`, `RequiredSpellCast4`, `ObjectiveText1`, `ObjectiveText2`, `ObjectiveText3`, `ObjectiveText4`, `RewardCurrencyId1`, `RewardCurrencyId2`, `RewardCurrencyId3`, `RewardCurrencyId4`, `RewardCurrencyCount1`, `RewardCurrencyCount2`, `RewardCurrencyCount3`, `RewardCurrencyCount4`, `RequiredCurrencyId1`, `RequiredCurrencyId2`, `RequiredCurrencyId3`, `RequiredCurrencyId4`, `RequiredCurrencyCount1`, `RequiredCurrencyCount2`, `RequiredCurrencyCount3`, `RequiredCurrencyCount4`, `QuestGiverTextWindow`, `QuestGiverTargetName`, `QuestTurnTextWindow`, `QuestTurnTargetName`, `SoundAccept`, `SoundTurnIn`, `DetailsEmote1`, `DetailsEmote2`, `DetailsEmote3`, `DetailsEmote4`, `DetailsEmoteDelay1`, `DetailsEmoteDelay2`, `DetailsEmoteDelay3`, `DetailsEmoteDelay4`, `EmoteOnIncomplete`, `EmoteOnComplete`, `OfferRewardEmote1`, `OfferRewardEmote2`, `OfferRewardEmote3`, `OfferRewardEmote4`, `OfferRewardEmoteDelay1`, `OfferRewardEmoteDelay2`, `OfferRewardEmoteDelay3`, `OfferRewardEmoteDelay4`, `WDBVerified`) VALUES('1100017','2','85','85','0','0','81','10','0','0','0','0','0','0','0','0','0','0','0','0','0','0','0','0','0','0','282000','832800','0','0','0','1','0','0','0','0','0','32832','0','0','0','0','0','0','0','0','0','0','0','0','0','0','0','0','0','0','0','0','0','0','0','0','0','0','0','0','0','0','0','0','0','0','0','0','0','0','0','0','0','0','0','0','0','0','0','0','0','0','Faucemagma','Derrota a Faucemagma','Ese gusano asqueroso lleno de lava ha quemado niestras tropas. Idea un plan y acaba con esa abominacion.  ','','Bien hecho camarada','','','41570','0','0','0','1','0','0','0','0','0','0','0','0','0','0','0','0','0','0','0','0','0','0','0','0','0','0','0','0','0','0','0','0','Faucemagma','','','','396','395','0','0','125','125','0','0','0','0','0','0','0','0','0','0',NULL,NULL,NULL,NULL,'890','878','0','0','0','0','0','0','0','0','6','5','4','0','0','0','0','0','0','0','1');
REPLACE INTO `quest_template` (`Id`, `Method`, `Level`, `MinLevel`, `MaxLevel`, `ZoneOrSort`, `Type`, `SuggestedPlayers`, `LimitTime`, `RequiredClasses`, `RequiredRaces`, `RequiredSkillId`, `RequiredSkillPoints`, `RequiredFactionId1`, `RequiredFactionId2`, `RequiredFactionValue1`, `RequiredFactionValue2`, `RequiredMinRepFaction`, `RequiredMaxRepFaction`, `RequiredMinRepValue`, `RequiredMaxRepValue`, `PrevQuestId`, `NextQuestId`, `ExclusiveGroup`, `NextQuestIdChain`, `RewardXPId`, `RewardOrRequiredMoney`, `RewardMoneyMaxLevel`, `RewardSpell`, `RewardSpellCast`, `RewardHonor`, `RewardHonorMultiplier`, `RewardMailTemplateId`, `RewardMailDelay`, `SourceItemId`, `SourceItemCount`, `SourceSpellId`, `Flags`, `SpecialFlags`, `MinimapTargetMark`, `RewardTitleId`, `RequiredPlayerKills`, `RewardTalents`, `RewardArenaPoints`, `RewardSkillId`, `RewardSkillPoints`, `RewardReputationMask`, `QuestGiverPortrait`, `QuestTurnInPortrait`, `RewardItemId1`, `RewardItemId2`, `RewardItemId3`, `RewardItemId4`, `RewardItemCount1`, `RewardItemCount2`, `RewardItemCount3`, `RewardItemCount4`, `RewardChoiceItemId1`, `RewardChoiceItemId2`, `RewardChoiceItemId3`, `RewardChoiceItemId4`, `RewardChoiceItemId5`, `RewardChoiceItemId6`, `RewardChoiceItemCount1`, `RewardChoiceItemCount2`, `RewardChoiceItemCount3`, `RewardChoiceItemCount4`, `RewardChoiceItemCount5`, `RewardChoiceItemCount6`, `RewardFactionId1`, `RewardFactionId2`, `RewardFactionId3`, `RewardFactionId4`, `RewardFactionId5`, `RewardFactionValueId1`, `RewardFactionValueId2`, `RewardFactionValueId3`, `RewardFactionValueId4`, `RewardFactionValueId5`, `RewardFactionValueIdOverride1`, `RewardFactionValueIdOverride2`, `RewardFactionValueIdOverride3`, `RewardFactionValueIdOverride4`, `RewardFactionValueIdOverride5`, `PointMapId`, `PointX`, `PointY`, `PointOption`, `Title`, `Objectives`, `Details`, `EndText`, `OfferRewardText`, `RequestItemsText`, `CompletedText`, `RequiredNpcOrGo1`, `RequiredNpcOrGo2`, `RequiredNpcOrGo3`, `RequiredNpcOrGo4`, `RequiredNpcOrGoCount1`, `RequiredNpcOrGoCount2`, `RequiredNpcOrGoCount3`, `RequiredNpcOrGoCount4`, `RequiredSourceItemId1`, `RequiredSourceItemId2`, `RequiredSourceItemId3`, `RequiredSourceItemId4`, `RequiredSourceItemCount1`, `RequiredSourceItemCount2`, `RequiredSourceItemCount3`, `RequiredSourceItemCount4`, `RequiredItemId1`, `RequiredItemId2`, `RequiredItemId3`, `RequiredItemId4`, `RequiredItemId5`, `RequiredItemId6`, `RequiredItemCount1`, `RequiredItemCount2`, `RequiredItemCount3`, `RequiredItemCount4`, `RequiredItemCount5`, `RequiredItemCount6`, `RequiredSpell`, `RequiredSpellCast1`, `RequiredSpellCast2`, `RequiredSpellCast3`, `RequiredSpellCast4`, `ObjectiveText1`, `ObjectiveText2`, `ObjectiveText3`, `ObjectiveText4`, `RewardCurrencyId1`, `RewardCurrencyId2`, `RewardCurrencyId3`, `RewardCurrencyId4`, `RewardCurrencyCount1`, `RewardCurrencyCount2`, `RewardCurrencyCount3`, `RewardCurrencyCount4`, `RequiredCurrencyId1`, `RequiredCurrencyId2`, `RequiredCurrencyId3`, `RequiredCurrencyId4`, `RequiredCurrencyCount1`, `RequiredCurrencyCount2`, `RequiredCurrencyCount3`, `RequiredCurrencyCount4`, `QuestGiverTextWindow`, `QuestGiverTargetName`, `QuestTurnTextWindow`, `QuestTurnTargetName`, `SoundAccept`, `SoundTurnIn`, `DetailsEmote1`, `DetailsEmote2`, `DetailsEmote3`, `DetailsEmote4`, `DetailsEmoteDelay1`, `DetailsEmoteDelay2`, `DetailsEmoteDelay3`, `DetailsEmoteDelay4`, `EmoteOnIncomplete`, `EmoteOnComplete`, `OfferRewardEmote1`, `OfferRewardEmote2`, `OfferRewardEmote3`, `OfferRewardEmote4`, `OfferRewardEmoteDelay1`, `OfferRewardEmoteDelay2`, `OfferRewardEmoteDelay3`, `OfferRewardEmoteDelay4`, `WDBVerified`) VALUES('1100018','2','85','85','0','0','81','10','0','0','0','0','0','0','0','0','0','0','0','0','0','0','0','0','0','0','282000','832800','0','0','0','1','0','0','0','0','0','32832','0','0','0','0','0','0','0','0','0','0','0','0','0','0','0','0','0','0','0','0','0','0','0','0','0','0','0','0','0','0','0','0','0','0','0','0','0','0','0','0','0','0','0','0','0','0','0','0','0','0','Que Ironía!!','Beth`tilac','Si ya el hecho de que existan arañas es bastante siniestro, TENIAN QUE SER DE FUEGO!!!!!?????.$B$BCuando yo digo que los creadores se burlan de nosotros. ','','Bien hecho camarada','','','52498','0','0','0','1','0','0','0','0','0','0','0','0','0','0','0','0','0','0','0','0','0','0','0','0','0','0','0','0','0','0','0','0','Beth`tilac','','','','396','395','0','0','125','125','0','0','0','0','0','0','0','0','0','0',NULL,NULL,NULL,NULL,'890','878','0','0','0','0','0','0','0','0','6','5','4','0','0','0','0','0','0','0','1');
REPLACE INTO `quest_template` (`Id`, `Method`, `Level`, `MinLevel`, `MaxLevel`, `ZoneOrSort`, `Type`, `SuggestedPlayers`, `LimitTime`, `RequiredClasses`, `RequiredRaces`, `RequiredSkillId`, `RequiredSkillPoints`, `RequiredFactionId1`, `RequiredFactionId2`, `RequiredFactionValue1`, `RequiredFactionValue2`, `RequiredMinRepFaction`, `RequiredMaxRepFaction`, `RequiredMinRepValue`, `RequiredMaxRepValue`, `PrevQuestId`, `NextQuestId`, `ExclusiveGroup`, `NextQuestIdChain`, `RewardXPId`, `RewardOrRequiredMoney`, `RewardMoneyMaxLevel`, `RewardSpell`, `RewardSpellCast`, `RewardHonor`, `RewardHonorMultiplier`, `RewardMailTemplateId`, `RewardMailDelay`, `SourceItemId`, `SourceItemCount`, `SourceSpellId`, `Flags`, `SpecialFlags`, `MinimapTargetMark`, `RewardTitleId`, `RequiredPlayerKills`, `RewardTalents`, `RewardArenaPoints`, `RewardSkillId`, `RewardSkillPoints`, `RewardReputationMask`, `QuestGiverPortrait`, `QuestTurnInPortrait`, `RewardItemId1`, `RewardItemId2`, `RewardItemId3`, `RewardItemId4`, `RewardItemCount1`, `RewardItemCount2`, `RewardItemCount3`, `RewardItemCount4`, `RewardChoiceItemId1`, `RewardChoiceItemId2`, `RewardChoiceItemId3`, `RewardChoiceItemId4`, `RewardChoiceItemId5`, `RewardChoiceItemId6`, `RewardChoiceItemCount1`, `RewardChoiceItemCount2`, `RewardChoiceItemCount3`, `RewardChoiceItemCount4`, `RewardChoiceItemCount5`, `RewardChoiceItemCount6`, `RewardFactionId1`, `RewardFactionId2`, `RewardFactionId3`, `RewardFactionId4`, `RewardFactionId5`, `RewardFactionValueId1`, `RewardFactionValueId2`, `RewardFactionValueId3`, `RewardFactionValueId4`, `RewardFactionValueId5`, `RewardFactionValueIdOverride1`, `RewardFactionValueIdOverride2`, `RewardFactionValueIdOverride3`, `RewardFactionValueIdOverride4`, `RewardFactionValueIdOverride5`, `PointMapId`, `PointX`, `PointY`, `PointOption`, `Title`, `Objectives`, `Details`, `EndText`, `OfferRewardText`, `RequestItemsText`, `CompletedText`, `RequiredNpcOrGo1`, `RequiredNpcOrGo2`, `RequiredNpcOrGo3`, `RequiredNpcOrGo4`, `RequiredNpcOrGoCount1`, `RequiredNpcOrGoCount2`, `RequiredNpcOrGoCount3`, `RequiredNpcOrGoCount4`, `RequiredSourceItemId1`, `RequiredSourceItemId2`, `RequiredSourceItemId3`, `RequiredSourceItemId4`, `RequiredSourceItemCount1`, `RequiredSourceItemCount2`, `RequiredSourceItemCount3`, `RequiredSourceItemCount4`, `RequiredItemId1`, `RequiredItemId2`, `RequiredItemId3`, `RequiredItemId4`, `RequiredItemId5`, `RequiredItemId6`, `RequiredItemCount1`, `RequiredItemCount2`, `RequiredItemCount3`, `RequiredItemCount4`, `RequiredItemCount5`, `RequiredItemCount6`, `RequiredSpell`, `RequiredSpellCast1`, `RequiredSpellCast2`, `RequiredSpellCast3`, `RequiredSpellCast4`, `ObjectiveText1`, `ObjectiveText2`, `ObjectiveText3`, `ObjectiveText4`, `RewardCurrencyId1`, `RewardCurrencyId2`, `RewardCurrencyId3`, `RewardCurrencyId4`, `RewardCurrencyCount1`, `RewardCurrencyCount2`, `RewardCurrencyCount3`, `RewardCurrencyCount4`, `RequiredCurrencyId1`, `RequiredCurrencyId2`, `RequiredCurrencyId3`, `RequiredCurrencyId4`, `RequiredCurrencyCount1`, `RequiredCurrencyCount2`, `RequiredCurrencyCount3`, `RequiredCurrencyCount4`, `QuestGiverTextWindow`, `QuestGiverTargetName`, `QuestTurnTextWindow`, `QuestTurnTargetName`, `SoundAccept`, `SoundTurnIn`, `DetailsEmote1`, `DetailsEmote2`, `DetailsEmote3`, `DetailsEmote4`, `DetailsEmoteDelay1`, `DetailsEmoteDelay2`, `DetailsEmoteDelay3`, `DetailsEmoteDelay4`, `EmoteOnIncomplete`, `EmoteOnComplete`, `OfferRewardEmote1`, `OfferRewardEmote2`, `OfferRewardEmote3`, `OfferRewardEmote4`, `OfferRewardEmoteDelay1`, `OfferRewardEmoteDelay2`, `OfferRewardEmoteDelay3`, `OfferRewardEmoteDelay4`, `WDBVerified`) VALUES('1100019','2','85','85','0','0','81','10','0','0','0','0','0','0','0','0','0','0','0','0','0','0','0','0','0','0','282000','832800','0','0','0','1','0','0','0','0','0','32832','0','0','0','0','0','0','0','0','0','0','0','0','0','0','0','0','0','0','0','0','0','0','0','0','0','0','0','0','0','0','0','0','0','0','0','0','0','0','0','0','0','0','0','0','0','0','0','0','0','0','El GIgante','Acaba con Lord Piroclasto','Este gigante torpe de las tierras de fuego no hace mas que pisotar a mis soldados. ','','Bien hecho camarada','','','52558','0','0','0','1','0','0','0','0','0','0','0','0','0','0','0','0','0','0','0','0','0','0','0','0','0','0','0','0','0','0','0','0','Lord Piroclasto derrotado','','','','396','395','0','0','125','125','0','0','0','0','0','0','0','0','0','0',NULL,NULL,NULL,NULL,'890','878','0','0','0','0','0','0','0','0','6','5','4','0','0','0','0','0','0','0','1');
REPLACE INTO `quest_template` (`Id`, `Method`, `Level`, `MinLevel`, `MaxLevel`, `ZoneOrSort`, `Type`, `SuggestedPlayers`, `LimitTime`, `RequiredClasses`, `RequiredRaces`, `RequiredSkillId`, `RequiredSkillPoints`, `RequiredFactionId1`, `RequiredFactionId2`, `RequiredFactionValue1`, `RequiredFactionValue2`, `RequiredMinRepFaction`, `RequiredMaxRepFaction`, `RequiredMinRepValue`, `RequiredMaxRepValue`, `PrevQuestId`, `NextQuestId`, `ExclusiveGroup`, `NextQuestIdChain`, `RewardXPId`, `RewardOrRequiredMoney`, `RewardMoneyMaxLevel`, `RewardSpell`, `RewardSpellCast`, `RewardHonor`, `RewardHonorMultiplier`, `RewardMailTemplateId`, `RewardMailDelay`, `SourceItemId`, `SourceItemCount`, `SourceSpellId`, `Flags`, `SpecialFlags`, `MinimapTargetMark`, `RewardTitleId`, `RequiredPlayerKills`, `RewardTalents`, `RewardArenaPoints`, `RewardSkillId`, `RewardSkillPoints`, `RewardReputationMask`, `QuestGiverPortrait`, `QuestTurnInPortrait`, `RewardItemId1`, `RewardItemId2`, `RewardItemId3`, `RewardItemId4`, `RewardItemCount1`, `RewardItemCount2`, `RewardItemCount3`, `RewardItemCount4`, `RewardChoiceItemId1`, `RewardChoiceItemId2`, `RewardChoiceItemId3`, `RewardChoiceItemId4`, `RewardChoiceItemId5`, `RewardChoiceItemId6`, `RewardChoiceItemCount1`, `RewardChoiceItemCount2`, `RewardChoiceItemCount3`, `RewardChoiceItemCount4`, `RewardChoiceItemCount5`, `RewardChoiceItemCount6`, `RewardFactionId1`, `RewardFactionId2`, `RewardFactionId3`, `RewardFactionId4`, `RewardFactionId5`, `RewardFactionValueId1`, `RewardFactionValueId2`, `RewardFactionValueId3`, `RewardFactionValueId4`, `RewardFactionValueId5`, `RewardFactionValueIdOverride1`, `RewardFactionValueIdOverride2`, `RewardFactionValueIdOverride3`, `RewardFactionValueIdOverride4`, `RewardFactionValueIdOverride5`, `PointMapId`, `PointX`, `PointY`, `PointOption`, `Title`, `Objectives`, `Details`, `EndText`, `OfferRewardText`, `RequestItemsText`, `CompletedText`, `RequiredNpcOrGo1`, `RequiredNpcOrGo2`, `RequiredNpcOrGo3`, `RequiredNpcOrGo4`, `RequiredNpcOrGoCount1`, `RequiredNpcOrGoCount2`, `RequiredNpcOrGoCount3`, `RequiredNpcOrGoCount4`, `RequiredSourceItemId1`, `RequiredSourceItemId2`, `RequiredSourceItemId3`, `RequiredSourceItemId4`, `RequiredSourceItemCount1`, `RequiredSourceItemCount2`, `RequiredSourceItemCount3`, `RequiredSourceItemCount4`, `RequiredItemId1`, `RequiredItemId2`, `RequiredItemId3`, `RequiredItemId4`, `RequiredItemId5`, `RequiredItemId6`, `RequiredItemCount1`, `RequiredItemCount2`, `RequiredItemCount3`, `RequiredItemCount4`, `RequiredItemCount5`, `RequiredItemCount6`, `RequiredSpell`, `RequiredSpellCast1`, `RequiredSpellCast2`, `RequiredSpellCast3`, `RequiredSpellCast4`, `ObjectiveText1`, `ObjectiveText2`, `ObjectiveText3`, `ObjectiveText4`, `RewardCurrencyId1`, `RewardCurrencyId2`, `RewardCurrencyId3`, `RewardCurrencyId4`, `RewardCurrencyCount1`, `RewardCurrencyCount2`, `RewardCurrencyCount3`, `RewardCurrencyCount4`, `RequiredCurrencyId1`, `RequiredCurrencyId2`, `RequiredCurrencyId3`, `RequiredCurrencyId4`, `RequiredCurrencyCount1`, `RequiredCurrencyCount2`, `RequiredCurrencyCount3`, `RequiredCurrencyCount4`, `QuestGiverTextWindow`, `QuestGiverTargetName`, `QuestTurnTextWindow`, `QuestTurnTargetName`, `SoundAccept`, `SoundTurnIn`, `DetailsEmote1`, `DetailsEmote2`, `DetailsEmote3`, `DetailsEmote4`, `DetailsEmoteDelay1`, `DetailsEmoteDelay2`, `DetailsEmoteDelay3`, `DetailsEmoteDelay4`, `EmoteOnIncomplete`, `EmoteOnComplete`, `OfferRewardEmote1`, `OfferRewardEmote2`, `OfferRewardEmote3`, `OfferRewardEmote4`, `OfferRewardEmoteDelay1`, `OfferRewardEmoteDelay2`, `OfferRewardEmoteDelay3`, `OfferRewardEmoteDelay4`, `WDBVerified`) VALUES('1100020','2','85','85','0','0','81','10','0','0','0','0','0','0','0','0','0','0','0','0','0','0','0','0','0','0','282000','832800','0','0','0','1','0','0','0','0','0','32832','0','0','0','0','0','0','0','0','0','0','0','0','0','0','0','0','0','0','0','0','0','0','0','0','0','0','0','0','0','0','0','0','0','0','0','0','0','0','0','0','0','0','0','0','0','0','0','0','0','0','Cazador cazado','Derrota a Shannox','Has que Shannox salga de su escondite acabando con las bestias en las tierras de fuego, el cazador no pdora resistirse y saldra en tu busqueda, entonces acabalo. ','Derrota al Conclave','Bien hecho camarada','','','53691','0','0','0','1','0','0','0','0','0','0','0','0','0','0','0','0','0','0','0','0','0','0','0','0','0','0','0','0','0','0','0','0','Shannox asesinado','','','','396','395','0','0','125','125','0','0','0','0','0','0','0','0','0','0',NULL,NULL,NULL,NULL,'890','878','0','0','0','0','0','0','0','0','6','5','4','0','0','0','0','0','0','0','1');
INSERT INTO `pool_template`(`entry`,`max_limit`,`description`) VALUES (1500001, 1, 'Semanales de Banda');
INSERT INTO `pool_quest`(`entry`,`pool_entry`,`description`) VALUES (1100015, 1500001, 'Semanal Banda');
INSERT INTO `pool_quest`(`entry`,`pool_entry`,`description`) VALUES (1100016, 1500001, 'Semanal Banda');
INSERT INTO `pool_quest`(`entry`,`pool_entry`,`description`) VALUES (1100017, 1500001, 'Semanal Banda');
INSERT INTO `pool_quest`(`entry`,`pool_entry`,`description`) VALUES (1100018, 1500001, 'Semanal Banda');
INSERT INTO `pool_quest`(`entry`,`pool_entry`,`description`) VALUES (1100019, 1500001, 'Semanal Banda');
INSERT INTO `pool_quest`(`entry`,`pool_entry`,`description`) VALUES (1100020, 1500001, 'Semanal Banda');
INSERT INTO `pool_quest`(`entry`,`pool_entry`,`description`) VALUES (987654, 1500001, 'Semanal Banda');
INSERT INTO `pool_quest`(`entry`,`pool_entry`,`description`) VALUES (987655, 1500001, 'Semanal Banda');
